{"type": "FeatureCollection", "features": [{"type": "Feature", "geometry": {"type": "Point", "coordinates": [86.30361971239377, 23.702722507956665]}, "properties": {"city": "dhanbad", "lst_c": 43.39}}, {"type": "Feature", "geometry": {"type": "Point", "coordinates": [86.30766213117231, 23.702722507956665]}, "properties": {"city": "dhanbad", "lst_c": 41.45}}, {"type": "Feature", "geometry": {"type": "Point", "coordinates": [86.31170454995083, 23.702722507956665]}, "properties": {"city": "dhanbad", "lst_c": 40.81}}, {"type": "Feature", "geometry": {"type": "Point", "coordinates": [86.31574696872937, 23.702722507956665]}, "properties": {"city": "dhanbad", "lst_c": 38.7}}, {"type": "Feature", "geometry": {"type": "Point", "coordinates": [86.31978938750791, 23.702722507956665]}, "properties": {"city": "dhanbad", "lst_c": 40.01}}, {"type": "Feature", "geometry": {"type": "Point", "coordinates": [86.32383180628645, 23.702722507956665]}, "properties": {"city": "dhanbad", "lst_c": 41.29}}, {"type": "Feature", "geometry": {"type": "Point", "coordinates": [86.32787422506499, 23.702722507956665]}, "properties": {"city": "dhanbad", "lst_c": 42.97}}, {"type": "Feature", "geometry": {"type": "Point", "coordinates": [86.33191664384353, 23.702722507956665]}, "properties": {"city": "dhanbad", "lst_c": 42.29}}, {"type": "Feature", "geometry": {"type": "Point", "coordinates": [86.33595906262207, 23.702722507956665]}, "properties": {"city": "dhanbad", "lst_c": 41.72}}, {"type": "Feature", "geometry": {"type": "Point", "coordinates": [86.3400014814006, 23.702722507956665]}, "properties": {"city": "dhanbad", "lst_c": 41.71}}, {"type": "Feature", "geometry": {"type": "Point", "coordinates": [86.34404390017914, 23.702722507956665]}, "properties": {"city": "dhanbad", "lst_c": 41.84}}, {"type": "Feature", "geometry": {"type": "Point", "coordinates": [86.34808631895768, 23.702722507956665]}, "properties": {"city": "dhanbad", "lst_c": 41.0}}, {"type": "Feature", "geometry": {"type": "Point", "coordinates": [86.35212873773622, 23.702722507956665]}, "properties": {"city": "dhanbad", "lst_c": 39.62}}, {"type": "Feature", "geometry": {"type": "Point", "coordinates": [86.35617115651476, 23.702722507956665]}, "properties": {"city": "dhanbad", "lst_c": 41.76}}, {"type": "Feature", "geometry": {"type": "Point", "coordinates": [86.36021357529329, 23.702722507956665]}, "properties": {"city": "dhanbad", "lst_c": 39.98}}, {"type": "Feature", "geometry": {"type": "Point", "coordinates": [86.36425599407183, 23.702722507956665]}, "properties": {"city": "dhanbad", "lst_c": 40.92}}, {"type": "Feature", "geometry": {"type": "Point", "coordinates": [86.36829841285036, 23.702722507956665]}, "properties": {"city": "dhanbad", "lst_c": 39.65}}, {"type": "Feature", "geometry": {"type": "Point", "coordinates": [86.3723408316289, 23.702722507956665]}, "properties": {"city": "dhanbad", "lst_c": 38.27}}, {"type": "Feature", "geometry": {"type": "Point", "coordinates": [86.37638325040744, 23.702722507956665]}, "properties": {"city": "dhanbad", "lst_c": 40.89}}, {"type": "Feature", "geometry": {"type": "Point", "coordinates": [86.38042566918598, 23.702722507956665]}, "properties": {"city": "dhanbad", "lst_c": 39.77}}, {"type": "Feature", "geometry": {"type": "Point", "coordinates": [86.38446808796452, 23.702722507956665]}, "properties": {"city": "dhanbad", "lst_c": 38.03}}, {"type": "Feature", "geometry": {"type": "Point", "coordinates": [86.38851050674306, 23.702722507956665]}, "properties": {"city": "dhanbad", "lst_c": 39.37}}, {"type": "Feature", "geometry": {"type": "Point", "coordinates": [86.3925529255216, 23.702722507956665]}, "properties": {"city": "dhanbad", "lst_c": 41.52}}, {"type": "Feature", "geometry": {"type": "Point", "coordinates": [86.39659534430014, 23.702722507956665]}, "properties": {"city": "dhanbad", "lst_c": 40.06}}, {"type": "Feature", "geometry": {"type": "Point", "coordinates": [86.40063776307868, 23.702722507956665]}, "properties": {"city": "dhanbad", "lst_c": 41.22}}, {"type": "Feature", "geometry": {"type": "Point", "coordinates": [86.4046801818572, 23.702722507956665]}, "properties": {"city": "dhanbad", "lst_c": 42.76}}, {"type": "Feature", "geometry": {"type": "Point", "coordinates": [86.40872260063574, 23.702722507956665]}, "properties": {"city": "dhanbad", "lst_c": 39.33}}, {"type": "Feature", "geometry": {"type": "Point", "coordinates": [86.41276501941428, 23.702722507956665]}, "properties": {"city": "dhanbad", "lst_c": 40.32}}, {"type": "Feature", "geometry": {"type": "Point", "coordinates": [86.41680743819282, 23.702722507956665]}, "properties": {"city": "dhanbad", "lst_c": 40.73}}, {"type": "Feature", "geometry": {"type": "Point", "coordinates": [86.42084985697136, 23.702722507956665]}, "properties": {"city": "dhanbad", "lst_c": 41.36}}, {"type": "Feature", "geometry": {"type": "Point", "coordinates": [86.4248922757499, 23.702722507956665]}, "properties": {"city": "dhanbad", "lst_c": 43.49}}, {"type": "Feature", "geometry": {"type": "Point", "coordinates": [86.42893469452844, 23.702722507956665]}, "properties": {"city": "dhanbad", "lst_c": 46.77}}, {"type": "Feature", "geometry": {"type": "Point", "coordinates": [86.43297711330698, 23.702722507956665]}, "properties": {"city": "dhanbad", "lst_c": 44.13}}, {"type": "Feature", "geometry": {"type": "Point", "coordinates": [86.43701953208551, 23.702722507956665]}, "properties": {"city": "dhanbad", "lst_c": 42.44}}, {"type": "Feature", "geometry": {"type": "Point", "coordinates": [86.44106195086405, 23.702722507956665]}, "properties": {"city": "dhanbad", "lst_c": 40.84}}, {"type": "Feature", "geometry": {"type": "Point", "coordinates": [86.44510436964259, 23.702722507956665]}, "properties": {"city": "dhanbad", "lst_c": 41.99}}, {"type": "Feature", "geometry": {"type": "Point", "coordinates": [86.44914678842113, 23.702722507956665]}, "properties": {"city": "dhanbad", "lst_c": 40.94}}, {"type": "Feature", "geometry": {"type": "Point", "coordinates": [86.45318920719966, 23.702722507956665]}, "properties": {"city": "dhanbad", "lst_c": 42.56}}, {"type": "Feature", "geometry": {"type": "Point", "coordinates": [86.4572316259782, 23.702722507956665]}, "properties": {"city": "dhanbad", "lst_c": 42.71}}, {"type": "Feature", "geometry": {"type": "Point", "coordinates": [86.46127404475673, 23.702722507956665]}, "properties": {"city": "dhanbad", "lst_c": 41.14}}, {"type": "Feature", "geometry": {"type": "Point", "coordinates": [86.46531646353527, 23.702722507956665]}, "properties": {"city": "dhanbad", "lst_c": 41.78}}, {"type": "Feature", "geometry": {"type": "Point", "coordinates": [86.46935888231381, 23.702722507956665]}, "properties": {"city": "dhanbad", "lst_c": 41.77}}, {"type": "Feature", "geometry": {"type": "Point", "coordinates": [86.47340130109235, 23.702722507956665]}, "properties": {"city": "dhanbad", "lst_c": 43.64}}, {"type": "Feature", "geometry": {"type": "Point", "coordinates": [86.47744371987089, 23.702722507956665]}, "properties": {"city": "dhanbad", "lst_c": 40.35}}, {"type": "Feature", "geometry": {"type": "Point", "coordinates": [86.48148613864943, 23.702722507956665]}, "properties": {"city": "dhanbad", "lst_c": 41.71}}, {"type": "Feature", "geometry": {"type": "Point", "coordinates": [86.48552855742797, 23.702722507956665]}, "properties": {"city": "dhanbad", "lst_c": 41.64}}, {"type": "Feature", "geometry": {"type": "Point", "coordinates": [86.48957097620651, 23.702722507956665]}, "properties": {"city": "dhanbad", "lst_c": 42.8}}, {"type": "Feature", "geometry": {"type": "Point", "coordinates": [86.49361339498505, 23.702722507956665]}, "properties": {"city": "dhanbad", "lst_c": 43.11}}, {"type": "Feature", "geometry": {"type": "Point", "coordinates": [86.49765581376359, 23.702722507956665]}, "properties": {"city": "dhanbad", "lst_c": 42.54}}, {"type": "Feature", "geometry": {"type": "Point", "coordinates": [86.50169823254211, 23.702722507956665]}, "properties": {"city": "dhanbad", "lst_c": 42.9}}, {"type": "Feature", "geometry": {"type": "Point", "coordinates": [86.50574065132065, 23.702722507956665]}, "properties": {"city": "dhanbad", "lst_c": 43.92}}, {"type": "Feature", "geometry": {"type": "Point", "coordinates": [86.50978307009919, 23.702722507956665]}, "properties": {"city": "dhanbad", "lst_c": 42.76}}, {"type": "Feature", "geometry": {"type": "Point", "coordinates": [86.51382548887773, 23.702722507956665]}, "properties": {"city": "dhanbad", "lst_c": 42.01}}, {"type": "Feature", "geometry": {"type": "Point", "coordinates": [86.51786790765627, 23.702722507956665]}, "properties": {"city": "dhanbad", "lst_c": 41.62}}, {"type": "Feature", "geometry": {"type": "Point", "coordinates": [86.5219103264348, 23.702722507956665]}, "properties": {"city": "dhanbad", "lst_c": 41.16}}, {"type": "Feature", "geometry": {"type": "Point", "coordinates": [86.52595274521335, 23.702722507956665]}, "properties": {"city": "dhanbad", "lst_c": 41.64}}, {"type": "Feature", "geometry": {"type": "Point", "coordinates": [86.52999516399188, 23.702722507956665]}, "properties": {"city": "dhanbad", "lst_c": 43.93}}, {"type": "Feature", "geometry": {"type": "Point", "coordinates": [86.53403758277042, 23.702722507956665]}, "properties": {"city": "dhanbad", "lst_c": 42.62}}, {"type": "Feature", "geometry": {"type": "Point", "coordinates": [86.53808000154896, 23.702722507956665]}, "properties": {"city": "dhanbad", "lst_c": 41.69}}, {"type": "Feature", "geometry": {"type": "Point", "coordinates": [86.5421224203275, 23.702722507956665]}, "properties": {"city": "dhanbad", "lst_c": 40.48}}, {"type": "Feature", "geometry": {"type": "Point", "coordinates": [86.54616483910603, 23.702722507956665]}, "properties": {"city": "dhanbad", "lst_c": 41.85}}, {"type": "Feature", "geometry": {"type": "Point", "coordinates": [86.30361971239377, 23.706764926735204]}, "properties": {"city": "dhanbad", "lst_c": 44.99}}, {"type": "Feature", "geometry": {"type": "Point", "coordinates": [86.30766213117231, 23.706764926735204]}, "properties": {"city": "dhanbad", "lst_c": 44.24}}, {"type": "Feature", "geometry": {"type": "Point", "coordinates": [86.31170454995083, 23.706764926735204]}, "properties": {"city": "dhanbad", "lst_c": 42.44}}, {"type": "Feature", "geometry": {"type": "Point", "coordinates": [86.31574696872937, 23.706764926735204]}, "properties": {"city": "dhanbad", "lst_c": 42.02}}, {"type": "Feature", "geometry": {"type": "Point", "coordinates": [86.31978938750791, 23.706764926735204]}, "properties": {"city": "dhanbad", "lst_c": 40.51}}, {"type": "Feature", "geometry": {"type": "Point", "coordinates": [86.32383180628645, 23.706764926735204]}, "properties": {"city": "dhanbad", "lst_c": 41.01}}, {"type": "Feature", "geometry": {"type": "Point", "coordinates": [86.32787422506499, 23.706764926735204]}, "properties": {"city": "dhanbad", "lst_c": 39.01}}, {"type": "Feature", "geometry": {"type": "Point", "coordinates": [86.33191664384353, 23.706764926735204]}, "properties": {"city": "dhanbad", "lst_c": 41.03}}, {"type": "Feature", "geometry": {"type": "Point", "coordinates": [86.33595906262207, 23.706764926735204]}, "properties": {"city": "dhanbad", "lst_c": 42.31}}, {"type": "Feature", "geometry": {"type": "Point", "coordinates": [86.3400014814006, 23.706764926735204]}, "properties": {"city": "dhanbad", "lst_c": 40.02}}, {"type": "Feature", "geometry": {"type": "Point", "coordinates": [86.34404390017914, 23.706764926735204]}, "properties": {"city": "dhanbad", "lst_c": 41.65}}, {"type": "Feature", "geometry": {"type": "Point", "coordinates": [86.34808631895768, 23.706764926735204]}, "properties": {"city": "dhanbad", "lst_c": 41.83}}, {"type": "Feature", "geometry": {"type": "Point", "coordinates": [86.35212873773622, 23.706764926735204]}, "properties": {"city": "dhanbad", "lst_c": 42.51}}, {"type": "Feature", "geometry": {"type": "Point", "coordinates": [86.35617115651476, 23.706764926735204]}, "properties": {"city": "dhanbad", "lst_c": 43.54}}, {"type": "Feature", "geometry": {"type": "Point", "coordinates": [86.36021357529329, 23.706764926735204]}, "properties": {"city": "dhanbad", "lst_c": 42.64}}, {"type": "Feature", "geometry": {"type": "Point", "coordinates": [86.36425599407183, 23.706764926735204]}, "properties": {"city": "dhanbad", "lst_c": 42.07}}, {"type": "Feature", "geometry": {"type": "Point", "coordinates": [86.36829841285036, 23.706764926735204]}, "properties": {"city": "dhanbad", "lst_c": 40.14}}, {"type": "Feature", "geometry": {"type": "Point", "coordinates": [86.3723408316289, 23.706764926735204]}, "properties": {"city": "dhanbad", "lst_c": 41.06}}, {"type": "Feature", "geometry": {"type": "Point", "coordinates": [86.37638325040744, 23.706764926735204]}, "properties": {"city": "dhanbad", "lst_c": 37.54}}, {"type": "Feature", "geometry": {"type": "Point", "coordinates": [86.38042566918598, 23.706764926735204]}, "properties": {"city": "dhanbad", "lst_c": 36.95}}, {"type": "Feature", "geometry": {"type": "Point", "coordinates": [86.38446808796452, 23.706764926735204]}, "properties": {"city": "dhanbad", "lst_c": 37.63}}, {"type": "Feature", "geometry": {"type": "Point", "coordinates": [86.38851050674306, 23.706764926735204]}, "properties": {"city": "dhanbad", "lst_c": 39.36}}, {"type": "Feature", "geometry": {"type": "Point", "coordinates": [86.3925529255216, 23.706764926735204]}, "properties": {"city": "dhanbad", "lst_c": 39.39}}, {"type": "Feature", "geometry": {"type": "Point", "coordinates": [86.39659534430014, 23.706764926735204]}, "properties": {"city": "dhanbad", "lst_c": 39.17}}, {"type": "Feature", "geometry": {"type": "Point", "coordinates": [86.40063776307868, 23.706764926735204]}, "properties": {"city": "dhanbad", "lst_c": 39.95}}, {"type": "Feature", "geometry": {"type": "Point", "coordinates": [86.4046801818572, 23.706764926735204]}, "properties": {"city": "dhanbad", "lst_c": 38.74}}, {"type": "Feature", "geometry": {"type": "Point", "coordinates": [86.40872260063574, 23.706764926735204]}, "properties": {"city": "dhanbad", "lst_c": 39.75}}, {"type": "Feature", "geometry": {"type": "Point", "coordinates": [86.41276501941428, 23.706764926735204]}, "properties": {"city": "dhanbad", "lst_c": 41.22}}, {"type": "Feature", "geometry": {"type": "Point", "coordinates": [86.41680743819282, 23.706764926735204]}, "properties": {"city": "dhanbad", "lst_c": 40.3}}, {"type": "Feature", "geometry": {"type": "Point", "coordinates": [86.42084985697136, 23.706764926735204]}, "properties": {"city": "dhanbad", "lst_c": 40.65}}, {"type": "Feature", "geometry": {"type": "Point", "coordinates": [86.4248922757499, 23.706764926735204]}, "properties": {"city": "dhanbad", "lst_c": 44.71}}, {"type": "Feature", "geometry": {"type": "Point", "coordinates": [86.42893469452844, 23.706764926735204]}, "properties": {"city": "dhanbad", "lst_c": 45.34}}, {"type": "Feature", "geometry": {"type": "Point", "coordinates": [86.43297711330698, 23.706764926735204]}, "properties": {"city": "dhanbad", "lst_c": 43.1}}, {"type": "Feature", "geometry": {"type": "Point", "coordinates": [86.43701953208551, 23.706764926735204]}, "properties": {"city": "dhanbad", "lst_c": 41.53}}, {"type": "Feature", "geometry": {"type": "Point", "coordinates": [86.44106195086405, 23.706764926735204]}, "properties": {"city": "dhanbad", "lst_c": 42.1}}, {"type": "Feature", "geometry": {"type": "Point", "coordinates": [86.44510436964259, 23.706764926735204]}, "properties": {"city": "dhanbad", "lst_c": 42.39}}, {"type": "Feature", "geometry": {"type": "Point", "coordinates": [86.44914678842113, 23.706764926735204]}, "properties": {"city": "dhanbad", "lst_c": 43.42}}, {"type": "Feature", "geometry": {"type": "Point", "coordinates": [86.45318920719966, 23.706764926735204]}, "properties": {"city": "dhanbad", "lst_c": 41.85}}, {"type": "Feature", "geometry": {"type": "Point", "coordinates": [86.4572316259782, 23.706764926735204]}, "properties": {"city": "dhanbad", "lst_c": 43.96}}, {"type": "Feature", "geometry": {"type": "Point", "coordinates": [86.46127404475673, 23.706764926735204]}, "properties": {"city": "dhanbad", "lst_c": 42.5}}, {"type": "Feature", "geometry": {"type": "Point", "coordinates": [86.46531646353527, 23.706764926735204]}, "properties": {"city": "dhanbad", "lst_c": 42.45}}, {"type": "Feature", "geometry": {"type": "Point", "coordinates": [86.46935888231381, 23.706764926735204]}, "properties": {"city": "dhanbad", "lst_c": 45.01}}, {"type": "Feature", "geometry": {"type": "Point", "coordinates": [86.47340130109235, 23.706764926735204]}, "properties": {"city": "dhanbad", "lst_c": 43.56}}, {"type": "Feature", "geometry": {"type": "Point", "coordinates": [86.47744371987089, 23.706764926735204]}, "properties": {"city": "dhanbad", "lst_c": 42.58}}, {"type": "Feature", "geometry": {"type": "Point", "coordinates": [86.48148613864943, 23.706764926735204]}, "properties": {"city": "dhanbad", "lst_c": 41.57}}, {"type": "Feature", "geometry": {"type": "Point", "coordinates": [86.48552855742797, 23.706764926735204]}, "properties": {"city": "dhanbad", "lst_c": 42.37}}, {"type": "Feature", "geometry": {"type": "Point", "coordinates": [86.48957097620651, 23.706764926735204]}, "properties": {"city": "dhanbad", "lst_c": 42.48}}, {"type": "Feature", "geometry": {"type": "Point", "coordinates": [86.49361339498505, 23.706764926735204]}, "properties": {"city": "dhanbad", "lst_c": 42.27}}, {"type": "Feature", "geometry": {"type": "Point", "coordinates": [86.49765581376359, 23.706764926735204]}, "properties": {"city": "dhanbad", "lst_c": 42.25}}, {"type": "Feature", "geometry": {"type": "Point", "coordinates": [86.50169823254211, 23.706764926735204]}, "properties": {"city": "dhanbad", "lst_c": 42.28}}, {"type": "Feature", "geometry": {"type": "Point", "coordinates": [86.50574065132065, 23.706764926735204]}, "properties": {"city": "dhanbad", "lst_c": 43.88}}, {"type": "Feature", "geometry": {"type": "Point", "coordinates": [86.50978307009919, 23.706764926735204]}, "properties": {"city": "dhanbad", "lst_c": 41.47}}, {"type": "Feature", "geometry": {"type": "Point", "coordinates": [86.51382548887773, 23.706764926735204]}, "properties": {"city": "dhanbad", "lst_c": 42.12}}, {"type": "Feature", "geometry": {"type": "Point", "coordinates": [86.51786790765627, 23.706764926735204]}, "properties": {"city": "dhanbad", "lst_c": 42.72}}, {"type": "Feature", "geometry": {"type": "Point", "coordinates": [86.5219103264348, 23.706764926735204]}, "properties": {"city": "dhanbad", "lst_c": 42.5}}, {"type": "Feature", "geometry": {"type": "Point", "coordinates": [86.52595274521335, 23.706764926735204]}, "properties": {"city": "dhanbad", "lst_c": 41.61}}, {"type": "Feature", "geometry": {"type": "Point", "coordinates": [86.52999516399188, 23.706764926735204]}, "properties": {"city": "dhanbad", "lst_c": 41.72}}, {"type": "Feature", "geometry": {"type": "Point", "coordinates": [86.53403758277042, 23.706764926735204]}, "properties": {"city": "dhanbad", "lst_c": 43.27}}, {"type": "Feature", "geometry": {"type": "Point", "coordinates": [86.53808000154896, 23.706764926735204]}, "properties": {"city": "dhanbad", "lst_c": 42.98}}, {"type": "Feature", "geometry": {"type": "Point", "coordinates": [86.5421224203275, 23.706764926735204]}, "properties": {"city": "dhanbad", "lst_c": 43.39}}, {"type": "Feature", "geometry": {"type": "Point", "coordinates": [86.54616483910603, 23.706764926735204]}, "properties": {"city": "dhanbad", "lst_c": 42.84}}, {"type": "Feature", "geometry": {"type": "Point", "coordinates": [86.30361971239377, 23.71080734551374]}, "properties": {"city": "dhanbad", "lst_c": 43.88}}, {"type": "Feature", "geometry": {"type": "Point", "coordinates": [86.30766213117231, 23.71080734551374]}, "properties": {"city": "dhanbad", "lst_c": 43.69}}, {"type": "Feature", "geometry": {"type": "Point", "coordinates": [86.31170454995083, 23.71080734551374]}, "properties": {"city": "dhanbad", "lst_c": 42.35}}, {"type": "Feature", "geometry": {"type": "Point", "coordinates": [86.31574696872937, 23.71080734551374]}, "properties": {"city": "dhanbad", "lst_c": 41.95}}, {"type": "Feature", "geometry": {"type": "Point", "coordinates": [86.31978938750791, 23.71080734551374]}, "properties": {"city": "dhanbad", "lst_c": 41.8}}, {"type": "Feature", "geometry": {"type": "Point", "coordinates": [86.32383180628645, 23.71080734551374]}, "properties": {"city": "dhanbad", "lst_c": 39.77}}, {"type": "Feature", "geometry": {"type": "Point", "coordinates": [86.32787422506499, 23.71080734551374]}, "properties": {"city": "dhanbad", "lst_c": 38.71}}, {"type": "Feature", "geometry": {"type": "Point", "coordinates": [86.33191664384353, 23.71080734551374]}, "properties": {"city": "dhanbad", "lst_c": 41.23}}, {"type": "Feature", "geometry": {"type": "Point", "coordinates": [86.33595906262207, 23.71080734551374]}, "properties": {"city": "dhanbad", "lst_c": 43.25}}, {"type": "Feature", "geometry": {"type": "Point", "coordinates": [86.3400014814006, 23.71080734551374]}, "properties": {"city": "dhanbad", "lst_c": 41.89}}, {"type": "Feature", "geometry": {"type": "Point", "coordinates": [86.34404390017914, 23.71080734551374]}, "properties": {"city": "dhanbad", "lst_c": 39.59}}, {"type": "Feature", "geometry": {"type": "Point", "coordinates": [86.34808631895768, 23.71080734551374]}, "properties": {"city": "dhanbad", "lst_c": 41.28}}, {"type": "Feature", "geometry": {"type": "Point", "coordinates": [86.35212873773622, 23.71080734551374]}, "properties": {"city": "dhanbad", "lst_c": 41.98}}, {"type": "Feature", "geometry": {"type": "Point", "coordinates": [86.35617115651476, 23.71080734551374]}, "properties": {"city": "dhanbad", "lst_c": 43.25}}, {"type": "Feature", "geometry": {"type": "Point", "coordinates": [86.36021357529329, 23.71080734551374]}, "properties": {"city": "dhanbad", "lst_c": 41.38}}, {"type": "Feature", "geometry": {"type": "Point", "coordinates": [86.36425599407183, 23.71080734551374]}, "properties": {"city": "dhanbad", "lst_c": 41.9}}, {"type": "Feature", "geometry": {"type": "Point", "coordinates": [86.36829841285036, 23.71080734551374]}, "properties": {"city": "dhanbad", "lst_c": 41.32}}, {"type": "Feature", "geometry": {"type": "Point", "coordinates": [86.3723408316289, 23.71080734551374]}, "properties": {"city": "dhanbad", "lst_c": 40.06}}, {"type": "Feature", "geometry": {"type": "Point", "coordinates": [86.37638325040744, 23.71080734551374]}, "properties": {"city": "dhanbad", "lst_c": 36.64}}, {"type": "Feature", "geometry": {"type": "Point", "coordinates": [86.38042566918598, 23.71080734551374]}, "properties": {"city": "dhanbad", "lst_c": 39.04}}, {"type": "Feature", "geometry": {"type": "Point", "coordinates": [86.38446808796452, 23.71080734551374]}, "properties": {"city": "dhanbad", "lst_c": 41.98}}, {"type": "Feature", "geometry": {"type": "Point", "coordinates": [86.38851050674306, 23.71080734551374]}, "properties": {"city": "dhanbad", "lst_c": 39.71}}, {"type": "Feature", "geometry": {"type": "Point", "coordinates": [86.3925529255216, 23.71080734551374]}, "properties": {"city": "dhanbad", "lst_c": 39.91}}, {"type": "Feature", "geometry": {"type": "Point", "coordinates": [86.39659534430014, 23.71080734551374]}, "properties": {"city": "dhanbad", "lst_c": 38.94}}, {"type": "Feature", "geometry": {"type": "Point", "coordinates": [86.40063776307868, 23.71080734551374]}, "properties": {"city": "dhanbad", "lst_c": 38.93}}, {"type": "Feature", "geometry": {"type": "Point", "coordinates": [86.4046801818572, 23.71080734551374]}, "properties": {"city": "dhanbad", "lst_c": 39.97}}, {"type": "Feature", "geometry": {"type": "Point", "coordinates": [86.40872260063574, 23.71080734551374]}, "properties": {"city": "dhanbad", "lst_c": 40.62}}, {"type": "Feature", "geometry": {"type": "Point", "coordinates": [86.41276501941428, 23.71080734551374]}, "properties": {"city": "dhanbad", "lst_c": 39.66}}, {"type": "Feature", "geometry": {"type": "Point", "coordinates": [86.41680743819282, 23.71080734551374]}, "properties": {"city": "dhanbad", "lst_c": 39.76}}, {"type": "Feature", "geometry": {"type": "Point", "coordinates": [86.42084985697136, 23.71080734551374]}, "properties": {"city": "dhanbad", "lst_c": 39.34}}, {"type": "Feature", "geometry": {"type": "Point", "coordinates": [86.4248922757499, 23.71080734551374]}, "properties": {"city": "dhanbad", "lst_c": 44.91}}, {"type": "Feature", "geometry": {"type": "Point", "coordinates": [86.42893469452844, 23.71080734551374]}, "properties": {"city": "dhanbad", "lst_c": 42.96}}, {"type": "Feature", "geometry": {"type": "Point", "coordinates": [86.43297711330698, 23.71080734551374]}, "properties": {"city": "dhanbad", "lst_c": 44.95}}, {"type": "Feature", "geometry": {"type": "Point", "coordinates": [86.43701953208551, 23.71080734551374]}, "properties": {"city": "dhanbad", "lst_c": 41.08}}, {"type": "Feature", "geometry": {"type": "Point", "coordinates": [86.44106195086405, 23.71080734551374]}, "properties": {"city": "dhanbad", "lst_c": 45.25}}, {"type": "Feature", "geometry": {"type": "Point", "coordinates": [86.44510436964259, 23.71080734551374]}, "properties": {"city": "dhanbad", "lst_c": 44.62}}, {"type": "Feature", "geometry": {"type": "Point", "coordinates": [86.44914678842113, 23.71080734551374]}, "properties": {"city": "dhanbad", "lst_c": 41.13}}, {"type": "Feature", "geometry": {"type": "Point", "coordinates": [86.45318920719966, 23.71080734551374]}, "properties": {"city": "dhanbad", "lst_c": 42.22}}, {"type": "Feature", "geometry": {"type": "Point", "coordinates": [86.4572316259782, 23.71080734551374]}, "properties": {"city": "dhanbad", "lst_c": 41.86}}, {"type": "Feature", "geometry": {"type": "Point", "coordinates": [86.46127404475673, 23.71080734551374]}, "properties": {"city": "dhanbad", "lst_c": 39.29}}, {"type": "Feature", "geometry": {"type": "Point", "coordinates": [86.46531646353527, 23.71080734551374]}, "properties": {"city": "dhanbad", "lst_c": 41.77}}, {"type": "Feature", "geometry": {"type": "Point", "coordinates": [86.46935888231381, 23.71080734551374]}, "properties": {"city": "dhanbad", "lst_c": 42.86}}, {"type": "Feature", "geometry": {"type": "Point", "coordinates": [86.47340130109235, 23.71080734551374]}, "properties": {"city": "dhanbad", "lst_c": 41.42}}, {"type": "Feature", "geometry": {"type": "Point", "coordinates": [86.47744371987089, 23.71080734551374]}, "properties": {"city": "dhanbad", "lst_c": 42.09}}, {"type": "Feature", "geometry": {"type": "Point", "coordinates": [86.48148613864943, 23.71080734551374]}, "properties": {"city": "dhanbad", "lst_c": 42.43}}, {"type": "Feature", "geometry": {"type": "Point", "coordinates": [86.48552855742797, 23.71080734551374]}, "properties": {"city": "dhanbad", "lst_c": 40.98}}, {"type": "Feature", "geometry": {"type": "Point", "coordinates": [86.48957097620651, 23.71080734551374]}, "properties": {"city": "dhanbad", "lst_c": 42.82}}, {"type": "Feature", "geometry": {"type": "Point", "coordinates": [86.49361339498505, 23.71080734551374]}, "properties": {"city": "dhanbad", "lst_c": 41.3}}, {"type": "Feature", "geometry": {"type": "Point", "coordinates": [86.49765581376359, 23.71080734551374]}, "properties": {"city": "dhanbad", "lst_c": 42.28}}, {"type": "Feature", "geometry": {"type": "Point", "coordinates": [86.50169823254211, 23.71080734551374]}, "properties": {"city": "dhanbad", "lst_c": 42.24}}, {"type": "Feature", "geometry": {"type": "Point", "coordinates": [86.50574065132065, 23.71080734551374]}, "properties": {"city": "dhanbad", "lst_c": 42.5}}, {"type": "Feature", "geometry": {"type": "Point", "coordinates": [86.50978307009919, 23.71080734551374]}, "properties": {"city": "dhanbad", "lst_c": 42.57}}, {"type": "Feature", "geometry": {"type": "Point", "coordinates": [86.51382548887773, 23.71080734551374]}, "properties": {"city": "dhanbad", "lst_c": 43.79}}, {"type": "Feature", "geometry": {"type": "Point", "coordinates": [86.51786790765627, 23.71080734551374]}, "properties": {"city": "dhanbad", "lst_c": 45.0}}, {"type": "Feature", "geometry": {"type": "Point", "coordinates": [86.5219103264348, 23.71080734551374]}, "properties": {"city": "dhanbad", "lst_c": 43.21}}, {"type": "Feature", "geometry": {"type": "Point", "coordinates": [86.52595274521335, 23.71080734551374]}, "properties": {"city": "dhanbad", "lst_c": 43.54}}, {"type": "Feature", "geometry": {"type": "Point", "coordinates": [86.52999516399188, 23.71080734551374]}, "properties": {"city": "dhanbad", "lst_c": 43.91}}, {"type": "Feature", "geometry": {"type": "Point", "coordinates": [86.53403758277042, 23.71080734551374]}, "properties": {"city": "dhanbad", "lst_c": 43.79}}, {"type": "Feature", "geometry": {"type": "Point", "coordinates": [86.53808000154896, 23.71080734551374]}, "properties": {"city": "dhanbad", "lst_c": 43.8}}, {"type": "Feature", "geometry": {"type": "Point", "coordinates": [86.5421224203275, 23.71080734551374]}, "properties": {"city": "dhanbad", "lst_c": 44.08}}, {"type": "Feature", "geometry": {"type": "Point", "coordinates": [86.54616483910603, 23.71080734551374]}, "properties": {"city": "dhanbad", "lst_c": 43.26}}, {"type": "Feature", "geometry": {"type": "Point", "coordinates": [86.30361971239377, 23.71484976429228]}, "properties": {"city": "dhanbad", "lst_c": 44.3}}, {"type": "Feature", "geometry": {"type": "Point", "coordinates": [86.30766213117231, 23.71484976429228]}, "properties": {"city": "dhanbad", "lst_c": 42.48}}, {"type": "Feature", "geometry": {"type": "Point", "coordinates": [86.31170454995083, 23.71484976429228]}, "properties": {"city": "dhanbad", "lst_c": 42.53}}, {"type": "Feature", "geometry": {"type": "Point", "coordinates": [86.31574696872937, 23.71484976429228]}, "properties": {"city": "dhanbad", "lst_c": 41.74}}, {"type": "Feature", "geometry": {"type": "Point", "coordinates": [86.31978938750791, 23.71484976429228]}, "properties": {"city": "dhanbad", "lst_c": 38.95}}, {"type": "Feature", "geometry": {"type": "Point", "coordinates": [86.32383180628645, 23.71484976429228]}, "properties": {"city": "dhanbad", "lst_c": 43.33}}, {"type": "Feature", "geometry": {"type": "Point", "coordinates": [86.32787422506499, 23.71484976429228]}, "properties": {"city": "dhanbad", "lst_c": 40.3}}, {"type": "Feature", "geometry": {"type": "Point", "coordinates": [86.33191664384353, 23.71484976429228]}, "properties": {"city": "dhanbad", "lst_c": 41.26}}, {"type": "Feature", "geometry": {"type": "Point", "coordinates": [86.33595906262207, 23.71484976429228]}, "properties": {"city": "dhanbad", "lst_c": 41.46}}, {"type": "Feature", "geometry": {"type": "Point", "coordinates": [86.3400014814006, 23.71484976429228]}, "properties": {"city": "dhanbad", "lst_c": 42.76}}, {"type": "Feature", "geometry": {"type": "Point", "coordinates": [86.34404390017914, 23.71484976429228]}, "properties": {"city": "dhanbad", "lst_c": 40.95}}, {"type": "Feature", "geometry": {"type": "Point", "coordinates": [86.34808631895768, 23.71484976429228]}, "properties": {"city": "dhanbad", "lst_c": 41.22}}, {"type": "Feature", "geometry": {"type": "Point", "coordinates": [86.35212873773622, 23.71484976429228]}, "properties": {"city": "dhanbad", "lst_c": 41.67}}, {"type": "Feature", "geometry": {"type": "Point", "coordinates": [86.35617115651476, 23.71484976429228]}, "properties": {"city": "dhanbad", "lst_c": 43.18}}, {"type": "Feature", "geometry": {"type": "Point", "coordinates": [86.36021357529329, 23.71484976429228]}, "properties": {"city": "dhanbad", "lst_c": 43.42}}, {"type": "Feature", "geometry": {"type": "Point", "coordinates": [86.36425599407183, 23.71484976429228]}, "properties": {"city": "dhanbad", "lst_c": 42.69}}, {"type": "Feature", "geometry": {"type": "Point", "coordinates": [86.36829841285036, 23.71484976429228]}, "properties": {"city": "dhanbad", "lst_c": 41.6}}, {"type": "Feature", "geometry": {"type": "Point", "coordinates": [86.3723408316289, 23.71484976429228]}, "properties": {"city": "dhanbad", "lst_c": 41.33}}, {"type": "Feature", "geometry": {"type": "Point", "coordinates": [86.37638325040744, 23.71484976429228]}, "properties": {"city": "dhanbad", "lst_c": 38.98}}, {"type": "Feature", "geometry": {"type": "Point", "coordinates": [86.38042566918598, 23.71484976429228]}, "properties": {"city": "dhanbad", "lst_c": 39.6}}, {"type": "Feature", "geometry": {"type": "Point", "coordinates": [86.38446808796452, 23.71484976429228]}, "properties": {"city": "dhanbad", "lst_c": 39.74}}, {"type": "Feature", "geometry": {"type": "Point", "coordinates": [86.38851050674306, 23.71484976429228]}, "properties": {"city": "dhanbad", "lst_c": 41.11}}, {"type": "Feature", "geometry": {"type": "Point", "coordinates": [86.3925529255216, 23.71484976429228]}, "properties": {"city": "dhanbad", "lst_c": 39.22}}, {"type": "Feature", "geometry": {"type": "Point", "coordinates": [86.39659534430014, 23.71484976429228]}, "properties": {"city": "dhanbad", "lst_c": 39.19}}, {"type": "Feature", "geometry": {"type": "Point", "coordinates": [86.40063776307868, 23.71484976429228]}, "properties": {"city": "dhanbad", "lst_c": 39.14}}, {"type": "Feature", "geometry": {"type": "Point", "coordinates": [86.4046801818572, 23.71484976429228]}, "properties": {"city": "dhanbad", "lst_c": 39.96}}, {"type": "Feature", "geometry": {"type": "Point", "coordinates": [86.40872260063574, 23.71484976429228]}, "properties": {"city": "dhanbad", "lst_c": 42.45}}, {"type": "Feature", "geometry": {"type": "Point", "coordinates": [86.41276501941428, 23.71484976429228]}, "properties": {"city": "dhanbad", "lst_c": 40.81}}, {"type": "Feature", "geometry": {"type": "Point", "coordinates": [86.41680743819282, 23.71484976429228]}, "properties": {"city": "dhanbad", "lst_c": 42.34}}, {"type": "Feature", "geometry": {"type": "Point", "coordinates": [86.42084985697136, 23.71484976429228]}, "properties": {"city": "dhanbad", "lst_c": 44.16}}, {"type": "Feature", "geometry": {"type": "Point", "coordinates": [86.4248922757499, 23.71484976429228]}, "properties": {"city": "dhanbad", "lst_c": 45.9}}, {"type": "Feature", "geometry": {"type": "Point", "coordinates": [86.42893469452844, 23.71484976429228]}, "properties": {"city": "dhanbad", "lst_c": 45.44}}, {"type": "Feature", "geometry": {"type": "Point", "coordinates": [86.43297711330698, 23.71484976429228]}, "properties": {"city": "dhanbad", "lst_c": 45.84}}, {"type": "Feature", "geometry": {"type": "Point", "coordinates": [86.43701953208551, 23.71484976429228]}, "properties": {"city": "dhanbad", "lst_c": 43.66}}, {"type": "Feature", "geometry": {"type": "Point", "coordinates": [86.44106195086405, 23.71484976429228]}, "properties": {"city": "dhanbad", "lst_c": 45.02}}, {"type": "Feature", "geometry": {"type": "Point", "coordinates": [86.44510436964259, 23.71484976429228]}, "properties": {"city": "dhanbad", "lst_c": 45.11}}, {"type": "Feature", "geometry": {"type": "Point", "coordinates": [86.44914678842113, 23.71484976429228]}, "properties": {"city": "dhanbad", "lst_c": 44.44}}, {"type": "Feature", "geometry": {"type": "Point", "coordinates": [86.45318920719966, 23.71484976429228]}, "properties": {"city": "dhanbad", "lst_c": 42.73}}, {"type": "Feature", "geometry": {"type": "Point", "coordinates": [86.4572316259782, 23.71484976429228]}, "properties": {"city": "dhanbad", "lst_c": 42.82}}, {"type": "Feature", "geometry": {"type": "Point", "coordinates": [86.46127404475673, 23.71484976429228]}, "properties": {"city": "dhanbad", "lst_c": 41.48}}, {"type": "Feature", "geometry": {"type": "Point", "coordinates": [86.46531646353527, 23.71484976429228]}, "properties": {"city": "dhanbad", "lst_c": 40.93}}, {"type": "Feature", "geometry": {"type": "Point", "coordinates": [86.46935888231381, 23.71484976429228]}, "properties": {"city": "dhanbad", "lst_c": 40.68}}, {"type": "Feature", "geometry": {"type": "Point", "coordinates": [86.47340130109235, 23.71484976429228]}, "properties": {"city": "dhanbad", "lst_c": 41.23}}, {"type": "Feature", "geometry": {"type": "Point", "coordinates": [86.47744371987089, 23.71484976429228]}, "properties": {"city": "dhanbad", "lst_c": 41.19}}, {"type": "Feature", "geometry": {"type": "Point", "coordinates": [86.48148613864943, 23.71484976429228]}, "properties": {"city": "dhanbad", "lst_c": 41.28}}, {"type": "Feature", "geometry": {"type": "Point", "coordinates": [86.48552855742797, 23.71484976429228]}, "properties": {"city": "dhanbad", "lst_c": 41.07}}, {"type": "Feature", "geometry": {"type": "Point", "coordinates": [86.48957097620651, 23.71484976429228]}, "properties": {"city": "dhanbad", "lst_c": 41.76}}, {"type": "Feature", "geometry": {"type": "Point", "coordinates": [86.49361339498505, 23.71484976429228]}, "properties": {"city": "dhanbad", "lst_c": 43.12}}, {"type": "Feature", "geometry": {"type": "Point", "coordinates": [86.49765581376359, 23.71484976429228]}, "properties": {"city": "dhanbad", "lst_c": 42.6}}, {"type": "Feature", "geometry": {"type": "Point", "coordinates": [86.50169823254211, 23.71484976429228]}, "properties": {"city": "dhanbad", "lst_c": 42.77}}, {"type": "Feature", "geometry": {"type": "Point", "coordinates": [86.50574065132065, 23.71484976429228]}, "properties": {"city": "dhanbad", "lst_c": 42.45}}, {"type": "Feature", "geometry": {"type": "Point", "coordinates": [86.50978307009919, 23.71484976429228]}, "properties": {"city": "dhanbad", "lst_c": 43.45}}, {"type": "Feature", "geometry": {"type": "Point", "coordinates": [86.51382548887773, 23.71484976429228]}, "properties": {"city": "dhanbad", "lst_c": 43.64}}, {"type": "Feature", "geometry": {"type": "Point", "coordinates": [86.51786790765627, 23.71484976429228]}, "properties": {"city": "dhanbad", "lst_c": 42.49}}, {"type": "Feature", "geometry": {"type": "Point", "coordinates": [86.5219103264348, 23.71484976429228]}, "properties": {"city": "dhanbad", "lst_c": 41.28}}, {"type": "Feature", "geometry": {"type": "Point", "coordinates": [86.52595274521335, 23.71484976429228]}, "properties": {"city": "dhanbad", "lst_c": 41.72}}, {"type": "Feature", "geometry": {"type": "Point", "coordinates": [86.52999516399188, 23.71484976429228]}, "properties": {"city": "dhanbad", "lst_c": 42.15}}, {"type": "Feature", "geometry": {"type": "Point", "coordinates": [86.53403758277042, 23.71484976429228]}, "properties": {"city": "dhanbad", "lst_c": 43.16}}, {"type": "Feature", "geometry": {"type": "Point", "coordinates": [86.53808000154896, 23.71484976429228]}, "properties": {"city": "dhanbad", "lst_c": 43.05}}, {"type": "Feature", "geometry": {"type": "Point", "coordinates": [86.5421224203275, 23.71484976429228]}, "properties": {"city": "dhanbad", "lst_c": 43.94}}, {"type": "Feature", "geometry": {"type": "Point", "coordinates": [86.54616483910603, 23.71484976429228]}, "properties": {"city": "dhanbad", "lst_c": 42.55}}, {"type": "Feature", "geometry": {"type": "Point", "coordinates": [86.30361971239377, 23.718892183070817]}, "properties": {"city": "dhanbad", "lst_c": 39.61}}, {"type": "Feature", "geometry": {"type": "Point", "coordinates": [86.30766213117231, 23.718892183070817]}, "properties": {"city": "dhanbad", "lst_c": 41.02}}, {"type": "Feature", "geometry": {"type": "Point", "coordinates": [86.31170454995083, 23.718892183070817]}, "properties": {"city": "dhanbad", "lst_c": 39.95}}, {"type": "Feature", "geometry": {"type": "Point", "coordinates": [86.31574696872937, 23.718892183070817]}, "properties": {"city": "dhanbad", "lst_c": 40.71}}, {"type": "Feature", "geometry": {"type": "Point", "coordinates": [86.31978938750791, 23.718892183070817]}, "properties": {"city": "dhanbad", "lst_c": 41.84}}, {"type": "Feature", "geometry": {"type": "Point", "coordinates": [86.32383180628645, 23.718892183070817]}, "properties": {"city": "dhanbad", "lst_c": 43.8}}, {"type": "Feature", "geometry": {"type": "Point", "coordinates": [86.32787422506499, 23.718892183070817]}, "properties": {"city": "dhanbad", "lst_c": 42.06}}, {"type": "Feature", "geometry": {"type": "Point", "coordinates": [86.33191664384353, 23.718892183070817]}, "properties": {"city": "dhanbad", "lst_c": 42.59}}, {"type": "Feature", "geometry": {"type": "Point", "coordinates": [86.33595906262207, 23.718892183070817]}, "properties": {"city": "dhanbad", "lst_c": 43.27}}, {"type": "Feature", "geometry": {"type": "Point", "coordinates": [86.3400014814006, 23.718892183070817]}, "properties": {"city": "dhanbad", "lst_c": 41.2}}, {"type": "Feature", "geometry": {"type": "Point", "coordinates": [86.34404390017914, 23.718892183070817]}, "properties": {"city": "dhanbad", "lst_c": 41.36}}, {"type": "Feature", "geometry": {"type": "Point", "coordinates": [86.34808631895768, 23.718892183070817]}, "properties": {"city": "dhanbad", "lst_c": 42.04}}, {"type": "Feature", "geometry": {"type": "Point", "coordinates": [86.35212873773622, 23.718892183070817]}, "properties": {"city": "dhanbad", "lst_c": 43.81}}, {"type": "Feature", "geometry": {"type": "Point", "coordinates": [86.35617115651476, 23.718892183070817]}, "properties": {"city": "dhanbad", "lst_c": 44.73}}, {"type": "Feature", "geometry": {"type": "Point", "coordinates": [86.36021357529329, 23.718892183070817]}, "properties": {"city": "dhanbad", "lst_c": 43.78}}, {"type": "Feature", "geometry": {"type": "Point", "coordinates": [86.36425599407183, 23.718892183070817]}, "properties": {"city": "dhanbad", "lst_c": 40.77}}, {"type": "Feature", "geometry": {"type": "Point", "coordinates": [86.36829841285036, 23.718892183070817]}, "properties": {"city": "dhanbad", "lst_c": 42.51}}, {"type": "Feature", "geometry": {"type": "Point", "coordinates": [86.3723408316289, 23.718892183070817]}, "properties": {"city": "dhanbad", "lst_c": 42.76}}, {"type": "Feature", "geometry": {"type": "Point", "coordinates": [86.37638325040744, 23.718892183070817]}, "properties": {"city": "dhanbad", "lst_c": 41.95}}, {"type": "Feature", "geometry": {"type": "Point", "coordinates": [86.38042566918598, 23.718892183070817]}, "properties": {"city": "dhanbad", "lst_c": 40.97}}, {"type": "Feature", "geometry": {"type": "Point", "coordinates": [86.38446808796452, 23.718892183070817]}, "properties": {"city": "dhanbad", "lst_c": 39.41}}, {"type": "Feature", "geometry": {"type": "Point", "coordinates": [86.38851050674306, 23.718892183070817]}, "properties": {"city": "dhanbad", "lst_c": 38.9}}, {"type": "Feature", "geometry": {"type": "Point", "coordinates": [86.3925529255216, 23.718892183070817]}, "properties": {"city": "dhanbad", "lst_c": 39.96}}, {"type": "Feature", "geometry": {"type": "Point", "coordinates": [86.39659534430014, 23.718892183070817]}, "properties": {"city": "dhanbad", "lst_c": 40.41}}, {"type": "Feature", "geometry": {"type": "Point", "coordinates": [86.40063776307868, 23.718892183070817]}, "properties": {"city": "dhanbad", "lst_c": 41.07}}, {"type": "Feature", "geometry": {"type": "Point", "coordinates": [86.4046801818572, 23.718892183070817]}, "properties": {"city": "dhanbad", "lst_c": 41.04}}, {"type": "Feature", "geometry": {"type": "Point", "coordinates": [86.40872260063574, 23.718892183070817]}, "properties": {"city": "dhanbad", "lst_c": 40.97}}, {"type": "Feature", "geometry": {"type": "Point", "coordinates": [86.41276501941428, 23.718892183070817]}, "properties": {"city": "dhanbad", "lst_c": 41.16}}, {"type": "Feature", "geometry": {"type": "Point", "coordinates": [86.41680743819282, 23.718892183070817]}, "properties": {"city": "dhanbad", "lst_c": 41.15}}, {"type": "Feature", "geometry": {"type": "Point", "coordinates": [86.42084985697136, 23.718892183070817]}, "properties": {"city": "dhanbad", "lst_c": 46.69}}, {"type": "Feature", "geometry": {"type": "Point", "coordinates": [86.4248922757499, 23.718892183070817]}, "properties": {"city": "dhanbad", "lst_c": 44.29}}, {"type": "Feature", "geometry": {"type": "Point", "coordinates": [86.42893469452844, 23.718892183070817]}, "properties": {"city": "dhanbad", "lst_c": 43.43}}, {"type": "Feature", "geometry": {"type": "Point", "coordinates": [86.43297711330698, 23.718892183070817]}, "properties": {"city": "dhanbad", "lst_c": 44.87}}, {"type": "Feature", "geometry": {"type": "Point", "coordinates": [86.43701953208551, 23.718892183070817]}, "properties": {"city": "dhanbad", "lst_c": 44.46}}, {"type": "Feature", "geometry": {"type": "Point", "coordinates": [86.44106195086405, 23.718892183070817]}, "properties": {"city": "dhanbad", "lst_c": 47.8}}, {"type": "Feature", "geometry": {"type": "Point", "coordinates": [86.44510436964259, 23.718892183070817]}, "properties": {"city": "dhanbad", "lst_c": 43.49}}, {"type": "Feature", "geometry": {"type": "Point", "coordinates": [86.44914678842113, 23.718892183070817]}, "properties": {"city": "dhanbad", "lst_c": 52.25}}, {"type": "Feature", "geometry": {"type": "Point", "coordinates": [86.45318920719966, 23.718892183070817]}, "properties": {"city": "dhanbad", "lst_c": 42.46}}, {"type": "Feature", "geometry": {"type": "Point", "coordinates": [86.4572316259782, 23.718892183070817]}, "properties": {"city": "dhanbad", "lst_c": 42.84}}, {"type": "Feature", "geometry": {"type": "Point", "coordinates": [86.46127404475673, 23.718892183070817]}, "properties": {"city": "dhanbad", "lst_c": 41.24}}, {"type": "Feature", "geometry": {"type": "Point", "coordinates": [86.46531646353527, 23.718892183070817]}, "properties": {"city": "dhanbad", "lst_c": 41.5}}, {"type": "Feature", "geometry": {"type": "Point", "coordinates": [86.46935888231381, 23.718892183070817]}, "properties": {"city": "dhanbad", "lst_c": 40.11}}, {"type": "Feature", "geometry": {"type": "Point", "coordinates": [86.47340130109235, 23.718892183070817]}, "properties": {"city": "dhanbad", "lst_c": 41.13}}, {"type": "Feature", "geometry": {"type": "Point", "coordinates": [86.47744371987089, 23.718892183070817]}, "properties": {"city": "dhanbad", "lst_c": 41.29}}, {"type": "Feature", "geometry": {"type": "Point", "coordinates": [86.48148613864943, 23.718892183070817]}, "properties": {"city": "dhanbad", "lst_c": 41.17}}, {"type": "Feature", "geometry": {"type": "Point", "coordinates": [86.48552855742797, 23.718892183070817]}, "properties": {"city": "dhanbad", "lst_c": 43.03}}, {"type": "Feature", "geometry": {"type": "Point", "coordinates": [86.48957097620651, 23.718892183070817]}, "properties": {"city": "dhanbad", "lst_c": 42.65}}, {"type": "Feature", "geometry": {"type": "Point", "coordinates": [86.49361339498505, 23.718892183070817]}, "properties": {"city": "dhanbad", "lst_c": 42.72}}, {"type": "Feature", "geometry": {"type": "Point", "coordinates": [86.49765581376359, 23.718892183070817]}, "properties": {"city": "dhanbad", "lst_c": 42.91}}, {"type": "Feature", "geometry": {"type": "Point", "coordinates": [86.50169823254211, 23.718892183070817]}, "properties": {"city": "dhanbad", "lst_c": 42.06}}, {"type": "Feature", "geometry": {"type": "Point", "coordinates": [86.50574065132065, 23.718892183070817]}, "properties": {"city": "dhanbad", "lst_c": 41.62}}, {"type": "Feature", "geometry": {"type": "Point", "coordinates": [86.50978307009919, 23.718892183070817]}, "properties": {"city": "dhanbad", "lst_c": 42.3}}, {"type": "Feature", "geometry": {"type": "Point", "coordinates": [86.51382548887773, 23.718892183070817]}, "properties": {"city": "dhanbad", "lst_c": 43.96}}, {"type": "Feature", "geometry": {"type": "Point", "coordinates": [86.51786790765627, 23.718892183070817]}, "properties": {"city": "dhanbad", "lst_c": 44.5}}, {"type": "Feature", "geometry": {"type": "Point", "coordinates": [86.5219103264348, 23.718892183070817]}, "properties": {"city": "dhanbad", "lst_c": 42.44}}, {"type": "Feature", "geometry": {"type": "Point", "coordinates": [86.52595274521335, 23.718892183070817]}, "properties": {"city": "dhanbad", "lst_c": 43.09}}, {"type": "Feature", "geometry": {"type": "Point", "coordinates": [86.52999516399188, 23.718892183070817]}, "properties": {"city": "dhanbad", "lst_c": 43.22}}, {"type": "Feature", "geometry": {"type": "Point", "coordinates": [86.53403758277042, 23.718892183070817]}, "properties": {"city": "dhanbad", "lst_c": 43.95}}, {"type": "Feature", "geometry": {"type": "Point", "coordinates": [86.53808000154896, 23.718892183070817]}, "properties": {"city": "dhanbad", "lst_c": 42.26}}, {"type": "Feature", "geometry": {"type": "Point", "coordinates": [86.5421224203275, 23.718892183070817]}, "properties": {"city": "dhanbad", "lst_c": 43.55}}, {"type": "Feature", "geometry": {"type": "Point", "coordinates": [86.54616483910603, 23.718892183070817]}, "properties": {"city": "dhanbad", "lst_c": 42.6}}, {"type": "Feature", "geometry": {"type": "Point", "coordinates": [86.30361971239377, 23.722934601849353]}, "properties": {"city": "dhanbad", "lst_c": 41.36}}, {"type": "Feature", "geometry": {"type": "Point", "coordinates": [86.30766213117231, 23.722934601849353]}, "properties": {"city": "dhanbad", "lst_c": 43.11}}, {"type": "Feature", "geometry": {"type": "Point", "coordinates": [86.31170454995083, 23.722934601849353]}, "properties": {"city": "dhanbad", "lst_c": 42.6}}, {"type": "Feature", "geometry": {"type": "Point", "coordinates": [86.31574696872937, 23.722934601849353]}, "properties": {"city": "dhanbad", "lst_c": 45.14}}, {"type": "Feature", "geometry": {"type": "Point", "coordinates": [86.31978938750791, 23.722934601849353]}, "properties": {"city": "dhanbad", "lst_c": 43.47}}, {"type": "Feature", "geometry": {"type": "Point", "coordinates": [86.32383180628645, 23.722934601849353]}, "properties": {"city": "dhanbad", "lst_c": 41.21}}, {"type": "Feature", "geometry": {"type": "Point", "coordinates": [86.32787422506499, 23.722934601849353]}, "properties": {"city": "dhanbad", "lst_c": 41.15}}, {"type": "Feature", "geometry": {"type": "Point", "coordinates": [86.33191664384353, 23.722934601849353]}, "properties": {"city": "dhanbad", "lst_c": 43.01}}, {"type": "Feature", "geometry": {"type": "Point", "coordinates": [86.33595906262207, 23.722934601849353]}, "properties": {"city": "dhanbad", "lst_c": 41.75}}, {"type": "Feature", "geometry": {"type": "Point", "coordinates": [86.3400014814006, 23.722934601849353]}, "properties": {"city": "dhanbad", "lst_c": 40.74}}, {"type": "Feature", "geometry": {"type": "Point", "coordinates": [86.34404390017914, 23.722934601849353]}, "properties": {"city": "dhanbad", "lst_c": 41.06}}, {"type": "Feature", "geometry": {"type": "Point", "coordinates": [86.34808631895768, 23.722934601849353]}, "properties": {"city": "dhanbad", "lst_c": 41.32}}, {"type": "Feature", "geometry": {"type": "Point", "coordinates": [86.35212873773622, 23.722934601849353]}, "properties": {"city": "dhanbad", "lst_c": 42.38}}, {"type": "Feature", "geometry": {"type": "Point", "coordinates": [86.35617115651476, 23.722934601849353]}, "properties": {"city": "dhanbad", "lst_c": 43.94}}, {"type": "Feature", "geometry": {"type": "Point", "coordinates": [86.36021357529329, 23.722934601849353]}, "properties": {"city": "dhanbad", "lst_c": 44.04}}, {"type": "Feature", "geometry": {"type": "Point", "coordinates": [86.36425599407183, 23.722934601849353]}, "properties": {"city": "dhanbad", "lst_c": 41.8}}, {"type": "Feature", "geometry": {"type": "Point", "coordinates": [86.36829841285036, 23.722934601849353]}, "properties": {"city": "dhanbad", "lst_c": 43.78}}, {"type": "Feature", "geometry": {"type": "Point", "coordinates": [86.3723408316289, 23.722934601849353]}, "properties": {"city": "dhanbad", "lst_c": 40.92}}, {"type": "Feature", "geometry": {"type": "Point", "coordinates": [86.37638325040744, 23.722934601849353]}, "properties": {"city": "dhanbad", "lst_c": 40.96}}, {"type": "Feature", "geometry": {"type": "Point", "coordinates": [86.38042566918598, 23.722934601849353]}, "properties": {"city": "dhanbad", "lst_c": 38.98}}, {"type": "Feature", "geometry": {"type": "Point", "coordinates": [86.38446808796452, 23.722934601849353]}, "properties": {"city": "dhanbad", "lst_c": 39.69}}, {"type": "Feature", "geometry": {"type": "Point", "coordinates": [86.38851050674306, 23.722934601849353]}, "properties": {"city": "dhanbad", "lst_c": 41.99}}, {"type": "Feature", "geometry": {"type": "Point", "coordinates": [86.3925529255216, 23.722934601849353]}, "properties": {"city": "dhanbad", "lst_c": 41.33}}, {"type": "Feature", "geometry": {"type": "Point", "coordinates": [86.39659534430014, 23.722934601849353]}, "properties": {"city": "dhanbad", "lst_c": 44.43}}, {"type": "Feature", "geometry": {"type": "Point", "coordinates": [86.40063776307868, 23.722934601849353]}, "properties": {"city": "dhanbad", "lst_c": 41.17}}, {"type": "Feature", "geometry": {"type": "Point", "coordinates": [86.4046801818572, 23.722934601849353]}, "properties": {"city": "dhanbad", "lst_c": 42.95}}, {"type": "Feature", "geometry": {"type": "Point", "coordinates": [86.40872260063574, 23.722934601849353]}, "properties": {"city": "dhanbad", "lst_c": 40.22}}, {"type": "Feature", "geometry": {"type": "Point", "coordinates": [86.41276501941428, 23.722934601849353]}, "properties": {"city": "dhanbad", "lst_c": 41.34}}, {"type": "Feature", "geometry": {"type": "Point", "coordinates": [86.41680743819282, 23.722934601849353]}, "properties": {"city": "dhanbad", "lst_c": 45.69}}, {"type": "Feature", "geometry": {"type": "Point", "coordinates": [86.42084985697136, 23.722934601849353]}, "properties": {"city": "dhanbad", "lst_c": 46.89}}, {"type": "Feature", "geometry": {"type": "Point", "coordinates": [86.4248922757499, 23.722934601849353]}, "properties": {"city": "dhanbad", "lst_c": 42.74}}, {"type": "Feature", "geometry": {"type": "Point", "coordinates": [86.42893469452844, 23.722934601849353]}, "properties": {"city": "dhanbad", "lst_c": 42.16}}, {"type": "Feature", "geometry": {"type": "Point", "coordinates": [86.43297711330698, 23.722934601849353]}, "properties": {"city": "dhanbad", "lst_c": 42.47}}, {"type": "Feature", "geometry": {"type": "Point", "coordinates": [86.43701953208551, 23.722934601849353]}, "properties": {"city": "dhanbad", "lst_c": 45.7}}, {"type": "Feature", "geometry": {"type": "Point", "coordinates": [86.44106195086405, 23.722934601849353]}, "properties": {"city": "dhanbad", "lst_c": 46.23}}, {"type": "Feature", "geometry": {"type": "Point", "coordinates": [86.44510436964259, 23.722934601849353]}, "properties": {"city": "dhanbad", "lst_c": 42.4}}, {"type": "Feature", "geometry": {"type": "Point", "coordinates": [86.44914678842113, 23.722934601849353]}, "properties": {"city": "dhanbad", "lst_c": 46.98}}, {"type": "Feature", "geometry": {"type": "Point", "coordinates": [86.45318920719966, 23.722934601849353]}, "properties": {"city": "dhanbad", "lst_c": 44.65}}, {"type": "Feature", "geometry": {"type": "Point", "coordinates": [86.4572316259782, 23.722934601849353]}, "properties": {"city": "dhanbad", "lst_c": 40.48}}, {"type": "Feature", "geometry": {"type": "Point", "coordinates": [86.46127404475673, 23.722934601849353]}, "properties": {"city": "dhanbad", "lst_c": 42.92}}, {"type": "Feature", "geometry": {"type": "Point", "coordinates": [86.46531646353527, 23.722934601849353]}, "properties": {"city": "dhanbad", "lst_c": 43.87}}, {"type": "Feature", "geometry": {"type": "Point", "coordinates": [86.46935888231381, 23.722934601849353]}, "properties": {"city": "dhanbad", "lst_c": 39.76}}, {"type": "Feature", "geometry": {"type": "Point", "coordinates": [86.47340130109235, 23.722934601849353]}, "properties": {"city": "dhanbad", "lst_c": 40.8}}, {"type": "Feature", "geometry": {"type": "Point", "coordinates": [86.47744371987089, 23.722934601849353]}, "properties": {"city": "dhanbad", "lst_c": 41.52}}, {"type": "Feature", "geometry": {"type": "Point", "coordinates": [86.48148613864943, 23.722934601849353]}, "properties": {"city": "dhanbad", "lst_c": 43.44}}, {"type": "Feature", "geometry": {"type": "Point", "coordinates": [86.48552855742797, 23.722934601849353]}, "properties": {"city": "dhanbad", "lst_c": 43.0}}, {"type": "Feature", "geometry": {"type": "Point", "coordinates": [86.48957097620651, 23.722934601849353]}, "properties": {"city": "dhanbad", "lst_c": 43.21}}, {"type": "Feature", "geometry": {"type": "Point", "coordinates": [86.49361339498505, 23.722934601849353]}, "properties": {"city": "dhanbad", "lst_c": 45.07}}, {"type": "Feature", "geometry": {"type": "Point", "coordinates": [86.49765581376359, 23.722934601849353]}, "properties": {"city": "dhanbad", "lst_c": 43.31}}, {"type": "Feature", "geometry": {"type": "Point", "coordinates": [86.50169823254211, 23.722934601849353]}, "properties": {"city": "dhanbad", "lst_c": 44.31}}, {"type": "Feature", "geometry": {"type": "Point", "coordinates": [86.50574065132065, 23.722934601849353]}, "properties": {"city": "dhanbad", "lst_c": 41.94}}, {"type": "Feature", "geometry": {"type": "Point", "coordinates": [86.50978307009919, 23.722934601849353]}, "properties": {"city": "dhanbad", "lst_c": 42.09}}, {"type": "Feature", "geometry": {"type": "Point", "coordinates": [86.51382548887773, 23.722934601849353]}, "properties": {"city": "dhanbad", "lst_c": 44.17}}, {"type": "Feature", "geometry": {"type": "Point", "coordinates": [86.51786790765627, 23.722934601849353]}, "properties": {"city": "dhanbad", "lst_c": 42.46}}, {"type": "Feature", "geometry": {"type": "Point", "coordinates": [86.5219103264348, 23.722934601849353]}, "properties": {"city": "dhanbad", "lst_c": 43.02}}, {"type": "Feature", "geometry": {"type": "Point", "coordinates": [86.52595274521335, 23.722934601849353]}, "properties": {"city": "dhanbad", "lst_c": 42.63}}, {"type": "Feature", "geometry": {"type": "Point", "coordinates": [86.52999516399188, 23.722934601849353]}, "properties": {"city": "dhanbad", "lst_c": 42.0}}, {"type": "Feature", "geometry": {"type": "Point", "coordinates": [86.53403758277042, 23.722934601849353]}, "properties": {"city": "dhanbad", "lst_c": 44.04}}, {"type": "Feature", "geometry": {"type": "Point", "coordinates": [86.53808000154896, 23.722934601849353]}, "properties": {"city": "dhanbad", "lst_c": 44.0}}, {"type": "Feature", "geometry": {"type": "Point", "coordinates": [86.5421224203275, 23.722934601849353]}, "properties": {"city": "dhanbad", "lst_c": 44.0}}, {"type": "Feature", "geometry": {"type": "Point", "coordinates": [86.54616483910603, 23.722934601849353]}, "properties": {"city": "dhanbad", "lst_c": 44.13}}, {"type": "Feature", "geometry": {"type": "Point", "coordinates": [86.30361971239377, 23.726977020627892]}, "properties": {"city": "dhanbad", "lst_c": 41.84}}, {"type": "Feature", "geometry": {"type": "Point", "coordinates": [86.30766213117231, 23.726977020627892]}, "properties": {"city": "dhanbad", "lst_c": 44.22}}, {"type": "Feature", "geometry": {"type": "Point", "coordinates": [86.31170454995083, 23.726977020627892]}, "properties": {"city": "dhanbad", "lst_c": 43.15}}, {"type": "Feature", "geometry": {"type": "Point", "coordinates": [86.31574696872937, 23.726977020627892]}, "properties": {"city": "dhanbad", "lst_c": 41.95}}, {"type": "Feature", "geometry": {"type": "Point", "coordinates": [86.31978938750791, 23.726977020627892]}, "properties": {"city": "dhanbad", "lst_c": 43.05}}, {"type": "Feature", "geometry": {"type": "Point", "coordinates": [86.32383180628645, 23.726977020627892]}, "properties": {"city": "dhanbad", "lst_c": 42.75}}, {"type": "Feature", "geometry": {"type": "Point", "coordinates": [86.32787422506499, 23.726977020627892]}, "properties": {"city": "dhanbad", "lst_c": 39.09}}, {"type": "Feature", "geometry": {"type": "Point", "coordinates": [86.33191664384353, 23.726977020627892]}, "properties": {"city": "dhanbad", "lst_c": 40.53}}, {"type": "Feature", "geometry": {"type": "Point", "coordinates": [86.33595906262207, 23.726977020627892]}, "properties": {"city": "dhanbad", "lst_c": 40.14}}, {"type": "Feature", "geometry": {"type": "Point", "coordinates": [86.3400014814006, 23.726977020627892]}, "properties": {"city": "dhanbad", "lst_c": 39.94}}, {"type": "Feature", "geometry": {"type": "Point", "coordinates": [86.34404390017914, 23.726977020627892]}, "properties": {"city": "dhanbad", "lst_c": 41.52}}, {"type": "Feature", "geometry": {"type": "Point", "coordinates": [86.34808631895768, 23.726977020627892]}, "properties": {"city": "dhanbad", "lst_c": 42.23}}, {"type": "Feature", "geometry": {"type": "Point", "coordinates": [86.35212873773622, 23.726977020627892]}, "properties": {"city": "dhanbad", "lst_c": 40.08}}, {"type": "Feature", "geometry": {"type": "Point", "coordinates": [86.35617115651476, 23.726977020627892]}, "properties": {"city": "dhanbad", "lst_c": 41.96}}, {"type": "Feature", "geometry": {"type": "Point", "coordinates": [86.36021357529329, 23.726977020627892]}, "properties": {"city": "dhanbad", "lst_c": 44.01}}, {"type": "Feature", "geometry": {"type": "Point", "coordinates": [86.36425599407183, 23.726977020627892]}, "properties": {"city": "dhanbad", "lst_c": 42.21}}, {"type": "Feature", "geometry": {"type": "Point", "coordinates": [86.36829841285036, 23.726977020627892]}, "properties": {"city": "dhanbad", "lst_c": 44.14}}, {"type": "Feature", "geometry": {"type": "Point", "coordinates": [86.3723408316289, 23.726977020627892]}, "properties": {"city": "dhanbad", "lst_c": 41.38}}, {"type": "Feature", "geometry": {"type": "Point", "coordinates": [86.37638325040744, 23.726977020627892]}, "properties": {"city": "dhanbad", "lst_c": 39.13}}, {"type": "Feature", "geometry": {"type": "Point", "coordinates": [86.38042566918598, 23.726977020627892]}, "properties": {"city": "dhanbad", "lst_c": 42.09}}, {"type": "Feature", "geometry": {"type": "Point", "coordinates": [86.38446808796452, 23.726977020627892]}, "properties": {"city": "dhanbad", "lst_c": 40.42}}, {"type": "Feature", "geometry": {"type": "Point", "coordinates": [86.38851050674306, 23.726977020627892]}, "properties": {"city": "dhanbad", "lst_c": 41.61}}, {"type": "Feature", "geometry": {"type": "Point", "coordinates": [86.3925529255216, 23.726977020627892]}, "properties": {"city": "dhanbad", "lst_c": 38.82}}, {"type": "Feature", "geometry": {"type": "Point", "coordinates": [86.39659534430014, 23.726977020627892]}, "properties": {"city": "dhanbad", "lst_c": 40.42}}, {"type": "Feature", "geometry": {"type": "Point", "coordinates": [86.40063776307868, 23.726977020627892]}, "properties": {"city": "dhanbad", "lst_c": 39.68}}, {"type": "Feature", "geometry": {"type": "Point", "coordinates": [86.4046801818572, 23.726977020627892]}, "properties": {"city": "dhanbad", "lst_c": 43.04}}, {"type": "Feature", "geometry": {"type": "Point", "coordinates": [86.40872260063574, 23.726977020627892]}, "properties": {"city": "dhanbad", "lst_c": 41.98}}, {"type": "Feature", "geometry": {"type": "Point", "coordinates": [86.41276501941428, 23.726977020627892]}, "properties": {"city": "dhanbad", "lst_c": 43.16}}, {"type": "Feature", "geometry": {"type": "Point", "coordinates": [86.41680743819282, 23.726977020627892]}, "properties": {"city": "dhanbad", "lst_c": 46.53}}, {"type": "Feature", "geometry": {"type": "Point", "coordinates": [86.42084985697136, 23.726977020627892]}, "properties": {"city": "dhanbad", "lst_c": 47.29}}, {"type": "Feature", "geometry": {"type": "Point", "coordinates": [86.4248922757499, 23.726977020627892]}, "properties": {"city": "dhanbad", "lst_c": 43.19}}, {"type": "Feature", "geometry": {"type": "Point", "coordinates": [86.42893469452844, 23.726977020627892]}, "properties": {"city": "dhanbad", "lst_c": 44.63}}, {"type": "Feature", "geometry": {"type": "Point", "coordinates": [86.43297711330698, 23.726977020627892]}, "properties": {"city": "dhanbad", "lst_c": 43.63}}, {"type": "Feature", "geometry": {"type": "Point", "coordinates": [86.43701953208551, 23.726977020627892]}, "properties": {"city": "dhanbad", "lst_c": 45.12}}, {"type": "Feature", "geometry": {"type": "Point", "coordinates": [86.44106195086405, 23.726977020627892]}, "properties": {"city": "dhanbad", "lst_c": 48.67}}, {"type": "Feature", "geometry": {"type": "Point", "coordinates": [86.44510436964259, 23.726977020627892]}, "properties": {"city": "dhanbad", "lst_c": 45.3}}, {"type": "Feature", "geometry": {"type": "Point", "coordinates": [86.44914678842113, 23.726977020627892]}, "properties": {"city": "dhanbad", "lst_c": 45.58}}, {"type": "Feature", "geometry": {"type": "Point", "coordinates": [86.45318920719966, 23.726977020627892]}, "properties": {"city": "dhanbad", "lst_c": 43.89}}, {"type": "Feature", "geometry": {"type": "Point", "coordinates": [86.4572316259782, 23.726977020627892]}, "properties": {"city": "dhanbad", "lst_c": 42.07}}, {"type": "Feature", "geometry": {"type": "Point", "coordinates": [86.46127404475673, 23.726977020627892]}, "properties": {"city": "dhanbad", "lst_c": 43.37}}, {"type": "Feature", "geometry": {"type": "Point", "coordinates": [86.46531646353527, 23.726977020627892]}, "properties": {"city": "dhanbad", "lst_c": 42.58}}, {"type": "Feature", "geometry": {"type": "Point", "coordinates": [86.46935888231381, 23.726977020627892]}, "properties": {"city": "dhanbad", "lst_c": 40.16}}, {"type": "Feature", "geometry": {"type": "Point", "coordinates": [86.47340130109235, 23.726977020627892]}, "properties": {"city": "dhanbad", "lst_c": 40.01}}, {"type": "Feature", "geometry": {"type": "Point", "coordinates": [86.47744371987089, 23.726977020627892]}, "properties": {"city": "dhanbad", "lst_c": 40.18}}, {"type": "Feature", "geometry": {"type": "Point", "coordinates": [86.48148613864943, 23.726977020627892]}, "properties": {"city": "dhanbad", "lst_c": 42.13}}, {"type": "Feature", "geometry": {"type": "Point", "coordinates": [86.48552855742797, 23.726977020627892]}, "properties": {"city": "dhanbad", "lst_c": 42.99}}, {"type": "Feature", "geometry": {"type": "Point", "coordinates": [86.48957097620651, 23.726977020627892]}, "properties": {"city": "dhanbad", "lst_c": 43.18}}, {"type": "Feature", "geometry": {"type": "Point", "coordinates": [86.49361339498505, 23.726977020627892]}, "properties": {"city": "dhanbad", "lst_c": 42.74}}, {"type": "Feature", "geometry": {"type": "Point", "coordinates": [86.49765581376359, 23.726977020627892]}, "properties": {"city": "dhanbad", "lst_c": 44.05}}, {"type": "Feature", "geometry": {"type": "Point", "coordinates": [86.50169823254211, 23.726977020627892]}, "properties": {"city": "dhanbad", "lst_c": 43.27}}, {"type": "Feature", "geometry": {"type": "Point", "coordinates": [86.50574065132065, 23.726977020627892]}, "properties": {"city": "dhanbad", "lst_c": 42.27}}, {"type": "Feature", "geometry": {"type": "Point", "coordinates": [86.50978307009919, 23.726977020627892]}, "properties": {"city": "dhanbad", "lst_c": 41.89}}, {"type": "Feature", "geometry": {"type": "Point", "coordinates": [86.51382548887773, 23.726977020627892]}, "properties": {"city": "dhanbad", "lst_c": 45.52}}, {"type": "Feature", "geometry": {"type": "Point", "coordinates": [86.51786790765627, 23.726977020627892]}, "properties": {"city": "dhanbad", "lst_c": 43.09}}, {"type": "Feature", "geometry": {"type": "Point", "coordinates": [86.5219103264348, 23.726977020627892]}, "properties": {"city": "dhanbad", "lst_c": 44.67}}, {"type": "Feature", "geometry": {"type": "Point", "coordinates": [86.52595274521335, 23.726977020627892]}, "properties": {"city": "dhanbad", "lst_c": 43.16}}, {"type": "Feature", "geometry": {"type": "Point", "coordinates": [86.52999516399188, 23.726977020627892]}, "properties": {"city": "dhanbad", "lst_c": 42.61}}, {"type": "Feature", "geometry": {"type": "Point", "coordinates": [86.53403758277042, 23.726977020627892]}, "properties": {"city": "dhanbad", "lst_c": 42.18}}, {"type": "Feature", "geometry": {"type": "Point", "coordinates": [86.53808000154896, 23.726977020627892]}, "properties": {"city": "dhanbad", "lst_c": 42.62}}, {"type": "Feature", "geometry": {"type": "Point", "coordinates": [86.5421224203275, 23.726977020627892]}, "properties": {"city": "dhanbad", "lst_c": 43.26}}, {"type": "Feature", "geometry": {"type": "Point", "coordinates": [86.54616483910603, 23.726977020627892]}, "properties": {"city": "dhanbad", "lst_c": 44.59}}, {"type": "Feature", "geometry": {"type": "Point", "coordinates": [86.30361971239377, 23.73101943940643]}, "properties": {"city": "dhanbad", "lst_c": 41.78}}, {"type": "Feature", "geometry": {"type": "Point", "coordinates": [86.30766213117231, 23.73101943940643]}, "properties": {"city": "dhanbad", "lst_c": 43.21}}, {"type": "Feature", "geometry": {"type": "Point", "coordinates": [86.31170454995083, 23.73101943940643]}, "properties": {"city": "dhanbad", "lst_c": 42.71}}, {"type": "Feature", "geometry": {"type": "Point", "coordinates": [86.31574696872937, 23.73101943940643]}, "properties": {"city": "dhanbad", "lst_c": 41.73}}, {"type": "Feature", "geometry": {"type": "Point", "coordinates": [86.31978938750791, 23.73101943940643]}, "properties": {"city": "dhanbad", "lst_c": 41.47}}, {"type": "Feature", "geometry": {"type": "Point", "coordinates": [86.32383180628645, 23.73101943940643]}, "properties": {"city": "dhanbad", "lst_c": 40.67}}, {"type": "Feature", "geometry": {"type": "Point", "coordinates": [86.32787422506499, 23.73101943940643]}, "properties": {"city": "dhanbad", "lst_c": 41.04}}, {"type": "Feature", "geometry": {"type": "Point", "coordinates": [86.33191664384353, 23.73101943940643]}, "properties": {"city": "dhanbad", "lst_c": 43.03}}, {"type": "Feature", "geometry": {"type": "Point", "coordinates": [86.33595906262207, 23.73101943940643]}, "properties": {"city": "dhanbad", "lst_c": 41.28}}, {"type": "Feature", "geometry": {"type": "Point", "coordinates": [86.3400014814006, 23.73101943940643]}, "properties": {"city": "dhanbad", "lst_c": 40.65}}, {"type": "Feature", "geometry": {"type": "Point", "coordinates": [86.34404390017914, 23.73101943940643]}, "properties": {"city": "dhanbad", "lst_c": 39.52}}, {"type": "Feature", "geometry": {"type": "Point", "coordinates": [86.34808631895768, 23.73101943940643]}, "properties": {"city": "dhanbad", "lst_c": 39.88}}, {"type": "Feature", "geometry": {"type": "Point", "coordinates": [86.35212873773622, 23.73101943940643]}, "properties": {"city": "dhanbad", "lst_c": 41.12}}, {"type": "Feature", "geometry": {"type": "Point", "coordinates": [86.35617115651476, 23.73101943940643]}, "properties": {"city": "dhanbad", "lst_c": 40.19}}, {"type": "Feature", "geometry": {"type": "Point", "coordinates": [86.36021357529329, 23.73101943940643]}, "properties": {"city": "dhanbad", "lst_c": 40.7}}, {"type": "Feature", "geometry": {"type": "Point", "coordinates": [86.36425599407183, 23.73101943940643]}, "properties": {"city": "dhanbad", "lst_c": 44.17}}, {"type": "Feature", "geometry": {"type": "Point", "coordinates": [86.36829841285036, 23.73101943940643]}, "properties": {"city": "dhanbad", "lst_c": 43.51}}, {"type": "Feature", "geometry": {"type": "Point", "coordinates": [86.3723408316289, 23.73101943940643]}, "properties": {"city": "dhanbad", "lst_c": 41.3}}, {"type": "Feature", "geometry": {"type": "Point", "coordinates": [86.37638325040744, 23.73101943940643]}, "properties": {"city": "dhanbad", "lst_c": 38.94}}, {"type": "Feature", "geometry": {"type": "Point", "coordinates": [86.38042566918598, 23.73101943940643]}, "properties": {"city": "dhanbad", "lst_c": 42.1}}, {"type": "Feature", "geometry": {"type": "Point", "coordinates": [86.38446808796452, 23.73101943940643]}, "properties": {"city": "dhanbad", "lst_c": 41.63}}, {"type": "Feature", "geometry": {"type": "Point", "coordinates": [86.38851050674306, 23.73101943940643]}, "properties": {"city": "dhanbad", "lst_c": 40.78}}, {"type": "Feature", "geometry": {"type": "Point", "coordinates": [86.3925529255216, 23.73101943940643]}, "properties": {"city": "dhanbad", "lst_c": 39.52}}, {"type": "Feature", "geometry": {"type": "Point", "coordinates": [86.39659534430014, 23.73101943940643]}, "properties": {"city": "dhanbad", "lst_c": 43.32}}, {"type": "Feature", "geometry": {"type": "Point", "coordinates": [86.40063776307868, 23.73101943940643]}, "properties": {"city": "dhanbad", "lst_c": 40.85}}, {"type": "Feature", "geometry": {"type": "Point", "coordinates": [86.4046801818572, 23.73101943940643]}, "properties": {"city": "dhanbad", "lst_c": 41.67}}, {"type": "Feature", "geometry": {"type": "Point", "coordinates": [86.40872260063574, 23.73101943940643]}, "properties": {"city": "dhanbad", "lst_c": 42.38}}, {"type": "Feature", "geometry": {"type": "Point", "coordinates": [86.41276501941428, 23.73101943940643]}, "properties": {"city": "dhanbad", "lst_c": 43.62}}, {"type": "Feature", "geometry": {"type": "Point", "coordinates": [86.41680743819282, 23.73101943940643]}, "properties": {"city": "dhanbad", "lst_c": 47.34}}, {"type": "Feature", "geometry": {"type": "Point", "coordinates": [86.42084985697136, 23.73101943940643]}, "properties": {"city": "dhanbad", "lst_c": 46.1}}, {"type": "Feature", "geometry": {"type": "Point", "coordinates": [86.4248922757499, 23.73101943940643]}, "properties": {"city": "dhanbad", "lst_c": 45.58}}, {"type": "Feature", "geometry": {"type": "Point", "coordinates": [86.42893469452844, 23.73101943940643]}, "properties": {"city": "dhanbad", "lst_c": 37.36}}, {"type": "Feature", "geometry": {"type": "Point", "coordinates": [86.43297711330698, 23.73101943940643]}, "properties": {"city": "dhanbad", "lst_c": 44.67}}, {"type": "Feature", "geometry": {"type": "Point", "coordinates": [86.43701953208551, 23.73101943940643]}, "properties": {"city": "dhanbad", "lst_c": 47.86}}, {"type": "Feature", "geometry": {"type": "Point", "coordinates": [86.44106195086405, 23.73101943940643]}, "properties": {"city": "dhanbad", "lst_c": 47.59}}, {"type": "Feature", "geometry": {"type": "Point", "coordinates": [86.44510436964259, 23.73101943940643]}, "properties": {"city": "dhanbad", "lst_c": 45.67}}, {"type": "Feature", "geometry": {"type": "Point", "coordinates": [86.44914678842113, 23.73101943940643]}, "properties": {"city": "dhanbad", "lst_c": 42.38}}, {"type": "Feature", "geometry": {"type": "Point", "coordinates": [86.45318920719966, 23.73101943940643]}, "properties": {"city": "dhanbad", "lst_c": 40.21}}, {"type": "Feature", "geometry": {"type": "Point", "coordinates": [86.4572316259782, 23.73101943940643]}, "properties": {"city": "dhanbad", "lst_c": 40.05}}, {"type": "Feature", "geometry": {"type": "Point", "coordinates": [86.46127404475673, 23.73101943940643]}, "properties": {"city": "dhanbad", "lst_c": 40.52}}, {"type": "Feature", "geometry": {"type": "Point", "coordinates": [86.46531646353527, 23.73101943940643]}, "properties": {"city": "dhanbad", "lst_c": 40.5}}, {"type": "Feature", "geometry": {"type": "Point", "coordinates": [86.46935888231381, 23.73101943940643]}, "properties": {"city": "dhanbad", "lst_c": 41.67}}, {"type": "Feature", "geometry": {"type": "Point", "coordinates": [86.47340130109235, 23.73101943940643]}, "properties": {"city": "dhanbad", "lst_c": 41.49}}, {"type": "Feature", "geometry": {"type": "Point", "coordinates": [86.47744371987089, 23.73101943940643]}, "properties": {"city": "dhanbad", "lst_c": 41.77}}, {"type": "Feature", "geometry": {"type": "Point", "coordinates": [86.48148613864943, 23.73101943940643]}, "properties": {"city": "dhanbad", "lst_c": 43.26}}, {"type": "Feature", "geometry": {"type": "Point", "coordinates": [86.48552855742797, 23.73101943940643]}, "properties": {"city": "dhanbad", "lst_c": 40.47}}, {"type": "Feature", "geometry": {"type": "Point", "coordinates": [86.48957097620651, 23.73101943940643]}, "properties": {"city": "dhanbad", "lst_c": 42.31}}, {"type": "Feature", "geometry": {"type": "Point", "coordinates": [86.49361339498505, 23.73101943940643]}, "properties": {"city": "dhanbad", "lst_c": 42.25}}, {"type": "Feature", "geometry": {"type": "Point", "coordinates": [86.49765581376359, 23.73101943940643]}, "properties": {"city": "dhanbad", "lst_c": 43.49}}, {"type": "Feature", "geometry": {"type": "Point", "coordinates": [86.50169823254211, 23.73101943940643]}, "properties": {"city": "dhanbad", "lst_c": 42.24}}, {"type": "Feature", "geometry": {"type": "Point", "coordinates": [86.50574065132065, 23.73101943940643]}, "properties": {"city": "dhanbad", "lst_c": 40.42}}, {"type": "Feature", "geometry": {"type": "Point", "coordinates": [86.50978307009919, 23.73101943940643]}, "properties": {"city": "dhanbad", "lst_c": 40.74}}, {"type": "Feature", "geometry": {"type": "Point", "coordinates": [86.51382548887773, 23.73101943940643]}, "properties": {"city": "dhanbad", "lst_c": 41.91}}, {"type": "Feature", "geometry": {"type": "Point", "coordinates": [86.51786790765627, 23.73101943940643]}, "properties": {"city": "dhanbad", "lst_c": 42.23}}, {"type": "Feature", "geometry": {"type": "Point", "coordinates": [86.5219103264348, 23.73101943940643]}, "properties": {"city": "dhanbad", "lst_c": 43.71}}, {"type": "Feature", "geometry": {"type": "Point", "coordinates": [86.52595274521335, 23.73101943940643]}, "properties": {"city": "dhanbad", "lst_c": 42.88}}, {"type": "Feature", "geometry": {"type": "Point", "coordinates": [86.52999516399188, 23.73101943940643]}, "properties": {"city": "dhanbad", "lst_c": 42.23}}, {"type": "Feature", "geometry": {"type": "Point", "coordinates": [86.53403758277042, 23.73101943940643]}, "properties": {"city": "dhanbad", "lst_c": 40.67}}, {"type": "Feature", "geometry": {"type": "Point", "coordinates": [86.53808000154896, 23.73101943940643]}, "properties": {"city": "dhanbad", "lst_c": 42.0}}, {"type": "Feature", "geometry": {"type": "Point", "coordinates": [86.5421224203275, 23.73101943940643]}, "properties": {"city": "dhanbad", "lst_c": 44.2}}, {"type": "Feature", "geometry": {"type": "Point", "coordinates": [86.54616483910603, 23.73101943940643]}, "properties": {"city": "dhanbad", "lst_c": 45.46}}, {"type": "Feature", "geometry": {"type": "Point", "coordinates": [86.30361971239377, 23.735061858184967]}, "properties": {"city": "dhanbad", "lst_c": 41.76}}, {"type": "Feature", "geometry": {"type": "Point", "coordinates": [86.30766213117231, 23.735061858184967]}, "properties": {"city": "dhanbad", "lst_c": 43.31}}, {"type": "Feature", "geometry": {"type": "Point", "coordinates": [86.31170454995083, 23.735061858184967]}, "properties": {"city": "dhanbad", "lst_c": 41.4}}, {"type": "Feature", "geometry": {"type": "Point", "coordinates": [86.31574696872937, 23.735061858184967]}, "properties": {"city": "dhanbad", "lst_c": 42.61}}, {"type": "Feature", "geometry": {"type": "Point", "coordinates": [86.31978938750791, 23.735061858184967]}, "properties": {"city": "dhanbad", "lst_c": 40.53}}, {"type": "Feature", "geometry": {"type": "Point", "coordinates": [86.32383180628645, 23.735061858184967]}, "properties": {"city": "dhanbad", "lst_c": 38.69}}, {"type": "Feature", "geometry": {"type": "Point", "coordinates": [86.32787422506499, 23.735061858184967]}, "properties": {"city": "dhanbad", "lst_c": 41.43}}, {"type": "Feature", "geometry": {"type": "Point", "coordinates": [86.33191664384353, 23.735061858184967]}, "properties": {"city": "dhanbad", "lst_c": 41.95}}, {"type": "Feature", "geometry": {"type": "Point", "coordinates": [86.33595906262207, 23.735061858184967]}, "properties": {"city": "dhanbad", "lst_c": 42.61}}, {"type": "Feature", "geometry": {"type": "Point", "coordinates": [86.3400014814006, 23.735061858184967]}, "properties": {"city": "dhanbad", "lst_c": 42.09}}, {"type": "Feature", "geometry": {"type": "Point", "coordinates": [86.34404390017914, 23.735061858184967]}, "properties": {"city": "dhanbad", "lst_c": 38.76}}, {"type": "Feature", "geometry": {"type": "Point", "coordinates": [86.34808631895768, 23.735061858184967]}, "properties": {"city": "dhanbad", "lst_c": 40.62}}, {"type": "Feature", "geometry": {"type": "Point", "coordinates": [86.35212873773622, 23.735061858184967]}, "properties": {"city": "dhanbad", "lst_c": 41.09}}, {"type": "Feature", "geometry": {"type": "Point", "coordinates": [86.35617115651476, 23.735061858184967]}, "properties": {"city": "dhanbad", "lst_c": 39.59}}, {"type": "Feature", "geometry": {"type": "Point", "coordinates": [86.36021357529329, 23.735061858184967]}, "properties": {"city": "dhanbad", "lst_c": 39.95}}, {"type": "Feature", "geometry": {"type": "Point", "coordinates": [86.36425599407183, 23.735061858184967]}, "properties": {"city": "dhanbad", "lst_c": 43.52}}, {"type": "Feature", "geometry": {"type": "Point", "coordinates": [86.36829841285036, 23.735061858184967]}, "properties": {"city": "dhanbad", "lst_c": 43.85}}, {"type": "Feature", "geometry": {"type": "Point", "coordinates": [86.3723408316289, 23.735061858184967]}, "properties": {"city": "dhanbad", "lst_c": 40.99}}, {"type": "Feature", "geometry": {"type": "Point", "coordinates": [86.37638325040744, 23.735061858184967]}, "properties": {"city": "dhanbad", "lst_c": 40.34}}, {"type": "Feature", "geometry": {"type": "Point", "coordinates": [86.38042566918598, 23.735061858184967]}, "properties": {"city": "dhanbad", "lst_c": 41.65}}, {"type": "Feature", "geometry": {"type": "Point", "coordinates": [86.38446808796452, 23.735061858184967]}, "properties": {"city": "dhanbad", "lst_c": 40.96}}, {"type": "Feature", "geometry": {"type": "Point", "coordinates": [86.38851050674306, 23.735061858184967]}, "properties": {"city": "dhanbad", "lst_c": 40.16}}, {"type": "Feature", "geometry": {"type": "Point", "coordinates": [86.3925529255216, 23.735061858184967]}, "properties": {"city": "dhanbad", "lst_c": 42.96}}, {"type": "Feature", "geometry": {"type": "Point", "coordinates": [86.39659534430014, 23.735061858184967]}, "properties": {"city": "dhanbad", "lst_c": 43.52}}, {"type": "Feature", "geometry": {"type": "Point", "coordinates": [86.40063776307868, 23.735061858184967]}, "properties": {"city": "dhanbad", "lst_c": 42.01}}, {"type": "Feature", "geometry": {"type": "Point", "coordinates": [86.4046801818572, 23.735061858184967]}, "properties": {"city": "dhanbad", "lst_c": 41.9}}, {"type": "Feature", "geometry": {"type": "Point", "coordinates": [86.40872260063574, 23.735061858184967]}, "properties": {"city": "dhanbad", "lst_c": 41.66}}, {"type": "Feature", "geometry": {"type": "Point", "coordinates": [86.41276501941428, 23.735061858184967]}, "properties": {"city": "dhanbad", "lst_c": 42.77}}, {"type": "Feature", "geometry": {"type": "Point", "coordinates": [86.41680743819282, 23.735061858184967]}, "properties": {"city": "dhanbad", "lst_c": 42.15}}, {"type": "Feature", "geometry": {"type": "Point", "coordinates": [86.42084985697136, 23.735061858184967]}, "properties": {"city": "dhanbad", "lst_c": 42.3}}, {"type": "Feature", "geometry": {"type": "Point", "coordinates": [86.4248922757499, 23.735061858184967]}, "properties": {"city": "dhanbad", "lst_c": 43.52}}, {"type": "Feature", "geometry": {"type": "Point", "coordinates": [86.42893469452844, 23.735061858184967]}, "properties": {"city": "dhanbad", "lst_c": 44.61}}, {"type": "Feature", "geometry": {"type": "Point", "coordinates": [86.43297711330698, 23.735061858184967]}, "properties": {"city": "dhanbad", "lst_c": 45.75}}, {"type": "Feature", "geometry": {"type": "Point", "coordinates": [86.43701953208551, 23.735061858184967]}, "properties": {"city": "dhanbad", "lst_c": 46.65}}, {"type": "Feature", "geometry": {"type": "Point", "coordinates": [86.44106195086405, 23.735061858184967]}, "properties": {"city": "dhanbad", "lst_c": 43.4}}, {"type": "Feature", "geometry": {"type": "Point", "coordinates": [86.44510436964259, 23.735061858184967]}, "properties": {"city": "dhanbad", "lst_c": 40.37}}, {"type": "Feature", "geometry": {"type": "Point", "coordinates": [86.44914678842113, 23.735061858184967]}, "properties": {"city": "dhanbad", "lst_c": 41.65}}, {"type": "Feature", "geometry": {"type": "Point", "coordinates": [86.45318920719966, 23.735061858184967]}, "properties": {"city": "dhanbad", "lst_c": 41.31}}, {"type": "Feature", "geometry": {"type": "Point", "coordinates": [86.4572316259782, 23.735061858184967]}, "properties": {"city": "dhanbad", "lst_c": 40.88}}, {"type": "Feature", "geometry": {"type": "Point", "coordinates": [86.46127404475673, 23.735061858184967]}, "properties": {"city": "dhanbad", "lst_c": 41.54}}, {"type": "Feature", "geometry": {"type": "Point", "coordinates": [86.46531646353527, 23.735061858184967]}, "properties": {"city": "dhanbad", "lst_c": 41.37}}, {"type": "Feature", "geometry": {"type": "Point", "coordinates": [86.46935888231381, 23.735061858184967]}, "properties": {"city": "dhanbad", "lst_c": 40.44}}, {"type": "Feature", "geometry": {"type": "Point", "coordinates": [86.47340130109235, 23.735061858184967]}, "properties": {"city": "dhanbad", "lst_c": 40.41}}, {"type": "Feature", "geometry": {"type": "Point", "coordinates": [86.47744371987089, 23.735061858184967]}, "properties": {"city": "dhanbad", "lst_c": 39.85}}, {"type": "Feature", "geometry": {"type": "Point", "coordinates": [86.48148613864943, 23.735061858184967]}, "properties": {"city": "dhanbad", "lst_c": 40.5}}, {"type": "Feature", "geometry": {"type": "Point", "coordinates": [86.48552855742797, 23.735061858184967]}, "properties": {"city": "dhanbad", "lst_c": 39.44}}, {"type": "Feature", "geometry": {"type": "Point", "coordinates": [86.48957097620651, 23.735061858184967]}, "properties": {"city": "dhanbad", "lst_c": 42.32}}, {"type": "Feature", "geometry": {"type": "Point", "coordinates": [86.49361339498505, 23.735061858184967]}, "properties": {"city": "dhanbad", "lst_c": 41.9}}, {"type": "Feature", "geometry": {"type": "Point", "coordinates": [86.49765581376359, 23.735061858184967]}, "properties": {"city": "dhanbad", "lst_c": 42.14}}, {"type": "Feature", "geometry": {"type": "Point", "coordinates": [86.50169823254211, 23.735061858184967]}, "properties": {"city": "dhanbad", "lst_c": 42.71}}, {"type": "Feature", "geometry": {"type": "Point", "coordinates": [86.50574065132065, 23.735061858184967]}, "properties": {"city": "dhanbad", "lst_c": 42.59}}, {"type": "Feature", "geometry": {"type": "Point", "coordinates": [86.50978307009919, 23.735061858184967]}, "properties": {"city": "dhanbad", "lst_c": 42.2}}, {"type": "Feature", "geometry": {"type": "Point", "coordinates": [86.51382548887773, 23.735061858184967]}, "properties": {"city": "dhanbad", "lst_c": 42.61}}, {"type": "Feature", "geometry": {"type": "Point", "coordinates": [86.51786790765627, 23.735061858184967]}, "properties": {"city": "dhanbad", "lst_c": 43.35}}, {"type": "Feature", "geometry": {"type": "Point", "coordinates": [86.5219103264348, 23.735061858184967]}, "properties": {"city": "dhanbad", "lst_c": 42.96}}, {"type": "Feature", "geometry": {"type": "Point", "coordinates": [86.52595274521335, 23.735061858184967]}, "properties": {"city": "dhanbad", "lst_c": 43.33}}, {"type": "Feature", "geometry": {"type": "Point", "coordinates": [86.52999516399188, 23.735061858184967]}, "properties": {"city": "dhanbad", "lst_c": 43.33}}, {"type": "Feature", "geometry": {"type": "Point", "coordinates": [86.53403758277042, 23.735061858184967]}, "properties": {"city": "dhanbad", "lst_c": 43.52}}, {"type": "Feature", "geometry": {"type": "Point", "coordinates": [86.53808000154896, 23.735061858184967]}, "properties": {"city": "dhanbad", "lst_c": 42.34}}, {"type": "Feature", "geometry": {"type": "Point", "coordinates": [86.5421224203275, 23.735061858184967]}, "properties": {"city": "dhanbad", "lst_c": 43.53}}, {"type": "Feature", "geometry": {"type": "Point", "coordinates": [86.54616483910603, 23.735061858184967]}, "properties": {"city": "dhanbad", "lst_c": 43.13}}, {"type": "Feature", "geometry": {"type": "Point", "coordinates": [86.30361971239377, 23.739104276963506]}, "properties": {"city": "dhanbad", "lst_c": 41.19}}, {"type": "Feature", "geometry": {"type": "Point", "coordinates": [86.30766213117231, 23.739104276963506]}, "properties": {"city": "dhanbad", "lst_c": 41.2}}, {"type": "Feature", "geometry": {"type": "Point", "coordinates": [86.31170454995083, 23.739104276963506]}, "properties": {"city": "dhanbad", "lst_c": 43.26}}, {"type": "Feature", "geometry": {"type": "Point", "coordinates": [86.31574696872937, 23.739104276963506]}, "properties": {"city": "dhanbad", "lst_c": 42.94}}, {"type": "Feature", "geometry": {"type": "Point", "coordinates": [86.31978938750791, 23.739104276963506]}, "properties": {"city": "dhanbad", "lst_c": 40.62}}, {"type": "Feature", "geometry": {"type": "Point", "coordinates": [86.32383180628645, 23.739104276963506]}, "properties": {"city": "dhanbad", "lst_c": 42.81}}, {"type": "Feature", "geometry": {"type": "Point", "coordinates": [86.32787422506499, 23.739104276963506]}, "properties": {"city": "dhanbad", "lst_c": 43.7}}, {"type": "Feature", "geometry": {"type": "Point", "coordinates": [86.33191664384353, 23.739104276963506]}, "properties": {"city": "dhanbad", "lst_c": 44.11}}, {"type": "Feature", "geometry": {"type": "Point", "coordinates": [86.33595906262207, 23.739104276963506]}, "properties": {"city": "dhanbad", "lst_c": 43.86}}, {"type": "Feature", "geometry": {"type": "Point", "coordinates": [86.3400014814006, 23.739104276963506]}, "properties": {"city": "dhanbad", "lst_c": 40.79}}, {"type": "Feature", "geometry": {"type": "Point", "coordinates": [86.34404390017914, 23.739104276963506]}, "properties": {"city": "dhanbad", "lst_c": 40.76}}, {"type": "Feature", "geometry": {"type": "Point", "coordinates": [86.34808631895768, 23.739104276963506]}, "properties": {"city": "dhanbad", "lst_c": 39.64}}, {"type": "Feature", "geometry": {"type": "Point", "coordinates": [86.35212873773622, 23.739104276963506]}, "properties": {"city": "dhanbad", "lst_c": 40.09}}, {"type": "Feature", "geometry": {"type": "Point", "coordinates": [86.35617115651476, 23.739104276963506]}, "properties": {"city": "dhanbad", "lst_c": 41.66}}, {"type": "Feature", "geometry": {"type": "Point", "coordinates": [86.36021357529329, 23.739104276963506]}, "properties": {"city": "dhanbad", "lst_c": 43.5}}, {"type": "Feature", "geometry": {"type": "Point", "coordinates": [86.36425599407183, 23.739104276963506]}, "properties": {"city": "dhanbad", "lst_c": 41.83}}, {"type": "Feature", "geometry": {"type": "Point", "coordinates": [86.36829841285036, 23.739104276963506]}, "properties": {"city": "dhanbad", "lst_c": 41.52}}, {"type": "Feature", "geometry": {"type": "Point", "coordinates": [86.3723408316289, 23.739104276963506]}, "properties": {"city": "dhanbad", "lst_c": 43.12}}, {"type": "Feature", "geometry": {"type": "Point", "coordinates": [86.37638325040744, 23.739104276963506]}, "properties": {"city": "dhanbad", "lst_c": 42.16}}, {"type": "Feature", "geometry": {"type": "Point", "coordinates": [86.38042566918598, 23.739104276963506]}, "properties": {"city": "dhanbad", "lst_c": 40.88}}, {"type": "Feature", "geometry": {"type": "Point", "coordinates": [86.38446808796452, 23.739104276963506]}, "properties": {"city": "dhanbad", "lst_c": 40.96}}, {"type": "Feature", "geometry": {"type": "Point", "coordinates": [86.38851050674306, 23.739104276963506]}, "properties": {"city": "dhanbad", "lst_c": 42.21}}, {"type": "Feature", "geometry": {"type": "Point", "coordinates": [86.3925529255216, 23.739104276963506]}, "properties": {"city": "dhanbad", "lst_c": 43.31}}, {"type": "Feature", "geometry": {"type": "Point", "coordinates": [86.39659534430014, 23.739104276963506]}, "properties": {"city": "dhanbad", "lst_c": 41.68}}, {"type": "Feature", "geometry": {"type": "Point", "coordinates": [86.40063776307868, 23.739104276963506]}, "properties": {"city": "dhanbad", "lst_c": 42.08}}, {"type": "Feature", "geometry": {"type": "Point", "coordinates": [86.4046801818572, 23.739104276963506]}, "properties": {"city": "dhanbad", "lst_c": 43.92}}, {"type": "Feature", "geometry": {"type": "Point", "coordinates": [86.40872260063574, 23.739104276963506]}, "properties": {"city": "dhanbad", "lst_c": 42.32}}, {"type": "Feature", "geometry": {"type": "Point", "coordinates": [86.41276501941428, 23.739104276963506]}, "properties": {"city": "dhanbad", "lst_c": 41.57}}, {"type": "Feature", "geometry": {"type": "Point", "coordinates": [86.41680743819282, 23.739104276963506]}, "properties": {"city": "dhanbad", "lst_c": 42.29}}, {"type": "Feature", "geometry": {"type": "Point", "coordinates": [86.42084985697136, 23.739104276963506]}, "properties": {"city": "dhanbad", "lst_c": 42.74}}, {"type": "Feature", "geometry": {"type": "Point", "coordinates": [86.4248922757499, 23.739104276963506]}, "properties": {"city": "dhanbad", "lst_c": 42.6}}, {"type": "Feature", "geometry": {"type": "Point", "coordinates": [86.42893469452844, 23.739104276963506]}, "properties": {"city": "dhanbad", "lst_c": 44.21}}, {"type": "Feature", "geometry": {"type": "Point", "coordinates": [86.43297711330698, 23.739104276963506]}, "properties": {"city": "dhanbad", "lst_c": 45.67}}, {"type": "Feature", "geometry": {"type": "Point", "coordinates": [86.43701953208551, 23.739104276963506]}, "properties": {"city": "dhanbad", "lst_c": 45.88}}, {"type": "Feature", "geometry": {"type": "Point", "coordinates": [86.44106195086405, 23.739104276963506]}, "properties": {"city": "dhanbad", "lst_c": 42.09}}, {"type": "Feature", "geometry": {"type": "Point", "coordinates": [86.44510436964259, 23.739104276963506]}, "properties": {"city": "dhanbad", "lst_c": 42.99}}, {"type": "Feature", "geometry": {"type": "Point", "coordinates": [86.44914678842113, 23.739104276963506]}, "properties": {"city": "dhanbad", "lst_c": 41.07}}, {"type": "Feature", "geometry": {"type": "Point", "coordinates": [86.45318920719966, 23.739104276963506]}, "properties": {"city": "dhanbad", "lst_c": 43.01}}, {"type": "Feature", "geometry": {"type": "Point", "coordinates": [86.4572316259782, 23.739104276963506]}, "properties": {"city": "dhanbad", "lst_c": 41.44}}, {"type": "Feature", "geometry": {"type": "Point", "coordinates": [86.46127404475673, 23.739104276963506]}, "properties": {"city": "dhanbad", "lst_c": 41.06}}, {"type": "Feature", "geometry": {"type": "Point", "coordinates": [86.46531646353527, 23.739104276963506]}, "properties": {"city": "dhanbad", "lst_c": 40.76}}, {"type": "Feature", "geometry": {"type": "Point", "coordinates": [86.46935888231381, 23.739104276963506]}, "properties": {"city": "dhanbad", "lst_c": 41.89}}, {"type": "Feature", "geometry": {"type": "Point", "coordinates": [86.47340130109235, 23.739104276963506]}, "properties": {"city": "dhanbad", "lst_c": 41.03}}, {"type": "Feature", "geometry": {"type": "Point", "coordinates": [86.47744371987089, 23.739104276963506]}, "properties": {"city": "dhanbad", "lst_c": 42.82}}, {"type": "Feature", "geometry": {"type": "Point", "coordinates": [86.48148613864943, 23.739104276963506]}, "properties": {"city": "dhanbad", "lst_c": 40.85}}, {"type": "Feature", "geometry": {"type": "Point", "coordinates": [86.48552855742797, 23.739104276963506]}, "properties": {"city": "dhanbad", "lst_c": 40.26}}, {"type": "Feature", "geometry": {"type": "Point", "coordinates": [86.48957097620651, 23.739104276963506]}, "properties": {"city": "dhanbad", "lst_c": 42.51}}, {"type": "Feature", "geometry": {"type": "Point", "coordinates": [86.49361339498505, 23.739104276963506]}, "properties": {"city": "dhanbad", "lst_c": 41.08}}, {"type": "Feature", "geometry": {"type": "Point", "coordinates": [86.49765581376359, 23.739104276963506]}, "properties": {"city": "dhanbad", "lst_c": 45.92}}, {"type": "Feature", "geometry": {"type": "Point", "coordinates": [86.50169823254211, 23.739104276963506]}, "properties": {"city": "dhanbad", "lst_c": 40.71}}, {"type": "Feature", "geometry": {"type": "Point", "coordinates": [86.50574065132065, 23.739104276963506]}, "properties": {"city": "dhanbad", "lst_c": 42.85}}, {"type": "Feature", "geometry": {"type": "Point", "coordinates": [86.50978307009919, 23.739104276963506]}, "properties": {"city": "dhanbad", "lst_c": 42.05}}, {"type": "Feature", "geometry": {"type": "Point", "coordinates": [86.51382548887773, 23.739104276963506]}, "properties": {"city": "dhanbad", "lst_c": 43.81}}, {"type": "Feature", "geometry": {"type": "Point", "coordinates": [86.51786790765627, 23.739104276963506]}, "properties": {"city": "dhanbad", "lst_c": 42.19}}, {"type": "Feature", "geometry": {"type": "Point", "coordinates": [86.5219103264348, 23.739104276963506]}, "properties": {"city": "dhanbad", "lst_c": 43.92}}, {"type": "Feature", "geometry": {"type": "Point", "coordinates": [86.52595274521335, 23.739104276963506]}, "properties": {"city": "dhanbad", "lst_c": 44.27}}, {"type": "Feature", "geometry": {"type": "Point", "coordinates": [86.52999516399188, 23.739104276963506]}, "properties": {"city": "dhanbad", "lst_c": 44.46}}, {"type": "Feature", "geometry": {"type": "Point", "coordinates": [86.53403758277042, 23.739104276963506]}, "properties": {"city": "dhanbad", "lst_c": 43.73}}, {"type": "Feature", "geometry": {"type": "Point", "coordinates": [86.53808000154896, 23.739104276963506]}, "properties": {"city": "dhanbad", "lst_c": 42.02}}, {"type": "Feature", "geometry": {"type": "Point", "coordinates": [86.5421224203275, 23.739104276963506]}, "properties": {"city": "dhanbad", "lst_c": 44.23}}, {"type": "Feature", "geometry": {"type": "Point", "coordinates": [86.54616483910603, 23.739104276963506]}, "properties": {"city": "dhanbad", "lst_c": 44.69}}, {"type": "Feature", "geometry": {"type": "Point", "coordinates": [86.30361971239377, 23.743146695742045]}, "properties": {"city": "dhanbad", "lst_c": 41.16}}, {"type": "Feature", "geometry": {"type": "Point", "coordinates": [86.30766213117231, 23.743146695742045]}, "properties": {"city": "dhanbad", "lst_c": 42.98}}, {"type": "Feature", "geometry": {"type": "Point", "coordinates": [86.31170454995083, 23.743146695742045]}, "properties": {"city": "dhanbad", "lst_c": 44.09}}, {"type": "Feature", "geometry": {"type": "Point", "coordinates": [86.31574696872937, 23.743146695742045]}, "properties": {"city": "dhanbad", "lst_c": 42.96}}, {"type": "Feature", "geometry": {"type": "Point", "coordinates": [86.31978938750791, 23.743146695742045]}, "properties": {"city": "dhanbad", "lst_c": 44.14}}, {"type": "Feature", "geometry": {"type": "Point", "coordinates": [86.32383180628645, 23.743146695742045]}, "properties": {"city": "dhanbad", "lst_c": 43.3}}, {"type": "Feature", "geometry": {"type": "Point", "coordinates": [86.32787422506499, 23.743146695742045]}, "properties": {"city": "dhanbad", "lst_c": 42.27}}, {"type": "Feature", "geometry": {"type": "Point", "coordinates": [86.33191664384353, 23.743146695742045]}, "properties": {"city": "dhanbad", "lst_c": 45.29}}, {"type": "Feature", "geometry": {"type": "Point", "coordinates": [86.33595906262207, 23.743146695742045]}, "properties": {"city": "dhanbad", "lst_c": 45.62}}, {"type": "Feature", "geometry": {"type": "Point", "coordinates": [86.3400014814006, 23.743146695742045]}, "properties": {"city": "dhanbad", "lst_c": 42.58}}, {"type": "Feature", "geometry": {"type": "Point", "coordinates": [86.34404390017914, 23.743146695742045]}, "properties": {"city": "dhanbad", "lst_c": 40.33}}, {"type": "Feature", "geometry": {"type": "Point", "coordinates": [86.34808631895768, 23.743146695742045]}, "properties": {"city": "dhanbad", "lst_c": 40.14}}, {"type": "Feature", "geometry": {"type": "Point", "coordinates": [86.35212873773622, 23.743146695742045]}, "properties": {"city": "dhanbad", "lst_c": 42.86}}, {"type": "Feature", "geometry": {"type": "Point", "coordinates": [86.35617115651476, 23.743146695742045]}, "properties": {"city": "dhanbad", "lst_c": 43.18}}, {"type": "Feature", "geometry": {"type": "Point", "coordinates": [86.36021357529329, 23.743146695742045]}, "properties": {"city": "dhanbad", "lst_c": 43.02}}, {"type": "Feature", "geometry": {"type": "Point", "coordinates": [86.36425599407183, 23.743146695742045]}, "properties": {"city": "dhanbad", "lst_c": 42.61}}, {"type": "Feature", "geometry": {"type": "Point", "coordinates": [86.36829841285036, 23.743146695742045]}, "properties": {"city": "dhanbad", "lst_c": 42.69}}, {"type": "Feature", "geometry": {"type": "Point", "coordinates": [86.3723408316289, 23.743146695742045]}, "properties": {"city": "dhanbad", "lst_c": 42.88}}, {"type": "Feature", "geometry": {"type": "Point", "coordinates": [86.37638325040744, 23.743146695742045]}, "properties": {"city": "dhanbad", "lst_c": 40.47}}, {"type": "Feature", "geometry": {"type": "Point", "coordinates": [86.38042566918598, 23.743146695742045]}, "properties": {"city": "dhanbad", "lst_c": 43.41}}, {"type": "Feature", "geometry": {"type": "Point", "coordinates": [86.38446808796452, 23.743146695742045]}, "properties": {"city": "dhanbad", "lst_c": 40.48}}, {"type": "Feature", "geometry": {"type": "Point", "coordinates": [86.38851050674306, 23.743146695742045]}, "properties": {"city": "dhanbad", "lst_c": 43.54}}, {"type": "Feature", "geometry": {"type": "Point", "coordinates": [86.3925529255216, 23.743146695742045]}, "properties": {"city": "dhanbad", "lst_c": 44.0}}, {"type": "Feature", "geometry": {"type": "Point", "coordinates": [86.39659534430014, 23.743146695742045]}, "properties": {"city": "dhanbad", "lst_c": 43.25}}, {"type": "Feature", "geometry": {"type": "Point", "coordinates": [86.40063776307868, 23.743146695742045]}, "properties": {"city": "dhanbad", "lst_c": 44.13}}, {"type": "Feature", "geometry": {"type": "Point", "coordinates": [86.4046801818572, 23.743146695742045]}, "properties": {"city": "dhanbad", "lst_c": 44.64}}, {"type": "Feature", "geometry": {"type": "Point", "coordinates": [86.40872260063574, 23.743146695742045]}, "properties": {"city": "dhanbad", "lst_c": 42.88}}, {"type": "Feature", "geometry": {"type": "Point", "coordinates": [86.41276501941428, 23.743146695742045]}, "properties": {"city": "dhanbad", "lst_c": 40.57}}, {"type": "Feature", "geometry": {"type": "Point", "coordinates": [86.41680743819282, 23.743146695742045]}, "properties": {"city": "dhanbad", "lst_c": 41.87}}, {"type": "Feature", "geometry": {"type": "Point", "coordinates": [86.42084985697136, 23.743146695742045]}, "properties": {"city": "dhanbad", "lst_c": 41.18}}, {"type": "Feature", "geometry": {"type": "Point", "coordinates": [86.4248922757499, 23.743146695742045]}, "properties": {"city": "dhanbad", "lst_c": 41.85}}, {"type": "Feature", "geometry": {"type": "Point", "coordinates": [86.42893469452844, 23.743146695742045]}, "properties": {"city": "dhanbad", "lst_c": 44.33}}, {"type": "Feature", "geometry": {"type": "Point", "coordinates": [86.43297711330698, 23.743146695742045]}, "properties": {"city": "dhanbad", "lst_c": 45.21}}, {"type": "Feature", "geometry": {"type": "Point", "coordinates": [86.43701953208551, 23.743146695742045]}, "properties": {"city": "dhanbad", "lst_c": 42.78}}, {"type": "Feature", "geometry": {"type": "Point", "coordinates": [86.44106195086405, 23.743146695742045]}, "properties": {"city": "dhanbad", "lst_c": 40.63}}, {"type": "Feature", "geometry": {"type": "Point", "coordinates": [86.44510436964259, 23.743146695742045]}, "properties": {"city": "dhanbad", "lst_c": 42.92}}, {"type": "Feature", "geometry": {"type": "Point", "coordinates": [86.44914678842113, 23.743146695742045]}, "properties": {"city": "dhanbad", "lst_c": 41.36}}, {"type": "Feature", "geometry": {"type": "Point", "coordinates": [86.45318920719966, 23.743146695742045]}, "properties": {"city": "dhanbad", "lst_c": 42.42}}, {"type": "Feature", "geometry": {"type": "Point", "coordinates": [86.4572316259782, 23.743146695742045]}, "properties": {"city": "dhanbad", "lst_c": 40.98}}, {"type": "Feature", "geometry": {"type": "Point", "coordinates": [86.46127404475673, 23.743146695742045]}, "properties": {"city": "dhanbad", "lst_c": 38.63}}, {"type": "Feature", "geometry": {"type": "Point", "coordinates": [86.46531646353527, 23.743146695742045]}, "properties": {"city": "dhanbad", "lst_c": 39.05}}, {"type": "Feature", "geometry": {"type": "Point", "coordinates": [86.46935888231381, 23.743146695742045]}, "properties": {"city": "dhanbad", "lst_c": 39.84}}, {"type": "Feature", "geometry": {"type": "Point", "coordinates": [86.47340130109235, 23.743146695742045]}, "properties": {"city": "dhanbad", "lst_c": 42.63}}, {"type": "Feature", "geometry": {"type": "Point", "coordinates": [86.47744371987089, 23.743146695742045]}, "properties": {"city": "dhanbad", "lst_c": 41.6}}, {"type": "Feature", "geometry": {"type": "Point", "coordinates": [86.48148613864943, 23.743146695742045]}, "properties": {"city": "dhanbad", "lst_c": 40.82}}, {"type": "Feature", "geometry": {"type": "Point", "coordinates": [86.48552855742797, 23.743146695742045]}, "properties": {"city": "dhanbad", "lst_c": 40.16}}, {"type": "Feature", "geometry": {"type": "Point", "coordinates": [86.48957097620651, 23.743146695742045]}, "properties": {"city": "dhanbad", "lst_c": 41.86}}, {"type": "Feature", "geometry": {"type": "Point", "coordinates": [86.49361339498505, 23.743146695742045]}, "properties": {"city": "dhanbad", "lst_c": 40.6}}, {"type": "Feature", "geometry": {"type": "Point", "coordinates": [86.49765581376359, 23.743146695742045]}, "properties": {"city": "dhanbad", "lst_c": 43.21}}, {"type": "Feature", "geometry": {"type": "Point", "coordinates": [86.50169823254211, 23.743146695742045]}, "properties": {"city": "dhanbad", "lst_c": 42.6}}, {"type": "Feature", "geometry": {"type": "Point", "coordinates": [86.50574065132065, 23.743146695742045]}, "properties": {"city": "dhanbad", "lst_c": 43.22}}, {"type": "Feature", "geometry": {"type": "Point", "coordinates": [86.50978307009919, 23.743146695742045]}, "properties": {"city": "dhanbad", "lst_c": 43.14}}, {"type": "Feature", "geometry": {"type": "Point", "coordinates": [86.51382548887773, 23.743146695742045]}, "properties": {"city": "dhanbad", "lst_c": 41.15}}, {"type": "Feature", "geometry": {"type": "Point", "coordinates": [86.51786790765627, 23.743146695742045]}, "properties": {"city": "dhanbad", "lst_c": 43.3}}, {"type": "Feature", "geometry": {"type": "Point", "coordinates": [86.5219103264348, 23.743146695742045]}, "properties": {"city": "dhanbad", "lst_c": 44.24}}, {"type": "Feature", "geometry": {"type": "Point", "coordinates": [86.52595274521335, 23.743146695742045]}, "properties": {"city": "dhanbad", "lst_c": 44.13}}, {"type": "Feature", "geometry": {"type": "Point", "coordinates": [86.52999516399188, 23.743146695742045]}, "properties": {"city": "dhanbad", "lst_c": 44.0}}, {"type": "Feature", "geometry": {"type": "Point", "coordinates": [86.53403758277042, 23.743146695742045]}, "properties": {"city": "dhanbad", "lst_c": 44.86}}, {"type": "Feature", "geometry": {"type": "Point", "coordinates": [86.53808000154896, 23.743146695742045]}, "properties": {"city": "dhanbad", "lst_c": 45.05}}, {"type": "Feature", "geometry": {"type": "Point", "coordinates": [86.5421224203275, 23.743146695742045]}, "properties": {"city": "dhanbad", "lst_c": 45.09}}, {"type": "Feature", "geometry": {"type": "Point", "coordinates": [86.54616483910603, 23.743146695742045]}, "properties": {"city": "dhanbad", "lst_c": 44.71}}, {"type": "Feature", "geometry": {"type": "Point", "coordinates": [86.30361971239377, 23.74718911452058]}, "properties": {"city": "dhanbad", "lst_c": 41.9}}, {"type": "Feature", "geometry": {"type": "Point", "coordinates": [86.30766213117231, 23.74718911452058]}, "properties": {"city": "dhanbad", "lst_c": 40.84}}, {"type": "Feature", "geometry": {"type": "Point", "coordinates": [86.31170454995083, 23.74718911452058]}, "properties": {"city": "dhanbad", "lst_c": 42.3}}, {"type": "Feature", "geometry": {"type": "Point", "coordinates": [86.31574696872937, 23.74718911452058]}, "properties": {"city": "dhanbad", "lst_c": 43.02}}, {"type": "Feature", "geometry": {"type": "Point", "coordinates": [86.31978938750791, 23.74718911452058]}, "properties": {"city": "dhanbad", "lst_c": 42.46}}, {"type": "Feature", "geometry": {"type": "Point", "coordinates": [86.32383180628645, 23.74718911452058]}, "properties": {"city": "dhanbad", "lst_c": 44.02}}, {"type": "Feature", "geometry": {"type": "Point", "coordinates": [86.32787422506499, 23.74718911452058]}, "properties": {"city": "dhanbad", "lst_c": 44.56}}, {"type": "Feature", "geometry": {"type": "Point", "coordinates": [86.33191664384353, 23.74718911452058]}, "properties": {"city": "dhanbad", "lst_c": 42.96}}, {"type": "Feature", "geometry": {"type": "Point", "coordinates": [86.33595906262207, 23.74718911452058]}, "properties": {"city": "dhanbad", "lst_c": 43.06}}, {"type": "Feature", "geometry": {"type": "Point", "coordinates": [86.3400014814006, 23.74718911452058]}, "properties": {"city": "dhanbad", "lst_c": 43.01}}, {"type": "Feature", "geometry": {"type": "Point", "coordinates": [86.34404390017914, 23.74718911452058]}, "properties": {"city": "dhanbad", "lst_c": 39.4}}, {"type": "Feature", "geometry": {"type": "Point", "coordinates": [86.34808631895768, 23.74718911452058]}, "properties": {"city": "dhanbad", "lst_c": 42.09}}, {"type": "Feature", "geometry": {"type": "Point", "coordinates": [86.35212873773622, 23.74718911452058]}, "properties": {"city": "dhanbad", "lst_c": 42.09}}, {"type": "Feature", "geometry": {"type": "Point", "coordinates": [86.35617115651476, 23.74718911452058]}, "properties": {"city": "dhanbad", "lst_c": 42.87}}, {"type": "Feature", "geometry": {"type": "Point", "coordinates": [86.36021357529329, 23.74718911452058]}, "properties": {"city": "dhanbad", "lst_c": 44.26}}, {"type": "Feature", "geometry": {"type": "Point", "coordinates": [86.36425599407183, 23.74718911452058]}, "properties": {"city": "dhanbad", "lst_c": 43.68}}, {"type": "Feature", "geometry": {"type": "Point", "coordinates": [86.36829841285036, 23.74718911452058]}, "properties": {"city": "dhanbad", "lst_c": 41.49}}, {"type": "Feature", "geometry": {"type": "Point", "coordinates": [86.3723408316289, 23.74718911452058]}, "properties": {"city": "dhanbad", "lst_c": 44.14}}, {"type": "Feature", "geometry": {"type": "Point", "coordinates": [86.37638325040744, 23.74718911452058]}, "properties": {"city": "dhanbad", "lst_c": 40.43}}, {"type": "Feature", "geometry": {"type": "Point", "coordinates": [86.38042566918598, 23.74718911452058]}, "properties": {"city": "dhanbad", "lst_c": 42.07}}, {"type": "Feature", "geometry": {"type": "Point", "coordinates": [86.38446808796452, 23.74718911452058]}, "properties": {"city": "dhanbad", "lst_c": 41.82}}, {"type": "Feature", "geometry": {"type": "Point", "coordinates": [86.38851050674306, 23.74718911452058]}, "properties": {"city": "dhanbad", "lst_c": 42.83}}, {"type": "Feature", "geometry": {"type": "Point", "coordinates": [86.3925529255216, 23.74718911452058]}, "properties": {"city": "dhanbad", "lst_c": 44.06}}, {"type": "Feature", "geometry": {"type": "Point", "coordinates": [86.39659534430014, 23.74718911452058]}, "properties": {"city": "dhanbad", "lst_c": 43.65}}, {"type": "Feature", "geometry": {"type": "Point", "coordinates": [86.40063776307868, 23.74718911452058]}, "properties": {"city": "dhanbad", "lst_c": 42.73}}, {"type": "Feature", "geometry": {"type": "Point", "coordinates": [86.4046801818572, 23.74718911452058]}, "properties": {"city": "dhanbad", "lst_c": 47.56}}, {"type": "Feature", "geometry": {"type": "Point", "coordinates": [86.40872260063574, 23.74718911452058]}, "properties": {"city": "dhanbad", "lst_c": 42.73}}, {"type": "Feature", "geometry": {"type": "Point", "coordinates": [86.41276501941428, 23.74718911452058]}, "properties": {"city": "dhanbad", "lst_c": 42.6}}, {"type": "Feature", "geometry": {"type": "Point", "coordinates": [86.41680743819282, 23.74718911452058]}, "properties": {"city": "dhanbad", "lst_c": 42.9}}, {"type": "Feature", "geometry": {"type": "Point", "coordinates": [86.42084985697136, 23.74718911452058]}, "properties": {"city": "dhanbad", "lst_c": 45.47}}, {"type": "Feature", "geometry": {"type": "Point", "coordinates": [86.4248922757499, 23.74718911452058]}, "properties": {"city": "dhanbad", "lst_c": 45.67}}, {"type": "Feature", "geometry": {"type": "Point", "coordinates": [86.42893469452844, 23.74718911452058]}, "properties": {"city": "dhanbad", "lst_c": 45.53}}, {"type": "Feature", "geometry": {"type": "Point", "coordinates": [86.43297711330698, 23.74718911452058]}, "properties": {"city": "dhanbad", "lst_c": 45.62}}, {"type": "Feature", "geometry": {"type": "Point", "coordinates": [86.43701953208551, 23.74718911452058]}, "properties": {"city": "dhanbad", "lst_c": 42.83}}, {"type": "Feature", "geometry": {"type": "Point", "coordinates": [86.44106195086405, 23.74718911452058]}, "properties": {"city": "dhanbad", "lst_c": 42.12}}, {"type": "Feature", "geometry": {"type": "Point", "coordinates": [86.44510436964259, 23.74718911452058]}, "properties": {"city": "dhanbad", "lst_c": 43.81}}, {"type": "Feature", "geometry": {"type": "Point", "coordinates": [86.44914678842113, 23.74718911452058]}, "properties": {"city": "dhanbad", "lst_c": 42.54}}, {"type": "Feature", "geometry": {"type": "Point", "coordinates": [86.45318920719966, 23.74718911452058]}, "properties": {"city": "dhanbad", "lst_c": 40.3}}, {"type": "Feature", "geometry": {"type": "Point", "coordinates": [86.4572316259782, 23.74718911452058]}, "properties": {"city": "dhanbad", "lst_c": 38.48}}, {"type": "Feature", "geometry": {"type": "Point", "coordinates": [86.46127404475673, 23.74718911452058]}, "properties": {"city": "dhanbad", "lst_c": 42.32}}, {"type": "Feature", "geometry": {"type": "Point", "coordinates": [86.46531646353527, 23.74718911452058]}, "properties": {"city": "dhanbad", "lst_c": 41.87}}, {"type": "Feature", "geometry": {"type": "Point", "coordinates": [86.46935888231381, 23.74718911452058]}, "properties": {"city": "dhanbad", "lst_c": 41.11}}, {"type": "Feature", "geometry": {"type": "Point", "coordinates": [86.47340130109235, 23.74718911452058]}, "properties": {"city": "dhanbad", "lst_c": 39.57}}, {"type": "Feature", "geometry": {"type": "Point", "coordinates": [86.47744371987089, 23.74718911452058]}, "properties": {"city": "dhanbad", "lst_c": 39.89}}, {"type": "Feature", "geometry": {"type": "Point", "coordinates": [86.48148613864943, 23.74718911452058]}, "properties": {"city": "dhanbad", "lst_c": 41.67}}, {"type": "Feature", "geometry": {"type": "Point", "coordinates": [86.48552855742797, 23.74718911452058]}, "properties": {"city": "dhanbad", "lst_c": 42.77}}, {"type": "Feature", "geometry": {"type": "Point", "coordinates": [86.48957097620651, 23.74718911452058]}, "properties": {"city": "dhanbad", "lst_c": 41.45}}, {"type": "Feature", "geometry": {"type": "Point", "coordinates": [86.49361339498505, 23.74718911452058]}, "properties": {"city": "dhanbad", "lst_c": 42.07}}, {"type": "Feature", "geometry": {"type": "Point", "coordinates": [86.49765581376359, 23.74718911452058]}, "properties": {"city": "dhanbad", "lst_c": 43.81}}, {"type": "Feature", "geometry": {"type": "Point", "coordinates": [86.50169823254211, 23.74718911452058]}, "properties": {"city": "dhanbad", "lst_c": 40.77}}, {"type": "Feature", "geometry": {"type": "Point", "coordinates": [86.50574065132065, 23.74718911452058]}, "properties": {"city": "dhanbad", "lst_c": 44.5}}, {"type": "Feature", "geometry": {"type": "Point", "coordinates": [86.50978307009919, 23.74718911452058]}, "properties": {"city": "dhanbad", "lst_c": 44.51}}, {"type": "Feature", "geometry": {"type": "Point", "coordinates": [86.51382548887773, 23.74718911452058]}, "properties": {"city": "dhanbad", "lst_c": 43.56}}, {"type": "Feature", "geometry": {"type": "Point", "coordinates": [86.51786790765627, 23.74718911452058]}, "properties": {"city": "dhanbad", "lst_c": 42.75}}, {"type": "Feature", "geometry": {"type": "Point", "coordinates": [86.5219103264348, 23.74718911452058]}, "properties": {"city": "dhanbad", "lst_c": 43.46}}, {"type": "Feature", "geometry": {"type": "Point", "coordinates": [86.52595274521335, 23.74718911452058]}, "properties": {"city": "dhanbad", "lst_c": 45.16}}, {"type": "Feature", "geometry": {"type": "Point", "coordinates": [86.52999516399188, 23.74718911452058]}, "properties": {"city": "dhanbad", "lst_c": 43.19}}, {"type": "Feature", "geometry": {"type": "Point", "coordinates": [86.53403758277042, 23.74718911452058]}, "properties": {"city": "dhanbad", "lst_c": 44.5}}, {"type": "Feature", "geometry": {"type": "Point", "coordinates": [86.53808000154896, 23.74718911452058]}, "properties": {"city": "dhanbad", "lst_c": 45.02}}, {"type": "Feature", "geometry": {"type": "Point", "coordinates": [86.5421224203275, 23.74718911452058]}, "properties": {"city": "dhanbad", "lst_c": 45.33}}, {"type": "Feature", "geometry": {"type": "Point", "coordinates": [86.54616483910603, 23.74718911452058]}, "properties": {"city": "dhanbad", "lst_c": 44.44}}, {"type": "Feature", "geometry": {"type": "Point", "coordinates": [86.30361971239377, 23.75123153329912]}, "properties": {"city": "dhanbad", "lst_c": 44.38}}, {"type": "Feature", "geometry": {"type": "Point", "coordinates": [86.30766213117231, 23.75123153329912]}, "properties": {"city": "dhanbad", "lst_c": 44.05}}, {"type": "Feature", "geometry": {"type": "Point", "coordinates": [86.31170454995083, 23.75123153329912]}, "properties": {"city": "dhanbad", "lst_c": 43.45}}, {"type": "Feature", "geometry": {"type": "Point", "coordinates": [86.31574696872937, 23.75123153329912]}, "properties": {"city": "dhanbad", "lst_c": 43.58}}, {"type": "Feature", "geometry": {"type": "Point", "coordinates": [86.31978938750791, 23.75123153329912]}, "properties": {"city": "dhanbad", "lst_c": 42.66}}, {"type": "Feature", "geometry": {"type": "Point", "coordinates": [86.32383180628645, 23.75123153329912]}, "properties": {"city": "dhanbad", "lst_c": 44.18}}, {"type": "Feature", "geometry": {"type": "Point", "coordinates": [86.32787422506499, 23.75123153329912]}, "properties": {"city": "dhanbad", "lst_c": 43.66}}, {"type": "Feature", "geometry": {"type": "Point", "coordinates": [86.33191664384353, 23.75123153329912]}, "properties": {"city": "dhanbad", "lst_c": 43.58}}, {"type": "Feature", "geometry": {"type": "Point", "coordinates": [86.33595906262207, 23.75123153329912]}, "properties": {"city": "dhanbad", "lst_c": 44.67}}, {"type": "Feature", "geometry": {"type": "Point", "coordinates": [86.3400014814006, 23.75123153329912]}, "properties": {"city": "dhanbad", "lst_c": 42.7}}, {"type": "Feature", "geometry": {"type": "Point", "coordinates": [86.34404390017914, 23.75123153329912]}, "properties": {"city": "dhanbad", "lst_c": 41.47}}, {"type": "Feature", "geometry": {"type": "Point", "coordinates": [86.34808631895768, 23.75123153329912]}, "properties": {"city": "dhanbad", "lst_c": 41.52}}, {"type": "Feature", "geometry": {"type": "Point", "coordinates": [86.35212873773622, 23.75123153329912]}, "properties": {"city": "dhanbad", "lst_c": 42.23}}, {"type": "Feature", "geometry": {"type": "Point", "coordinates": [86.35617115651476, 23.75123153329912]}, "properties": {"city": "dhanbad", "lst_c": 42.49}}, {"type": "Feature", "geometry": {"type": "Point", "coordinates": [86.36021357529329, 23.75123153329912]}, "properties": {"city": "dhanbad", "lst_c": 40.97}}, {"type": "Feature", "geometry": {"type": "Point", "coordinates": [86.36425599407183, 23.75123153329912]}, "properties": {"city": "dhanbad", "lst_c": 39.69}}, {"type": "Feature", "geometry": {"type": "Point", "coordinates": [86.36829841285036, 23.75123153329912]}, "properties": {"city": "dhanbad", "lst_c": 40.94}}, {"type": "Feature", "geometry": {"type": "Point", "coordinates": [86.3723408316289, 23.75123153329912]}, "properties": {"city": "dhanbad", "lst_c": 43.23}}, {"type": "Feature", "geometry": {"type": "Point", "coordinates": [86.37638325040744, 23.75123153329912]}, "properties": {"city": "dhanbad", "lst_c": 44.88}}, {"type": "Feature", "geometry": {"type": "Point", "coordinates": [86.38042566918598, 23.75123153329912]}, "properties": {"city": "dhanbad", "lst_c": 42.7}}, {"type": "Feature", "geometry": {"type": "Point", "coordinates": [86.38446808796452, 23.75123153329912]}, "properties": {"city": "dhanbad", "lst_c": 43.56}}, {"type": "Feature", "geometry": {"type": "Point", "coordinates": [86.38851050674306, 23.75123153329912]}, "properties": {"city": "dhanbad", "lst_c": 43.68}}, {"type": "Feature", "geometry": {"type": "Point", "coordinates": [86.3925529255216, 23.75123153329912]}, "properties": {"city": "dhanbad", "lst_c": 42.82}}, {"type": "Feature", "geometry": {"type": "Point", "coordinates": [86.39659534430014, 23.75123153329912]}, "properties": {"city": "dhanbad", "lst_c": 46.74}}, {"type": "Feature", "geometry": {"type": "Point", "coordinates": [86.40063776307868, 23.75123153329912]}, "properties": {"city": "dhanbad", "lst_c": 46.46}}, {"type": "Feature", "geometry": {"type": "Point", "coordinates": [86.4046801818572, 23.75123153329912]}, "properties": {"city": "dhanbad", "lst_c": 44.41}}, {"type": "Feature", "geometry": {"type": "Point", "coordinates": [86.40872260063574, 23.75123153329912]}, "properties": {"city": "dhanbad", "lst_c": 43.79}}, {"type": "Feature", "geometry": {"type": "Point", "coordinates": [86.41276501941428, 23.75123153329912]}, "properties": {"city": "dhanbad", "lst_c": 43.37}}, {"type": "Feature", "geometry": {"type": "Point", "coordinates": [86.41680743819282, 23.75123153329912]}, "properties": {"city": "dhanbad", "lst_c": 50.05}}, {"type": "Feature", "geometry": {"type": "Point", "coordinates": [86.42084985697136, 23.75123153329912]}, "properties": {"city": "dhanbad", "lst_c": 43.95}}, {"type": "Feature", "geometry": {"type": "Point", "coordinates": [86.4248922757499, 23.75123153329912]}, "properties": {"city": "dhanbad", "lst_c": 42.44}}, {"type": "Feature", "geometry": {"type": "Point", "coordinates": [86.42893469452844, 23.75123153329912]}, "properties": {"city": "dhanbad", "lst_c": 44.39}}, {"type": "Feature", "geometry": {"type": "Point", "coordinates": [86.43297711330698, 23.75123153329912]}, "properties": {"city": "dhanbad", "lst_c": 39.56}}, {"type": "Feature", "geometry": {"type": "Point", "coordinates": [86.43701953208551, 23.75123153329912]}, "properties": {"city": "dhanbad", "lst_c": 43.16}}, {"type": "Feature", "geometry": {"type": "Point", "coordinates": [86.44106195086405, 23.75123153329912]}, "properties": {"city": "dhanbad", "lst_c": 43.45}}, {"type": "Feature", "geometry": {"type": "Point", "coordinates": [86.44510436964259, 23.75123153329912]}, "properties": {"city": "dhanbad", "lst_c": 43.2}}, {"type": "Feature", "geometry": {"type": "Point", "coordinates": [86.44914678842113, 23.75123153329912]}, "properties": {"city": "dhanbad", "lst_c": 41.01}}, {"type": "Feature", "geometry": {"type": "Point", "coordinates": [86.45318920719966, 23.75123153329912]}, "properties": {"city": "dhanbad", "lst_c": 40.87}}, {"type": "Feature", "geometry": {"type": "Point", "coordinates": [86.4572316259782, 23.75123153329912]}, "properties": {"city": "dhanbad", "lst_c": 40.32}}, {"type": "Feature", "geometry": {"type": "Point", "coordinates": [86.46127404475673, 23.75123153329912]}, "properties": {"city": "dhanbad", "lst_c": 41.04}}, {"type": "Feature", "geometry": {"type": "Point", "coordinates": [86.46531646353527, 23.75123153329912]}, "properties": {"city": "dhanbad", "lst_c": 39.62}}, {"type": "Feature", "geometry": {"type": "Point", "coordinates": [86.46935888231381, 23.75123153329912]}, "properties": {"city": "dhanbad", "lst_c": 39.02}}, {"type": "Feature", "geometry": {"type": "Point", "coordinates": [86.47340130109235, 23.75123153329912]}, "properties": {"city": "dhanbad", "lst_c": 40.87}}, {"type": "Feature", "geometry": {"type": "Point", "coordinates": [86.47744371987089, 23.75123153329912]}, "properties": {"city": "dhanbad", "lst_c": 42.42}}, {"type": "Feature", "geometry": {"type": "Point", "coordinates": [86.48148613864943, 23.75123153329912]}, "properties": {"city": "dhanbad", "lst_c": 41.03}}, {"type": "Feature", "geometry": {"type": "Point", "coordinates": [86.48552855742797, 23.75123153329912]}, "properties": {"city": "dhanbad", "lst_c": 39.88}}, {"type": "Feature", "geometry": {"type": "Point", "coordinates": [86.48957097620651, 23.75123153329912]}, "properties": {"city": "dhanbad", "lst_c": 39.93}}, {"type": "Feature", "geometry": {"type": "Point", "coordinates": [86.49361339498505, 23.75123153329912]}, "properties": {"city": "dhanbad", "lst_c": 41.82}}, {"type": "Feature", "geometry": {"type": "Point", "coordinates": [86.49765581376359, 23.75123153329912]}, "properties": {"city": "dhanbad", "lst_c": 40.57}}, {"type": "Feature", "geometry": {"type": "Point", "coordinates": [86.50169823254211, 23.75123153329912]}, "properties": {"city": "dhanbad", "lst_c": 41.28}}, {"type": "Feature", "geometry": {"type": "Point", "coordinates": [86.50574065132065, 23.75123153329912]}, "properties": {"city": "dhanbad", "lst_c": 44.14}}, {"type": "Feature", "geometry": {"type": "Point", "coordinates": [86.50978307009919, 23.75123153329912]}, "properties": {"city": "dhanbad", "lst_c": 46.2}}, {"type": "Feature", "geometry": {"type": "Point", "coordinates": [86.51382548887773, 23.75123153329912]}, "properties": {"city": "dhanbad", "lst_c": 43.35}}, {"type": "Feature", "geometry": {"type": "Point", "coordinates": [86.51786790765627, 23.75123153329912]}, "properties": {"city": "dhanbad", "lst_c": 44.33}}, {"type": "Feature", "geometry": {"type": "Point", "coordinates": [86.5219103264348, 23.75123153329912]}, "properties": {"city": "dhanbad", "lst_c": 42.44}}, {"type": "Feature", "geometry": {"type": "Point", "coordinates": [86.52595274521335, 23.75123153329912]}, "properties": {"city": "dhanbad", "lst_c": 42.84}}, {"type": "Feature", "geometry": {"type": "Point", "coordinates": [86.52999516399188, 23.75123153329912]}, "properties": {"city": "dhanbad", "lst_c": 44.12}}, {"type": "Feature", "geometry": {"type": "Point", "coordinates": [86.53403758277042, 23.75123153329912]}, "properties": {"city": "dhanbad", "lst_c": 45.47}}, {"type": "Feature", "geometry": {"type": "Point", "coordinates": [86.53808000154896, 23.75123153329912]}, "properties": {"city": "dhanbad", "lst_c": 43.53}}, {"type": "Feature", "geometry": {"type": "Point", "coordinates": [86.5421224203275, 23.75123153329912]}, "properties": {"city": "dhanbad", "lst_c": 45.01}}, {"type": "Feature", "geometry": {"type": "Point", "coordinates": [86.54616483910603, 23.75123153329912]}, "properties": {"city": "dhanbad", "lst_c": 43.07}}, {"type": "Feature", "geometry": {"type": "Point", "coordinates": [86.30361971239377, 23.75527395207766]}, "properties": {"city": "dhanbad", "lst_c": 44.97}}, {"type": "Feature", "geometry": {"type": "Point", "coordinates": [86.30766213117231, 23.75527395207766]}, "properties": {"city": "dhanbad", "lst_c": 44.82}}, {"type": "Feature", "geometry": {"type": "Point", "coordinates": [86.31170454995083, 23.75527395207766]}, "properties": {"city": "dhanbad", "lst_c": 45.14}}, {"type": "Feature", "geometry": {"type": "Point", "coordinates": [86.31574696872937, 23.75527395207766]}, "properties": {"city": "dhanbad", "lst_c": 43.08}}, {"type": "Feature", "geometry": {"type": "Point", "coordinates": [86.31978938750791, 23.75527395207766]}, "properties": {"city": "dhanbad", "lst_c": 43.66}}, {"type": "Feature", "geometry": {"type": "Point", "coordinates": [86.32383180628645, 23.75527395207766]}, "properties": {"city": "dhanbad", "lst_c": 43.87}}, {"type": "Feature", "geometry": {"type": "Point", "coordinates": [86.32787422506499, 23.75527395207766]}, "properties": {"city": "dhanbad", "lst_c": 46.14}}, {"type": "Feature", "geometry": {"type": "Point", "coordinates": [86.33191664384353, 23.75527395207766]}, "properties": {"city": "dhanbad", "lst_c": 44.07}}, {"type": "Feature", "geometry": {"type": "Point", "coordinates": [86.33595906262207, 23.75527395207766]}, "properties": {"city": "dhanbad", "lst_c": 42.63}}, {"type": "Feature", "geometry": {"type": "Point", "coordinates": [86.3400014814006, 23.75527395207766]}, "properties": {"city": "dhanbad", "lst_c": 42.21}}, {"type": "Feature", "geometry": {"type": "Point", "coordinates": [86.34404390017914, 23.75527395207766]}, "properties": {"city": "dhanbad", "lst_c": 43.42}}, {"type": "Feature", "geometry": {"type": "Point", "coordinates": [86.34808631895768, 23.75527395207766]}, "properties": {"city": "dhanbad", "lst_c": 40.82}}, {"type": "Feature", "geometry": {"type": "Point", "coordinates": [86.35212873773622, 23.75527395207766]}, "properties": {"city": "dhanbad", "lst_c": 42.32}}, {"type": "Feature", "geometry": {"type": "Point", "coordinates": [86.35617115651476, 23.75527395207766]}, "properties": {"city": "dhanbad", "lst_c": 40.98}}, {"type": "Feature", "geometry": {"type": "Point", "coordinates": [86.36021357529329, 23.75527395207766]}, "properties": {"city": "dhanbad", "lst_c": 42.09}}, {"type": "Feature", "geometry": {"type": "Point", "coordinates": [86.36425599407183, 23.75527395207766]}, "properties": {"city": "dhanbad", "lst_c": 41.67}}, {"type": "Feature", "geometry": {"type": "Point", "coordinates": [86.36829841285036, 23.75527395207766]}, "properties": {"city": "dhanbad", "lst_c": 41.69}}, {"type": "Feature", "geometry": {"type": "Point", "coordinates": [86.3723408316289, 23.75527395207766]}, "properties": {"city": "dhanbad", "lst_c": 42.18}}, {"type": "Feature", "geometry": {"type": "Point", "coordinates": [86.37638325040744, 23.75527395207766]}, "properties": {"city": "dhanbad", "lst_c": 42.73}}, {"type": "Feature", "geometry": {"type": "Point", "coordinates": [86.38042566918598, 23.75527395207766]}, "properties": {"city": "dhanbad", "lst_c": 43.68}}, {"type": "Feature", "geometry": {"type": "Point", "coordinates": [86.38446808796452, 23.75527395207766]}, "properties": {"city": "dhanbad", "lst_c": 44.18}}, {"type": "Feature", "geometry": {"type": "Point", "coordinates": [86.38851050674306, 23.75527395207766]}, "properties": {"city": "dhanbad", "lst_c": 43.07}}, {"type": "Feature", "geometry": {"type": "Point", "coordinates": [86.3925529255216, 23.75527395207766]}, "properties": {"city": "dhanbad", "lst_c": 45.19}}, {"type": "Feature", "geometry": {"type": "Point", "coordinates": [86.39659534430014, 23.75527395207766]}, "properties": {"city": "dhanbad", "lst_c": 47.37}}, {"type": "Feature", "geometry": {"type": "Point", "coordinates": [86.40063776307868, 23.75527395207766]}, "properties": {"city": "dhanbad", "lst_c": 44.05}}, {"type": "Feature", "geometry": {"type": "Point", "coordinates": [86.4046801818572, 23.75527395207766]}, "properties": {"city": "dhanbad", "lst_c": 45.98}}, {"type": "Feature", "geometry": {"type": "Point", "coordinates": [86.40872260063574, 23.75527395207766]}, "properties": {"city": "dhanbad", "lst_c": 44.18}}, {"type": "Feature", "geometry": {"type": "Point", "coordinates": [86.41276501941428, 23.75527395207766]}, "properties": {"city": "dhanbad", "lst_c": 44.71}}, {"type": "Feature", "geometry": {"type": "Point", "coordinates": [86.41680743819282, 23.75527395207766]}, "properties": {"city": "dhanbad", "lst_c": 46.4}}, {"type": "Feature", "geometry": {"type": "Point", "coordinates": [86.42084985697136, 23.75527395207766]}, "properties": {"city": "dhanbad", "lst_c": 45.4}}, {"type": "Feature", "geometry": {"type": "Point", "coordinates": [86.4248922757499, 23.75527395207766]}, "properties": {"city": "dhanbad", "lst_c": 46.68}}, {"type": "Feature", "geometry": {"type": "Point", "coordinates": [86.42893469452844, 23.75527395207766]}, "properties": {"city": "dhanbad", "lst_c": 45.65}}, {"type": "Feature", "geometry": {"type": "Point", "coordinates": [86.43297711330698, 23.75527395207766]}, "properties": {"city": "dhanbad", "lst_c": 41.96}}, {"type": "Feature", "geometry": {"type": "Point", "coordinates": [86.43701953208551, 23.75527395207766]}, "properties": {"city": "dhanbad", "lst_c": 41.86}}, {"type": "Feature", "geometry": {"type": "Point", "coordinates": [86.44106195086405, 23.75527395207766]}, "properties": {"city": "dhanbad", "lst_c": 42.95}}, {"type": "Feature", "geometry": {"type": "Point", "coordinates": [86.44510436964259, 23.75527395207766]}, "properties": {"city": "dhanbad", "lst_c": 40.95}}, {"type": "Feature", "geometry": {"type": "Point", "coordinates": [86.44914678842113, 23.75527395207766]}, "properties": {"city": "dhanbad", "lst_c": 41.43}}, {"type": "Feature", "geometry": {"type": "Point", "coordinates": [86.45318920719966, 23.75527395207766]}, "properties": {"city": "dhanbad", "lst_c": 41.65}}, {"type": "Feature", "geometry": {"type": "Point", "coordinates": [86.4572316259782, 23.75527395207766]}, "properties": {"city": "dhanbad", "lst_c": 39.6}}, {"type": "Feature", "geometry": {"type": "Point", "coordinates": [86.46127404475673, 23.75527395207766]}, "properties": {"city": "dhanbad", "lst_c": 41.43}}, {"type": "Feature", "geometry": {"type": "Point", "coordinates": [86.46531646353527, 23.75527395207766]}, "properties": {"city": "dhanbad", "lst_c": 40.9}}, {"type": "Feature", "geometry": {"type": "Point", "coordinates": [86.46935888231381, 23.75527395207766]}, "properties": {"city": "dhanbad", "lst_c": 40.76}}, {"type": "Feature", "geometry": {"type": "Point", "coordinates": [86.47340130109235, 23.75527395207766]}, "properties": {"city": "dhanbad", "lst_c": 41.86}}, {"type": "Feature", "geometry": {"type": "Point", "coordinates": [86.47744371987089, 23.75527395207766]}, "properties": {"city": "dhanbad", "lst_c": 40.77}}, {"type": "Feature", "geometry": {"type": "Point", "coordinates": [86.48148613864943, 23.75527395207766]}, "properties": {"city": "dhanbad", "lst_c": 40.79}}, {"type": "Feature", "geometry": {"type": "Point", "coordinates": [86.48552855742797, 23.75527395207766]}, "properties": {"city": "dhanbad", "lst_c": 42.22}}, {"type": "Feature", "geometry": {"type": "Point", "coordinates": [86.48957097620651, 23.75527395207766]}, "properties": {"city": "dhanbad", "lst_c": 42.63}}, {"type": "Feature", "geometry": {"type": "Point", "coordinates": [86.49361339498505, 23.75527395207766]}, "properties": {"city": "dhanbad", "lst_c": 40.38}}, {"type": "Feature", "geometry": {"type": "Point", "coordinates": [86.49765581376359, 23.75527395207766]}, "properties": {"city": "dhanbad", "lst_c": 42.29}}, {"type": "Feature", "geometry": {"type": "Point", "coordinates": [86.50169823254211, 23.75527395207766]}, "properties": {"city": "dhanbad", "lst_c": 42.58}}, {"type": "Feature", "geometry": {"type": "Point", "coordinates": [86.50574065132065, 23.75527395207766]}, "properties": {"city": "dhanbad", "lst_c": 44.05}}, {"type": "Feature", "geometry": {"type": "Point", "coordinates": [86.50978307009919, 23.75527395207766]}, "properties": {"city": "dhanbad", "lst_c": 43.1}}, {"type": "Feature", "geometry": {"type": "Point", "coordinates": [86.51382548887773, 23.75527395207766]}, "properties": {"city": "dhanbad", "lst_c": 42.44}}, {"type": "Feature", "geometry": {"type": "Point", "coordinates": [86.51786790765627, 23.75527395207766]}, "properties": {"city": "dhanbad", "lst_c": 43.26}}, {"type": "Feature", "geometry": {"type": "Point", "coordinates": [86.5219103264348, 23.75527395207766]}, "properties": {"city": "dhanbad", "lst_c": 44.15}}, {"type": "Feature", "geometry": {"type": "Point", "coordinates": [86.52595274521335, 23.75527395207766]}, "properties": {"city": "dhanbad", "lst_c": 43.27}}, {"type": "Feature", "geometry": {"type": "Point", "coordinates": [86.52999516399188, 23.75527395207766]}, "properties": {"city": "dhanbad", "lst_c": 44.9}}, {"type": "Feature", "geometry": {"type": "Point", "coordinates": [86.53403758277042, 23.75527395207766]}, "properties": {"city": "dhanbad", "lst_c": 44.52}}, {"type": "Feature", "geometry": {"type": "Point", "coordinates": [86.53808000154896, 23.75527395207766]}, "properties": {"city": "dhanbad", "lst_c": 45.02}}, {"type": "Feature", "geometry": {"type": "Point", "coordinates": [86.5421224203275, 23.75527395207766]}, "properties": {"city": "dhanbad", "lst_c": 44.58}}, {"type": "Feature", "geometry": {"type": "Point", "coordinates": [86.54616483910603, 23.75527395207766]}, "properties": {"city": "dhanbad", "lst_c": 44.64}}, {"type": "Feature", "geometry": {"type": "Point", "coordinates": [86.30361971239377, 23.759316370856194]}, "properties": {"city": "dhanbad", "lst_c": 44.63}}, {"type": "Feature", "geometry": {"type": "Point", "coordinates": [86.30766213117231, 23.759316370856194]}, "properties": {"city": "dhanbad", "lst_c": 44.76}}, {"type": "Feature", "geometry": {"type": "Point", "coordinates": [86.31170454995083, 23.759316370856194]}, "properties": {"city": "dhanbad", "lst_c": 43.4}}, {"type": "Feature", "geometry": {"type": "Point", "coordinates": [86.31574696872937, 23.759316370856194]}, "properties": {"city": "dhanbad", "lst_c": 43.03}}, {"type": "Feature", "geometry": {"type": "Point", "coordinates": [86.31978938750791, 23.759316370856194]}, "properties": {"city": "dhanbad", "lst_c": 45.17}}, {"type": "Feature", "geometry": {"type": "Point", "coordinates": [86.32383180628645, 23.759316370856194]}, "properties": {"city": "dhanbad", "lst_c": 43.92}}, {"type": "Feature", "geometry": {"type": "Point", "coordinates": [86.32787422506499, 23.759316370856194]}, "properties": {"city": "dhanbad", "lst_c": 43.48}}, {"type": "Feature", "geometry": {"type": "Point", "coordinates": [86.33191664384353, 23.759316370856194]}, "properties": {"city": "dhanbad", "lst_c": 41.82}}, {"type": "Feature", "geometry": {"type": "Point", "coordinates": [86.33595906262207, 23.759316370856194]}, "properties": {"city": "dhanbad", "lst_c": 42.58}}, {"type": "Feature", "geometry": {"type": "Point", "coordinates": [86.3400014814006, 23.759316370856194]}, "properties": {"city": "dhanbad", "lst_c": 40.8}}, {"type": "Feature", "geometry": {"type": "Point", "coordinates": [86.34404390017914, 23.759316370856194]}, "properties": {"city": "dhanbad", "lst_c": 41.0}}, {"type": "Feature", "geometry": {"type": "Point", "coordinates": [86.34808631895768, 23.759316370856194]}, "properties": {"city": "dhanbad", "lst_c": 40.51}}, {"type": "Feature", "geometry": {"type": "Point", "coordinates": [86.35212873773622, 23.759316370856194]}, "properties": {"city": "dhanbad", "lst_c": 41.46}}, {"type": "Feature", "geometry": {"type": "Point", "coordinates": [86.35617115651476, 23.759316370856194]}, "properties": {"city": "dhanbad", "lst_c": 41.29}}, {"type": "Feature", "geometry": {"type": "Point", "coordinates": [86.36021357529329, 23.759316370856194]}, "properties": {"city": "dhanbad", "lst_c": 41.83}}, {"type": "Feature", "geometry": {"type": "Point", "coordinates": [86.36425599407183, 23.759316370856194]}, "properties": {"city": "dhanbad", "lst_c": 40.63}}, {"type": "Feature", "geometry": {"type": "Point", "coordinates": [86.36829841285036, 23.759316370856194]}, "properties": {"city": "dhanbad", "lst_c": 42.66}}, {"type": "Feature", "geometry": {"type": "Point", "coordinates": [86.3723408316289, 23.759316370856194]}, "properties": {"city": "dhanbad", "lst_c": 40.96}}, {"type": "Feature", "geometry": {"type": "Point", "coordinates": [86.37638325040744, 23.759316370856194]}, "properties": {"city": "dhanbad", "lst_c": 42.59}}, {"type": "Feature", "geometry": {"type": "Point", "coordinates": [86.38042566918598, 23.759316370856194]}, "properties": {"city": "dhanbad", "lst_c": 43.31}}, {"type": "Feature", "geometry": {"type": "Point", "coordinates": [86.38446808796452, 23.759316370856194]}, "properties": {"city": "dhanbad", "lst_c": 44.61}}, {"type": "Feature", "geometry": {"type": "Point", "coordinates": [86.38851050674306, 23.759316370856194]}, "properties": {"city": "dhanbad", "lst_c": 43.8}}, {"type": "Feature", "geometry": {"type": "Point", "coordinates": [86.3925529255216, 23.759316370856194]}, "properties": {"city": "dhanbad", "lst_c": 44.61}}, {"type": "Feature", "geometry": {"type": "Point", "coordinates": [86.39659534430014, 23.759316370856194]}, "properties": {"city": "dhanbad", "lst_c": 49.86}}, {"type": "Feature", "geometry": {"type": "Point", "coordinates": [86.40063776307868, 23.759316370856194]}, "properties": {"city": "dhanbad", "lst_c": 51.25}}, {"type": "Feature", "geometry": {"type": "Point", "coordinates": [86.4046801818572, 23.759316370856194]}, "properties": {"city": "dhanbad", "lst_c": 47.6}}, {"type": "Feature", "geometry": {"type": "Point", "coordinates": [86.40872260063574, 23.759316370856194]}, "properties": {"city": "dhanbad", "lst_c": 43.68}}, {"type": "Feature", "geometry": {"type": "Point", "coordinates": [86.41276501941428, 23.759316370856194]}, "properties": {"city": "dhanbad", "lst_c": 43.6}}, {"type": "Feature", "geometry": {"type": "Point", "coordinates": [86.41680743819282, 23.759316370856194]}, "properties": {"city": "dhanbad", "lst_c": 48.06}}, {"type": "Feature", "geometry": {"type": "Point", "coordinates": [86.42084985697136, 23.759316370856194]}, "properties": {"city": "dhanbad", "lst_c": 44.08}}, {"type": "Feature", "geometry": {"type": "Point", "coordinates": [86.4248922757499, 23.759316370856194]}, "properties": {"city": "dhanbad", "lst_c": 45.75}}, {"type": "Feature", "geometry": {"type": "Point", "coordinates": [86.42893469452844, 23.759316370856194]}, "properties": {"city": "dhanbad", "lst_c": 44.04}}, {"type": "Feature", "geometry": {"type": "Point", "coordinates": [86.43297711330698, 23.759316370856194]}, "properties": {"city": "dhanbad", "lst_c": 44.14}}, {"type": "Feature", "geometry": {"type": "Point", "coordinates": [86.43701953208551, 23.759316370856194]}, "properties": {"city": "dhanbad", "lst_c": 42.03}}, {"type": "Feature", "geometry": {"type": "Point", "coordinates": [86.44106195086405, 23.759316370856194]}, "properties": {"city": "dhanbad", "lst_c": 42.7}}, {"type": "Feature", "geometry": {"type": "Point", "coordinates": [86.44510436964259, 23.759316370856194]}, "properties": {"city": "dhanbad", "lst_c": 39.87}}, {"type": "Feature", "geometry": {"type": "Point", "coordinates": [86.44914678842113, 23.759316370856194]}, "properties": {"city": "dhanbad", "lst_c": 39.7}}, {"type": "Feature", "geometry": {"type": "Point", "coordinates": [86.45318920719966, 23.759316370856194]}, "properties": {"city": "dhanbad", "lst_c": 41.26}}, {"type": "Feature", "geometry": {"type": "Point", "coordinates": [86.4572316259782, 23.759316370856194]}, "properties": {"city": "dhanbad", "lst_c": 43.36}}, {"type": "Feature", "geometry": {"type": "Point", "coordinates": [86.46127404475673, 23.759316370856194]}, "properties": {"city": "dhanbad", "lst_c": 40.92}}, {"type": "Feature", "geometry": {"type": "Point", "coordinates": [86.46531646353527, 23.759316370856194]}, "properties": {"city": "dhanbad", "lst_c": 40.96}}, {"type": "Feature", "geometry": {"type": "Point", "coordinates": [86.46935888231381, 23.759316370856194]}, "properties": {"city": "dhanbad", "lst_c": 39.73}}, {"type": "Feature", "geometry": {"type": "Point", "coordinates": [86.47340130109235, 23.759316370856194]}, "properties": {"city": "dhanbad", "lst_c": 43.65}}, {"type": "Feature", "geometry": {"type": "Point", "coordinates": [86.47744371987089, 23.759316370856194]}, "properties": {"city": "dhanbad", "lst_c": 42.24}}, {"type": "Feature", "geometry": {"type": "Point", "coordinates": [86.48148613864943, 23.759316370856194]}, "properties": {"city": "dhanbad", "lst_c": 41.8}}, {"type": "Feature", "geometry": {"type": "Point", "coordinates": [86.48552855742797, 23.759316370856194]}, "properties": {"city": "dhanbad", "lst_c": 43.08}}, {"type": "Feature", "geometry": {"type": "Point", "coordinates": [86.48957097620651, 23.759316370856194]}, "properties": {"city": "dhanbad", "lst_c": 42.31}}, {"type": "Feature", "geometry": {"type": "Point", "coordinates": [86.49361339498505, 23.759316370856194]}, "properties": {"city": "dhanbad", "lst_c": 43.02}}, {"type": "Feature", "geometry": {"type": "Point", "coordinates": [86.49765581376359, 23.759316370856194]}, "properties": {"city": "dhanbad", "lst_c": 43.26}}, {"type": "Feature", "geometry": {"type": "Point", "coordinates": [86.50169823254211, 23.759316370856194]}, "properties": {"city": "dhanbad", "lst_c": 44.11}}, {"type": "Feature", "geometry": {"type": "Point", "coordinates": [86.50574065132065, 23.759316370856194]}, "properties": {"city": "dhanbad", "lst_c": 42.62}}, {"type": "Feature", "geometry": {"type": "Point", "coordinates": [86.50978307009919, 23.759316370856194]}, "properties": {"city": "dhanbad", "lst_c": 41.63}}, {"type": "Feature", "geometry": {"type": "Point", "coordinates": [86.51382548887773, 23.759316370856194]}, "properties": {"city": "dhanbad", "lst_c": 42.52}}, {"type": "Feature", "geometry": {"type": "Point", "coordinates": [86.51786790765627, 23.759316370856194]}, "properties": {"city": "dhanbad", "lst_c": 41.89}}, {"type": "Feature", "geometry": {"type": "Point", "coordinates": [86.5219103264348, 23.759316370856194]}, "properties": {"city": "dhanbad", "lst_c": 43.67}}, {"type": "Feature", "geometry": {"type": "Point", "coordinates": [86.52595274521335, 23.759316370856194]}, "properties": {"city": "dhanbad", "lst_c": 44.03}}, {"type": "Feature", "geometry": {"type": "Point", "coordinates": [86.52999516399188, 23.759316370856194]}, "properties": {"city": "dhanbad", "lst_c": 43.79}}, {"type": "Feature", "geometry": {"type": "Point", "coordinates": [86.53403758277042, 23.759316370856194]}, "properties": {"city": "dhanbad", "lst_c": 45.54}}, {"type": "Feature", "geometry": {"type": "Point", "coordinates": [86.53808000154896, 23.759316370856194]}, "properties": {"city": "dhanbad", "lst_c": 43.82}}, {"type": "Feature", "geometry": {"type": "Point", "coordinates": [86.5421224203275, 23.759316370856194]}, "properties": {"city": "dhanbad", "lst_c": 43.58}}, {"type": "Feature", "geometry": {"type": "Point", "coordinates": [86.54616483910603, 23.759316370856194]}, "properties": {"city": "dhanbad", "lst_c": 44.75}}, {"type": "Feature", "geometry": {"type": "Point", "coordinates": [86.30361971239377, 23.763358789634733]}, "properties": {"city": "dhanbad", "lst_c": 43.27}}, {"type": "Feature", "geometry": {"type": "Point", "coordinates": [86.30766213117231, 23.763358789634733]}, "properties": {"city": "dhanbad", "lst_c": 42.96}}, {"type": "Feature", "geometry": {"type": "Point", "coordinates": [86.31170454995083, 23.763358789634733]}, "properties": {"city": "dhanbad", "lst_c": 42.04}}, {"type": "Feature", "geometry": {"type": "Point", "coordinates": [86.31574696872937, 23.763358789634733]}, "properties": {"city": "dhanbad", "lst_c": 43.48}}, {"type": "Feature", "geometry": {"type": "Point", "coordinates": [86.31978938750791, 23.763358789634733]}, "properties": {"city": "dhanbad", "lst_c": 43.7}}, {"type": "Feature", "geometry": {"type": "Point", "coordinates": [86.32383180628645, 23.763358789634733]}, "properties": {"city": "dhanbad", "lst_c": 42.16}}, {"type": "Feature", "geometry": {"type": "Point", "coordinates": [86.32787422506499, 23.763358789634733]}, "properties": {"city": "dhanbad", "lst_c": 41.21}}, {"type": "Feature", "geometry": {"type": "Point", "coordinates": [86.33191664384353, 23.763358789634733]}, "properties": {"city": "dhanbad", "lst_c": 44.56}}, {"type": "Feature", "geometry": {"type": "Point", "coordinates": [86.33595906262207, 23.763358789634733]}, "properties": {"city": "dhanbad", "lst_c": 44.14}}, {"type": "Feature", "geometry": {"type": "Point", "coordinates": [86.3400014814006, 23.763358789634733]}, "properties": {"city": "dhanbad", "lst_c": 42.24}}, {"type": "Feature", "geometry": {"type": "Point", "coordinates": [86.34404390017914, 23.763358789634733]}, "properties": {"city": "dhanbad", "lst_c": 40.4}}, {"type": "Feature", "geometry": {"type": "Point", "coordinates": [86.34808631895768, 23.763358789634733]}, "properties": {"city": "dhanbad", "lst_c": 41.76}}, {"type": "Feature", "geometry": {"type": "Point", "coordinates": [86.35212873773622, 23.763358789634733]}, "properties": {"city": "dhanbad", "lst_c": 40.99}}, {"type": "Feature", "geometry": {"type": "Point", "coordinates": [86.35617115651476, 23.763358789634733]}, "properties": {"city": "dhanbad", "lst_c": 41.02}}, {"type": "Feature", "geometry": {"type": "Point", "coordinates": [86.36021357529329, 23.763358789634733]}, "properties": {"city": "dhanbad", "lst_c": 42.22}}, {"type": "Feature", "geometry": {"type": "Point", "coordinates": [86.36425599407183, 23.763358789634733]}, "properties": {"city": "dhanbad", "lst_c": 42.49}}, {"type": "Feature", "geometry": {"type": "Point", "coordinates": [86.36829841285036, 23.763358789634733]}, "properties": {"city": "dhanbad", "lst_c": 44.18}}, {"type": "Feature", "geometry": {"type": "Point", "coordinates": [86.3723408316289, 23.763358789634733]}, "properties": {"city": "dhanbad", "lst_c": 45.7}}, {"type": "Feature", "geometry": {"type": "Point", "coordinates": [86.37638325040744, 23.763358789634733]}, "properties": {"city": "dhanbad", "lst_c": 45.25}}, {"type": "Feature", "geometry": {"type": "Point", "coordinates": [86.38042566918598, 23.763358789634733]}, "properties": {"city": "dhanbad", "lst_c": 45.55}}, {"type": "Feature", "geometry": {"type": "Point", "coordinates": [86.38446808796452, 23.763358789634733]}, "properties": {"city": "dhanbad", "lst_c": 46.25}}, {"type": "Feature", "geometry": {"type": "Point", "coordinates": [86.38851050674306, 23.763358789634733]}, "properties": {"city": "dhanbad", "lst_c": 43.83}}, {"type": "Feature", "geometry": {"type": "Point", "coordinates": [86.3925529255216, 23.763358789634733]}, "properties": {"city": "dhanbad", "lst_c": 49.62}}, {"type": "Feature", "geometry": {"type": "Point", "coordinates": [86.39659534430014, 23.763358789634733]}, "properties": {"city": "dhanbad", "lst_c": 51.27}}, {"type": "Feature", "geometry": {"type": "Point", "coordinates": [86.40063776307868, 23.763358789634733]}, "properties": {"city": "dhanbad", "lst_c": 46.66}}, {"type": "Feature", "geometry": {"type": "Point", "coordinates": [86.4046801818572, 23.763358789634733]}, "properties": {"city": "dhanbad", "lst_c": 46.34}}, {"type": "Feature", "geometry": {"type": "Point", "coordinates": [86.40872260063574, 23.763358789634733]}, "properties": {"city": "dhanbad", "lst_c": 45.96}}, {"type": "Feature", "geometry": {"type": "Point", "coordinates": [86.41276501941428, 23.763358789634733]}, "properties": {"city": "dhanbad", "lst_c": 43.64}}, {"type": "Feature", "geometry": {"type": "Point", "coordinates": [86.41680743819282, 23.763358789634733]}, "properties": {"city": "dhanbad", "lst_c": 42.87}}, {"type": "Feature", "geometry": {"type": "Point", "coordinates": [86.42084985697136, 23.763358789634733]}, "properties": {"city": "dhanbad", "lst_c": 44.03}}, {"type": "Feature", "geometry": {"type": "Point", "coordinates": [86.4248922757499, 23.763358789634733]}, "properties": {"city": "dhanbad", "lst_c": 41.61}}, {"type": "Feature", "geometry": {"type": "Point", "coordinates": [86.42893469452844, 23.763358789634733]}, "properties": {"city": "dhanbad", "lst_c": 43.31}}, {"type": "Feature", "geometry": {"type": "Point", "coordinates": [86.43297711330698, 23.763358789634733]}, "properties": {"city": "dhanbad", "lst_c": 43.03}}, {"type": "Feature", "geometry": {"type": "Point", "coordinates": [86.43701953208551, 23.763358789634733]}, "properties": {"city": "dhanbad", "lst_c": 40.7}}, {"type": "Feature", "geometry": {"type": "Point", "coordinates": [86.44106195086405, 23.763358789634733]}, "properties": {"city": "dhanbad", "lst_c": 39.74}}, {"type": "Feature", "geometry": {"type": "Point", "coordinates": [86.44510436964259, 23.763358789634733]}, "properties": {"city": "dhanbad", "lst_c": 38.61}}, {"type": "Feature", "geometry": {"type": "Point", "coordinates": [86.44914678842113, 23.763358789634733]}, "properties": {"city": "dhanbad", "lst_c": 41.2}}, {"type": "Feature", "geometry": {"type": "Point", "coordinates": [86.45318920719966, 23.763358789634733]}, "properties": {"city": "dhanbad", "lst_c": 41.46}}, {"type": "Feature", "geometry": {"type": "Point", "coordinates": [86.4572316259782, 23.763358789634733]}, "properties": {"city": "dhanbad", "lst_c": 41.62}}, {"type": "Feature", "geometry": {"type": "Point", "coordinates": [86.46127404475673, 23.763358789634733]}, "properties": {"city": "dhanbad", "lst_c": 43.31}}, {"type": "Feature", "geometry": {"type": "Point", "coordinates": [86.46531646353527, 23.763358789634733]}, "properties": {"city": "dhanbad", "lst_c": 39.83}}, {"type": "Feature", "geometry": {"type": "Point", "coordinates": [86.46935888231381, 23.763358789634733]}, "properties": {"city": "dhanbad", "lst_c": 38.73}}, {"type": "Feature", "geometry": {"type": "Point", "coordinates": [86.47340130109235, 23.763358789634733]}, "properties": {"city": "dhanbad", "lst_c": 41.76}}, {"type": "Feature", "geometry": {"type": "Point", "coordinates": [86.47744371987089, 23.763358789634733]}, "properties": {"city": "dhanbad", "lst_c": 41.77}}, {"type": "Feature", "geometry": {"type": "Point", "coordinates": [86.48148613864943, 23.763358789634733]}, "properties": {"city": "dhanbad", "lst_c": 41.47}}, {"type": "Feature", "geometry": {"type": "Point", "coordinates": [86.48552855742797, 23.763358789634733]}, "properties": {"city": "dhanbad", "lst_c": 41.43}}, {"type": "Feature", "geometry": {"type": "Point", "coordinates": [86.48957097620651, 23.763358789634733]}, "properties": {"city": "dhanbad", "lst_c": 40.2}}, {"type": "Feature", "geometry": {"type": "Point", "coordinates": [86.49361339498505, 23.763358789634733]}, "properties": {"city": "dhanbad", "lst_c": 40.42}}, {"type": "Feature", "geometry": {"type": "Point", "coordinates": [86.49765581376359, 23.763358789634733]}, "properties": {"city": "dhanbad", "lst_c": 42.48}}, {"type": "Feature", "geometry": {"type": "Point", "coordinates": [86.50169823254211, 23.763358789634733]}, "properties": {"city": "dhanbad", "lst_c": 44.13}}, {"type": "Feature", "geometry": {"type": "Point", "coordinates": [86.50574065132065, 23.763358789634733]}, "properties": {"city": "dhanbad", "lst_c": 41.9}}, {"type": "Feature", "geometry": {"type": "Point", "coordinates": [86.50978307009919, 23.763358789634733]}, "properties": {"city": "dhanbad", "lst_c": 41.89}}, {"type": "Feature", "geometry": {"type": "Point", "coordinates": [86.51382548887773, 23.763358789634733]}, "properties": {"city": "dhanbad", "lst_c": 42.31}}, {"type": "Feature", "geometry": {"type": "Point", "coordinates": [86.51786790765627, 23.763358789634733]}, "properties": {"city": "dhanbad", "lst_c": 42.43}}, {"type": "Feature", "geometry": {"type": "Point", "coordinates": [86.5219103264348, 23.763358789634733]}, "properties": {"city": "dhanbad", "lst_c": 44.2}}, {"type": "Feature", "geometry": {"type": "Point", "coordinates": [86.52595274521335, 23.763358789634733]}, "properties": {"city": "dhanbad", "lst_c": 44.39}}, {"type": "Feature", "geometry": {"type": "Point", "coordinates": [86.52999516399188, 23.763358789634733]}, "properties": {"city": "dhanbad", "lst_c": 43.43}}, {"type": "Feature", "geometry": {"type": "Point", "coordinates": [86.53403758277042, 23.763358789634733]}, "properties": {"city": "dhanbad", "lst_c": 42.93}}, {"type": "Feature", "geometry": {"type": "Point", "coordinates": [86.53808000154896, 23.763358789634733]}, "properties": {"city": "dhanbad", "lst_c": 41.67}}, {"type": "Feature", "geometry": {"type": "Point", "coordinates": [86.5421224203275, 23.763358789634733]}, "properties": {"city": "dhanbad", "lst_c": 44.05}}, {"type": "Feature", "geometry": {"type": "Point", "coordinates": [86.54616483910603, 23.763358789634733]}, "properties": {"city": "dhanbad", "lst_c": 44.27}}, {"type": "Feature", "geometry": {"type": "Point", "coordinates": [86.30361971239377, 23.767401208413272]}, "properties": {"city": "dhanbad", "lst_c": 43.77}}, {"type": "Feature", "geometry": {"type": "Point", "coordinates": [86.30766213117231, 23.767401208413272]}, "properties": {"city": "dhanbad", "lst_c": 43.06}}, {"type": "Feature", "geometry": {"type": "Point", "coordinates": [86.31170454995083, 23.767401208413272]}, "properties": {"city": "dhanbad", "lst_c": 43.85}}, {"type": "Feature", "geometry": {"type": "Point", "coordinates": [86.31574696872937, 23.767401208413272]}, "properties": {"city": "dhanbad", "lst_c": 42.55}}, {"type": "Feature", "geometry": {"type": "Point", "coordinates": [86.31978938750791, 23.767401208413272]}, "properties": {"city": "dhanbad", "lst_c": 42.48}}, {"type": "Feature", "geometry": {"type": "Point", "coordinates": [86.32383180628645, 23.767401208413272]}, "properties": {"city": "dhanbad", "lst_c": 41.78}}, {"type": "Feature", "geometry": {"type": "Point", "coordinates": [86.32787422506499, 23.767401208413272]}, "properties": {"city": "dhanbad", "lst_c": 39.96}}, {"type": "Feature", "geometry": {"type": "Point", "coordinates": [86.33191664384353, 23.767401208413272]}, "properties": {"city": "dhanbad", "lst_c": 43.68}}, {"type": "Feature", "geometry": {"type": "Point", "coordinates": [86.33595906262207, 23.767401208413272]}, "properties": {"city": "dhanbad", "lst_c": 43.93}}, {"type": "Feature", "geometry": {"type": "Point", "coordinates": [86.3400014814006, 23.767401208413272]}, "properties": {"city": "dhanbad", "lst_c": 44.16}}, {"type": "Feature", "geometry": {"type": "Point", "coordinates": [86.34404390017914, 23.767401208413272]}, "properties": {"city": "dhanbad", "lst_c": 41.45}}, {"type": "Feature", "geometry": {"type": "Point", "coordinates": [86.34808631895768, 23.767401208413272]}, "properties": {"city": "dhanbad", "lst_c": 42.98}}, {"type": "Feature", "geometry": {"type": "Point", "coordinates": [86.35212873773622, 23.767401208413272]}, "properties": {"city": "dhanbad", "lst_c": 45.76}}, {"type": "Feature", "geometry": {"type": "Point", "coordinates": [86.35617115651476, 23.767401208413272]}, "properties": {"city": "dhanbad", "lst_c": 42.38}}, {"type": "Feature", "geometry": {"type": "Point", "coordinates": [86.36021357529329, 23.767401208413272]}, "properties": {"city": "dhanbad", "lst_c": 42.52}}, {"type": "Feature", "geometry": {"type": "Point", "coordinates": [86.36425599407183, 23.767401208413272]}, "properties": {"city": "dhanbad", "lst_c": 41.68}}, {"type": "Feature", "geometry": {"type": "Point", "coordinates": [86.36829841285036, 23.767401208413272]}, "properties": {"city": "dhanbad", "lst_c": 43.41}}, {"type": "Feature", "geometry": {"type": "Point", "coordinates": [86.3723408316289, 23.767401208413272]}, "properties": {"city": "dhanbad", "lst_c": 46.77}}, {"type": "Feature", "geometry": {"type": "Point", "coordinates": [86.37638325040744, 23.767401208413272]}, "properties": {"city": "dhanbad", "lst_c": 49.55}}, {"type": "Feature", "geometry": {"type": "Point", "coordinates": [86.38042566918598, 23.767401208413272]}, "properties": {"city": "dhanbad", "lst_c": 48.11}}, {"type": "Feature", "geometry": {"type": "Point", "coordinates": [86.38446808796452, 23.767401208413272]}, "properties": {"city": "dhanbad", "lst_c": 43.83}}, {"type": "Feature", "geometry": {"type": "Point", "coordinates": [86.38851050674306, 23.767401208413272]}, "properties": {"city": "dhanbad", "lst_c": 47.78}}, {"type": "Feature", "geometry": {"type": "Point", "coordinates": [86.3925529255216, 23.767401208413272]}, "properties": {"city": "dhanbad", "lst_c": 52.12}}, {"type": "Feature", "geometry": {"type": "Point", "coordinates": [86.39659534430014, 23.767401208413272]}, "properties": {"city": "dhanbad", "lst_c": 53.4}}, {"type": "Feature", "geometry": {"type": "Point", "coordinates": [86.40063776307868, 23.767401208413272]}, "properties": {"city": "dhanbad", "lst_c": 48.65}}, {"type": "Feature", "geometry": {"type": "Point", "coordinates": [86.4046801818572, 23.767401208413272]}, "properties": {"city": "dhanbad", "lst_c": 45.27}}, {"type": "Feature", "geometry": {"type": "Point", "coordinates": [86.40872260063574, 23.767401208413272]}, "properties": {"city": "dhanbad", "lst_c": 42.92}}, {"type": "Feature", "geometry": {"type": "Point", "coordinates": [86.41276501941428, 23.767401208413272]}, "properties": {"city": "dhanbad", "lst_c": 42.53}}, {"type": "Feature", "geometry": {"type": "Point", "coordinates": [86.41680743819282, 23.767401208413272]}, "properties": {"city": "dhanbad", "lst_c": 40.78}}, {"type": "Feature", "geometry": {"type": "Point", "coordinates": [86.42084985697136, 23.767401208413272]}, "properties": {"city": "dhanbad", "lst_c": 46.45}}, {"type": "Feature", "geometry": {"type": "Point", "coordinates": [86.4248922757499, 23.767401208413272]}, "properties": {"city": "dhanbad", "lst_c": 43.24}}, {"type": "Feature", "geometry": {"type": "Point", "coordinates": [86.42893469452844, 23.767401208413272]}, "properties": {"city": "dhanbad", "lst_c": 40.88}}, {"type": "Feature", "geometry": {"type": "Point", "coordinates": [86.43297711330698, 23.767401208413272]}, "properties": {"city": "dhanbad", "lst_c": 44.08}}, {"type": "Feature", "geometry": {"type": "Point", "coordinates": [86.43701953208551, 23.767401208413272]}, "properties": {"city": "dhanbad", "lst_c": 42.6}}, {"type": "Feature", "geometry": {"type": "Point", "coordinates": [86.44106195086405, 23.767401208413272]}, "properties": {"city": "dhanbad", "lst_c": 40.11}}, {"type": "Feature", "geometry": {"type": "Point", "coordinates": [86.44510436964259, 23.767401208413272]}, "properties": {"city": "dhanbad", "lst_c": 39.95}}, {"type": "Feature", "geometry": {"type": "Point", "coordinates": [86.44914678842113, 23.767401208413272]}, "properties": {"city": "dhanbad", "lst_c": 41.92}}, {"type": "Feature", "geometry": {"type": "Point", "coordinates": [86.45318920719966, 23.767401208413272]}, "properties": {"city": "dhanbad", "lst_c": 40.52}}, {"type": "Feature", "geometry": {"type": "Point", "coordinates": [86.4572316259782, 23.767401208413272]}, "properties": {"city": "dhanbad", "lst_c": 40.29}}, {"type": "Feature", "geometry": {"type": "Point", "coordinates": [86.46127404475673, 23.767401208413272]}, "properties": {"city": "dhanbad", "lst_c": 41.92}}, {"type": "Feature", "geometry": {"type": "Point", "coordinates": [86.46531646353527, 23.767401208413272]}, "properties": {"city": "dhanbad", "lst_c": 44.72}}, {"type": "Feature", "geometry": {"type": "Point", "coordinates": [86.46935888231381, 23.767401208413272]}, "properties": {"city": "dhanbad", "lst_c": 40.22}}, {"type": "Feature", "geometry": {"type": "Point", "coordinates": [86.47340130109235, 23.767401208413272]}, "properties": {"city": "dhanbad", "lst_c": 40.54}}, {"type": "Feature", "geometry": {"type": "Point", "coordinates": [86.47744371987089, 23.767401208413272]}, "properties": {"city": "dhanbad", "lst_c": 40.79}}, {"type": "Feature", "geometry": {"type": "Point", "coordinates": [86.48148613864943, 23.767401208413272]}, "properties": {"city": "dhanbad", "lst_c": 41.46}}, {"type": "Feature", "geometry": {"type": "Point", "coordinates": [86.48552855742797, 23.767401208413272]}, "properties": {"city": "dhanbad", "lst_c": 40.81}}, {"type": "Feature", "geometry": {"type": "Point", "coordinates": [86.48957097620651, 23.767401208413272]}, "properties": {"city": "dhanbad", "lst_c": 39.4}}, {"type": "Feature", "geometry": {"type": "Point", "coordinates": [86.49361339498505, 23.767401208413272]}, "properties": {"city": "dhanbad", "lst_c": 41.5}}, {"type": "Feature", "geometry": {"type": "Point", "coordinates": [86.49765581376359, 23.767401208413272]}, "properties": {"city": "dhanbad", "lst_c": 42.37}}, {"type": "Feature", "geometry": {"type": "Point", "coordinates": [86.50169823254211, 23.767401208413272]}, "properties": {"city": "dhanbad", "lst_c": 43.37}}, {"type": "Feature", "geometry": {"type": "Point", "coordinates": [86.50574065132065, 23.767401208413272]}, "properties": {"city": "dhanbad", "lst_c": 42.75}}, {"type": "Feature", "geometry": {"type": "Point", "coordinates": [86.50978307009919, 23.767401208413272]}, "properties": {"city": "dhanbad", "lst_c": 43.56}}, {"type": "Feature", "geometry": {"type": "Point", "coordinates": [86.51382548887773, 23.767401208413272]}, "properties": {"city": "dhanbad", "lst_c": 43.49}}, {"type": "Feature", "geometry": {"type": "Point", "coordinates": [86.51786790765627, 23.767401208413272]}, "properties": {"city": "dhanbad", "lst_c": 42.91}}, {"type": "Feature", "geometry": {"type": "Point", "coordinates": [86.5219103264348, 23.767401208413272]}, "properties": {"city": "dhanbad", "lst_c": 42.97}}, {"type": "Feature", "geometry": {"type": "Point", "coordinates": [86.52595274521335, 23.767401208413272]}, "properties": {"city": "dhanbad", "lst_c": 42.99}}, {"type": "Feature", "geometry": {"type": "Point", "coordinates": [86.52999516399188, 23.767401208413272]}, "properties": {"city": "dhanbad", "lst_c": 42.05}}, {"type": "Feature", "geometry": {"type": "Point", "coordinates": [86.53403758277042, 23.767401208413272]}, "properties": {"city": "dhanbad", "lst_c": 42.2}}, {"type": "Feature", "geometry": {"type": "Point", "coordinates": [86.53808000154896, 23.767401208413272]}, "properties": {"city": "dhanbad", "lst_c": 43.52}}, {"type": "Feature", "geometry": {"type": "Point", "coordinates": [86.5421224203275, 23.767401208413272]}, "properties": {"city": "dhanbad", "lst_c": 42.67}}, {"type": "Feature", "geometry": {"type": "Point", "coordinates": [86.54616483910603, 23.767401208413272]}, "properties": {"city": "dhanbad", "lst_c": 44.4}}, {"type": "Feature", "geometry": {"type": "Point", "coordinates": [86.30361971239377, 23.771443627191807]}, "properties": {"city": "dhanbad", "lst_c": 43.25}}, {"type": "Feature", "geometry": {"type": "Point", "coordinates": [86.30766213117231, 23.771443627191807]}, "properties": {"city": "dhanbad", "lst_c": 42.99}}, {"type": "Feature", "geometry": {"type": "Point", "coordinates": [86.31170454995083, 23.771443627191807]}, "properties": {"city": "dhanbad", "lst_c": 43.78}}, {"type": "Feature", "geometry": {"type": "Point", "coordinates": [86.31574696872937, 23.771443627191807]}, "properties": {"city": "dhanbad", "lst_c": 40.01}}, {"type": "Feature", "geometry": {"type": "Point", "coordinates": [86.31978938750791, 23.771443627191807]}, "properties": {"city": "dhanbad", "lst_c": 44.18}}, {"type": "Feature", "geometry": {"type": "Point", "coordinates": [86.32383180628645, 23.771443627191807]}, "properties": {"city": "dhanbad", "lst_c": 44.2}}, {"type": "Feature", "geometry": {"type": "Point", "coordinates": [86.32787422506499, 23.771443627191807]}, "properties": {"city": "dhanbad", "lst_c": 38.86}}, {"type": "Feature", "geometry": {"type": "Point", "coordinates": [86.33191664384353, 23.771443627191807]}, "properties": {"city": "dhanbad", "lst_c": 41.4}}, {"type": "Feature", "geometry": {"type": "Point", "coordinates": [86.33595906262207, 23.771443627191807]}, "properties": {"city": "dhanbad", "lst_c": 42.12}}, {"type": "Feature", "geometry": {"type": "Point", "coordinates": [86.3400014814006, 23.771443627191807]}, "properties": {"city": "dhanbad", "lst_c": 43.39}}, {"type": "Feature", "geometry": {"type": "Point", "coordinates": [86.34404390017914, 23.771443627191807]}, "properties": {"city": "dhanbad", "lst_c": 42.29}}, {"type": "Feature", "geometry": {"type": "Point", "coordinates": [86.34808631895768, 23.771443627191807]}, "properties": {"city": "dhanbad", "lst_c": 43.36}}, {"type": "Feature", "geometry": {"type": "Point", "coordinates": [86.35212873773622, 23.771443627191807]}, "properties": {"city": "dhanbad", "lst_c": 42.41}}, {"type": "Feature", "geometry": {"type": "Point", "coordinates": [86.35617115651476, 23.771443627191807]}, "properties": {"city": "dhanbad", "lst_c": 43.55}}, {"type": "Feature", "geometry": {"type": "Point", "coordinates": [86.36021357529329, 23.771443627191807]}, "properties": {"city": "dhanbad", "lst_c": 43.42}}, {"type": "Feature", "geometry": {"type": "Point", "coordinates": [86.36425599407183, 23.771443627191807]}, "properties": {"city": "dhanbad", "lst_c": 44.7}}, {"type": "Feature", "geometry": {"type": "Point", "coordinates": [86.36829841285036, 23.771443627191807]}, "properties": {"city": "dhanbad", "lst_c": 44.04}}, {"type": "Feature", "geometry": {"type": "Point", "coordinates": [86.3723408316289, 23.771443627191807]}, "properties": {"city": "dhanbad", "lst_c": 45.98}}, {"type": "Feature", "geometry": {"type": "Point", "coordinates": [86.37638325040744, 23.771443627191807]}, "properties": {"city": "dhanbad", "lst_c": 44.13}}, {"type": "Feature", "geometry": {"type": "Point", "coordinates": [86.38042566918598, 23.771443627191807]}, "properties": {"city": "dhanbad", "lst_c": 43.9}}, {"type": "Feature", "geometry": {"type": "Point", "coordinates": [86.38446808796452, 23.771443627191807]}, "properties": {"city": "dhanbad", "lst_c": 48.08}}, {"type": "Feature", "geometry": {"type": "Point", "coordinates": [86.38851050674306, 23.771443627191807]}, "properties": {"city": "dhanbad", "lst_c": 43.73}}, {"type": "Feature", "geometry": {"type": "Point", "coordinates": [86.3925529255216, 23.771443627191807]}, "properties": {"city": "dhanbad", "lst_c": 51.06}}, {"type": "Feature", "geometry": {"type": "Point", "coordinates": [86.39659534430014, 23.771443627191807]}, "properties": {"city": "dhanbad", "lst_c": 48.65}}, {"type": "Feature", "geometry": {"type": "Point", "coordinates": [86.40063776307868, 23.771443627191807]}, "properties": {"city": "dhanbad", "lst_c": 47.46}}, {"type": "Feature", "geometry": {"type": "Point", "coordinates": [86.4046801818572, 23.771443627191807]}, "properties": {"city": "dhanbad", "lst_c": 44.67}}, {"type": "Feature", "geometry": {"type": "Point", "coordinates": [86.40872260063574, 23.771443627191807]}, "properties": {"city": "dhanbad", "lst_c": 42.63}}, {"type": "Feature", "geometry": {"type": "Point", "coordinates": [86.41276501941428, 23.771443627191807]}, "properties": {"city": "dhanbad", "lst_c": 43.16}}, {"type": "Feature", "geometry": {"type": "Point", "coordinates": [86.41680743819282, 23.771443627191807]}, "properties": {"city": "dhanbad", "lst_c": 45.55}}, {"type": "Feature", "geometry": {"type": "Point", "coordinates": [86.42084985697136, 23.771443627191807]}, "properties": {"city": "dhanbad", "lst_c": 44.23}}, {"type": "Feature", "geometry": {"type": "Point", "coordinates": [86.4248922757499, 23.771443627191807]}, "properties": {"city": "dhanbad", "lst_c": 45.29}}, {"type": "Feature", "geometry": {"type": "Point", "coordinates": [86.42893469452844, 23.771443627191807]}, "properties": {"city": "dhanbad", "lst_c": 43.01}}, {"type": "Feature", "geometry": {"type": "Point", "coordinates": [86.43297711330698, 23.771443627191807]}, "properties": {"city": "dhanbad", "lst_c": 40.1}}, {"type": "Feature", "geometry": {"type": "Point", "coordinates": [86.43701953208551, 23.771443627191807]}, "properties": {"city": "dhanbad", "lst_c": 41.55}}, {"type": "Feature", "geometry": {"type": "Point", "coordinates": [86.44106195086405, 23.771443627191807]}, "properties": {"city": "dhanbad", "lst_c": 41.77}}, {"type": "Feature", "geometry": {"type": "Point", "coordinates": [86.44510436964259, 23.771443627191807]}, "properties": {"city": "dhanbad", "lst_c": 41.53}}, {"type": "Feature", "geometry": {"type": "Point", "coordinates": [86.44914678842113, 23.771443627191807]}, "properties": {"city": "dhanbad", "lst_c": 42.11}}, {"type": "Feature", "geometry": {"type": "Point", "coordinates": [86.45318920719966, 23.771443627191807]}, "properties": {"city": "dhanbad", "lst_c": 42.71}}, {"type": "Feature", "geometry": {"type": "Point", "coordinates": [86.4572316259782, 23.771443627191807]}, "properties": {"city": "dhanbad", "lst_c": 40.72}}, {"type": "Feature", "geometry": {"type": "Point", "coordinates": [86.46127404475673, 23.771443627191807]}, "properties": {"city": "dhanbad", "lst_c": 39.2}}, {"type": "Feature", "geometry": {"type": "Point", "coordinates": [86.46531646353527, 23.771443627191807]}, "properties": {"city": "dhanbad", "lst_c": 40.47}}, {"type": "Feature", "geometry": {"type": "Point", "coordinates": [86.46935888231381, 23.771443627191807]}, "properties": {"city": "dhanbad", "lst_c": 41.88}}, {"type": "Feature", "geometry": {"type": "Point", "coordinates": [86.47340130109235, 23.771443627191807]}, "properties": {"city": "dhanbad", "lst_c": 40.48}}, {"type": "Feature", "geometry": {"type": "Point", "coordinates": [86.47744371987089, 23.771443627191807]}, "properties": {"city": "dhanbad", "lst_c": 40.81}}, {"type": "Feature", "geometry": {"type": "Point", "coordinates": [86.48148613864943, 23.771443627191807]}, "properties": {"city": "dhanbad", "lst_c": 41.59}}, {"type": "Feature", "geometry": {"type": "Point", "coordinates": [86.48552855742797, 23.771443627191807]}, "properties": {"city": "dhanbad", "lst_c": 41.56}}, {"type": "Feature", "geometry": {"type": "Point", "coordinates": [86.48957097620651, 23.771443627191807]}, "properties": {"city": "dhanbad", "lst_c": 42.68}}, {"type": "Feature", "geometry": {"type": "Point", "coordinates": [86.49361339498505, 23.771443627191807]}, "properties": {"city": "dhanbad", "lst_c": 44.06}}, {"type": "Feature", "geometry": {"type": "Point", "coordinates": [86.49765581376359, 23.771443627191807]}, "properties": {"city": "dhanbad", "lst_c": 43.21}}, {"type": "Feature", "geometry": {"type": "Point", "coordinates": [86.50169823254211, 23.771443627191807]}, "properties": {"city": "dhanbad", "lst_c": 44.42}}, {"type": "Feature", "geometry": {"type": "Point", "coordinates": [86.50574065132065, 23.771443627191807]}, "properties": {"city": "dhanbad", "lst_c": 44.51}}, {"type": "Feature", "geometry": {"type": "Point", "coordinates": [86.50978307009919, 23.771443627191807]}, "properties": {"city": "dhanbad", "lst_c": 43.59}}, {"type": "Feature", "geometry": {"type": "Point", "coordinates": [86.51382548887773, 23.771443627191807]}, "properties": {"city": "dhanbad", "lst_c": 42.97}}, {"type": "Feature", "geometry": {"type": "Point", "coordinates": [86.51786790765627, 23.771443627191807]}, "properties": {"city": "dhanbad", "lst_c": 41.98}}, {"type": "Feature", "geometry": {"type": "Point", "coordinates": [86.5219103264348, 23.771443627191807]}, "properties": {"city": "dhanbad", "lst_c": 42.53}}, {"type": "Feature", "geometry": {"type": "Point", "coordinates": [86.52595274521335, 23.771443627191807]}, "properties": {"city": "dhanbad", "lst_c": 43.17}}, {"type": "Feature", "geometry": {"type": "Point", "coordinates": [86.52999516399188, 23.771443627191807]}, "properties": {"city": "dhanbad", "lst_c": 44.38}}, {"type": "Feature", "geometry": {"type": "Point", "coordinates": [86.53403758277042, 23.771443627191807]}, "properties": {"city": "dhanbad", "lst_c": 42.69}}, {"type": "Feature", "geometry": {"type": "Point", "coordinates": [86.53808000154896, 23.771443627191807]}, "properties": {"city": "dhanbad", "lst_c": 44.31}}, {"type": "Feature", "geometry": {"type": "Point", "coordinates": [86.5421224203275, 23.771443627191807]}, "properties": {"city": "dhanbad", "lst_c": 43.15}}, {"type": "Feature", "geometry": {"type": "Point", "coordinates": [86.54616483910603, 23.771443627191807]}, "properties": {"city": "dhanbad", "lst_c": 43.12}}, {"type": "Feature", "geometry": {"type": "Point", "coordinates": [86.30361971239377, 23.775486045970347]}, "properties": {"city": "dhanbad", "lst_c": 43.85}}, {"type": "Feature", "geometry": {"type": "Point", "coordinates": [86.30766213117231, 23.775486045970347]}, "properties": {"city": "dhanbad", "lst_c": 42.93}}, {"type": "Feature", "geometry": {"type": "Point", "coordinates": [86.31170454995083, 23.775486045970347]}, "properties": {"city": "dhanbad", "lst_c": 40.96}}, {"type": "Feature", "geometry": {"type": "Point", "coordinates": [86.31574696872937, 23.775486045970347]}, "properties": {"city": "dhanbad", "lst_c": 46.23}}, {"type": "Feature", "geometry": {"type": "Point", "coordinates": [86.31978938750791, 23.775486045970347]}, "properties": {"city": "dhanbad", "lst_c": 42.81}}, {"type": "Feature", "geometry": {"type": "Point", "coordinates": [86.32383180628645, 23.775486045970347]}, "properties": {"city": "dhanbad", "lst_c": 42.4}}, {"type": "Feature", "geometry": {"type": "Point", "coordinates": [86.32787422506499, 23.775486045970347]}, "properties": {"city": "dhanbad", "lst_c": 39.89}}, {"type": "Feature", "geometry": {"type": "Point", "coordinates": [86.33191664384353, 23.775486045970347]}, "properties": {"city": "dhanbad", "lst_c": 39.64}}, {"type": "Feature", "geometry": {"type": "Point", "coordinates": [86.33595906262207, 23.775486045970347]}, "properties": {"city": "dhanbad", "lst_c": 41.76}}, {"type": "Feature", "geometry": {"type": "Point", "coordinates": [86.3400014814006, 23.775486045970347]}, "properties": {"city": "dhanbad", "lst_c": 44.9}}, {"type": "Feature", "geometry": {"type": "Point", "coordinates": [86.34404390017914, 23.775486045970347]}, "properties": {"city": "dhanbad", "lst_c": 44.46}}, {"type": "Feature", "geometry": {"type": "Point", "coordinates": [86.34808631895768, 23.775486045970347]}, "properties": {"city": "dhanbad", "lst_c": 43.94}}, {"type": "Feature", "geometry": {"type": "Point", "coordinates": [86.35212873773622, 23.775486045970347]}, "properties": {"city": "dhanbad", "lst_c": 43.31}}, {"type": "Feature", "geometry": {"type": "Point", "coordinates": [86.35617115651476, 23.775486045970347]}, "properties": {"city": "dhanbad", "lst_c": 44.28}}, {"type": "Feature", "geometry": {"type": "Point", "coordinates": [86.36021357529329, 23.775486045970347]}, "properties": {"city": "dhanbad", "lst_c": 45.2}}, {"type": "Feature", "geometry": {"type": "Point", "coordinates": [86.36425599407183, 23.775486045970347]}, "properties": {"city": "dhanbad", "lst_c": 46.87}}, {"type": "Feature", "geometry": {"type": "Point", "coordinates": [86.36829841285036, 23.775486045970347]}, "properties": {"city": "dhanbad", "lst_c": 46.21}}, {"type": "Feature", "geometry": {"type": "Point", "coordinates": [86.3723408316289, 23.775486045970347]}, "properties": {"city": "dhanbad", "lst_c": 43.5}}, {"type": "Feature", "geometry": {"type": "Point", "coordinates": [86.37638325040744, 23.775486045970347]}, "properties": {"city": "dhanbad", "lst_c": 44.11}}, {"type": "Feature", "geometry": {"type": "Point", "coordinates": [86.38042566918598, 23.775486045970347]}, "properties": {"city": "dhanbad", "lst_c": 43.15}}, {"type": "Feature", "geometry": {"type": "Point", "coordinates": [86.38446808796452, 23.775486045970347]}, "properties": {"city": "dhanbad", "lst_c": 48.44}}, {"type": "Feature", "geometry": {"type": "Point", "coordinates": [86.38851050674306, 23.775486045970347]}, "properties": {"city": "dhanbad", "lst_c": 48.47}}, {"type": "Feature", "geometry": {"type": "Point", "coordinates": [86.3925529255216, 23.775486045970347]}, "properties": {"city": "dhanbad", "lst_c": 47.39}}, {"type": "Feature", "geometry": {"type": "Point", "coordinates": [86.39659534430014, 23.775486045970347]}, "properties": {"city": "dhanbad", "lst_c": 47.62}}, {"type": "Feature", "geometry": {"type": "Point", "coordinates": [86.40063776307868, 23.775486045970347]}, "properties": {"city": "dhanbad", "lst_c": 45.72}}, {"type": "Feature", "geometry": {"type": "Point", "coordinates": [86.4046801818572, 23.775486045970347]}, "properties": {"city": "dhanbad", "lst_c": 42.49}}, {"type": "Feature", "geometry": {"type": "Point", "coordinates": [86.40872260063574, 23.775486045970347]}, "properties": {"city": "dhanbad", "lst_c": 44.97}}, {"type": "Feature", "geometry": {"type": "Point", "coordinates": [86.41276501941428, 23.775486045970347]}, "properties": {"city": "dhanbad", "lst_c": 42.8}}, {"type": "Feature", "geometry": {"type": "Point", "coordinates": [86.41680743819282, 23.775486045970347]}, "properties": {"city": "dhanbad", "lst_c": 44.08}}, {"type": "Feature", "geometry": {"type": "Point", "coordinates": [86.42084985697136, 23.775486045970347]}, "properties": {"city": "dhanbad", "lst_c": 44.07}}, {"type": "Feature", "geometry": {"type": "Point", "coordinates": [86.4248922757499, 23.775486045970347]}, "properties": {"city": "dhanbad", "lst_c": 42.94}}, {"type": "Feature", "geometry": {"type": "Point", "coordinates": [86.42893469452844, 23.775486045970347]}, "properties": {"city": "dhanbad", "lst_c": 42.61}}, {"type": "Feature", "geometry": {"type": "Point", "coordinates": [86.43297711330698, 23.775486045970347]}, "properties": {"city": "dhanbad", "lst_c": 40.14}}, {"type": "Feature", "geometry": {"type": "Point", "coordinates": [86.43701953208551, 23.775486045970347]}, "properties": {"city": "dhanbad", "lst_c": 39.22}}, {"type": "Feature", "geometry": {"type": "Point", "coordinates": [86.44106195086405, 23.775486045970347]}, "properties": {"city": "dhanbad", "lst_c": 40.64}}, {"type": "Feature", "geometry": {"type": "Point", "coordinates": [86.44510436964259, 23.775486045970347]}, "properties": {"city": "dhanbad", "lst_c": 41.61}}, {"type": "Feature", "geometry": {"type": "Point", "coordinates": [86.44914678842113, 23.775486045970347]}, "properties": {"city": "dhanbad", "lst_c": 42.32}}, {"type": "Feature", "geometry": {"type": "Point", "coordinates": [86.45318920719966, 23.775486045970347]}, "properties": {"city": "dhanbad", "lst_c": 42.45}}, {"type": "Feature", "geometry": {"type": "Point", "coordinates": [86.4572316259782, 23.775486045970347]}, "properties": {"city": "dhanbad", "lst_c": 41.31}}, {"type": "Feature", "geometry": {"type": "Point", "coordinates": [86.46127404475673, 23.775486045970347]}, "properties": {"city": "dhanbad", "lst_c": 40.13}}, {"type": "Feature", "geometry": {"type": "Point", "coordinates": [86.46531646353527, 23.775486045970347]}, "properties": {"city": "dhanbad", "lst_c": 39.22}}, {"type": "Feature", "geometry": {"type": "Point", "coordinates": [86.46935888231381, 23.775486045970347]}, "properties": {"city": "dhanbad", "lst_c": 39.69}}, {"type": "Feature", "geometry": {"type": "Point", "coordinates": [86.47340130109235, 23.775486045970347]}, "properties": {"city": "dhanbad", "lst_c": 40.51}}, {"type": "Feature", "geometry": {"type": "Point", "coordinates": [86.47744371987089, 23.775486045970347]}, "properties": {"city": "dhanbad", "lst_c": 40.54}}, {"type": "Feature", "geometry": {"type": "Point", "coordinates": [86.48148613864943, 23.775486045970347]}, "properties": {"city": "dhanbad", "lst_c": 41.44}}, {"type": "Feature", "geometry": {"type": "Point", "coordinates": [86.48552855742797, 23.775486045970347]}, "properties": {"city": "dhanbad", "lst_c": 42.05}}, {"type": "Feature", "geometry": {"type": "Point", "coordinates": [86.48957097620651, 23.775486045970347]}, "properties": {"city": "dhanbad", "lst_c": 43.17}}, {"type": "Feature", "geometry": {"type": "Point", "coordinates": [86.49361339498505, 23.775486045970347]}, "properties": {"city": "dhanbad", "lst_c": 43.17}}, {"type": "Feature", "geometry": {"type": "Point", "coordinates": [86.49765581376359, 23.775486045970347]}, "properties": {"city": "dhanbad", "lst_c": 43.57}}, {"type": "Feature", "geometry": {"type": "Point", "coordinates": [86.50169823254211, 23.775486045970347]}, "properties": {"city": "dhanbad", "lst_c": 42.7}}, {"type": "Feature", "geometry": {"type": "Point", "coordinates": [86.50574065132065, 23.775486045970347]}, "properties": {"city": "dhanbad", "lst_c": 43.54}}, {"type": "Feature", "geometry": {"type": "Point", "coordinates": [86.50978307009919, 23.775486045970347]}, "properties": {"city": "dhanbad", "lst_c": 42.79}}, {"type": "Feature", "geometry": {"type": "Point", "coordinates": [86.51382548887773, 23.775486045970347]}, "properties": {"city": "dhanbad", "lst_c": 44.11}}, {"type": "Feature", "geometry": {"type": "Point", "coordinates": [86.51786790765627, 23.775486045970347]}, "properties": {"city": "dhanbad", "lst_c": 43.66}}, {"type": "Feature", "geometry": {"type": "Point", "coordinates": [86.5219103264348, 23.775486045970347]}, "properties": {"city": "dhanbad", "lst_c": 41.73}}, {"type": "Feature", "geometry": {"type": "Point", "coordinates": [86.52595274521335, 23.775486045970347]}, "properties": {"city": "dhanbad", "lst_c": 42.4}}, {"type": "Feature", "geometry": {"type": "Point", "coordinates": [86.52999516399188, 23.775486045970347]}, "properties": {"city": "dhanbad", "lst_c": 43.23}}, {"type": "Feature", "geometry": {"type": "Point", "coordinates": [86.53403758277042, 23.775486045970347]}, "properties": {"city": "dhanbad", "lst_c": 43.09}}, {"type": "Feature", "geometry": {"type": "Point", "coordinates": [86.53808000154896, 23.775486045970347]}, "properties": {"city": "dhanbad", "lst_c": 43.82}}, {"type": "Feature", "geometry": {"type": "Point", "coordinates": [86.5421224203275, 23.775486045970347]}, "properties": {"city": "dhanbad", "lst_c": 43.34}}, {"type": "Feature", "geometry": {"type": "Point", "coordinates": [86.54616483910603, 23.775486045970347]}, "properties": {"city": "dhanbad", "lst_c": 44.08}}, {"type": "Feature", "geometry": {"type": "Point", "coordinates": [86.30361971239377, 23.779528464748886]}, "properties": {"city": "dhanbad", "lst_c": 43.1}}, {"type": "Feature", "geometry": {"type": "Point", "coordinates": [86.30766213117231, 23.779528464748886]}, "properties": {"city": "dhanbad", "lst_c": 43.46}}, {"type": "Feature", "geometry": {"type": "Point", "coordinates": [86.31170454995083, 23.779528464748886]}, "properties": {"city": "dhanbad", "lst_c": 43.95}}, {"type": "Feature", "geometry": {"type": "Point", "coordinates": [86.31574696872937, 23.779528464748886]}, "properties": {"city": "dhanbad", "lst_c": 45.65}}, {"type": "Feature", "geometry": {"type": "Point", "coordinates": [86.31978938750791, 23.779528464748886]}, "properties": {"city": "dhanbad", "lst_c": 44.44}}, {"type": "Feature", "geometry": {"type": "Point", "coordinates": [86.32383180628645, 23.779528464748886]}, "properties": {"city": "dhanbad", "lst_c": 43.57}}, {"type": "Feature", "geometry": {"type": "Point", "coordinates": [86.32787422506499, 23.779528464748886]}, "properties": {"city": "dhanbad", "lst_c": 40.89}}, {"type": "Feature", "geometry": {"type": "Point", "coordinates": [86.33191664384353, 23.779528464748886]}, "properties": {"city": "dhanbad", "lst_c": 40.63}}, {"type": "Feature", "geometry": {"type": "Point", "coordinates": [86.33595906262207, 23.779528464748886]}, "properties": {"city": "dhanbad", "lst_c": 44.44}}, {"type": "Feature", "geometry": {"type": "Point", "coordinates": [86.3400014814006, 23.779528464748886]}, "properties": {"city": "dhanbad", "lst_c": 44.36}}, {"type": "Feature", "geometry": {"type": "Point", "coordinates": [86.34404390017914, 23.779528464748886]}, "properties": {"city": "dhanbad", "lst_c": 46.25}}, {"type": "Feature", "geometry": {"type": "Point", "coordinates": [86.34808631895768, 23.779528464748886]}, "properties": {"city": "dhanbad", "lst_c": 45.77}}, {"type": "Feature", "geometry": {"type": "Point", "coordinates": [86.35212873773622, 23.779528464748886]}, "properties": {"city": "dhanbad", "lst_c": 42.66}}, {"type": "Feature", "geometry": {"type": "Point", "coordinates": [86.35617115651476, 23.779528464748886]}, "properties": {"city": "dhanbad", "lst_c": 44.8}}, {"type": "Feature", "geometry": {"type": "Point", "coordinates": [86.36021357529329, 23.779528464748886]}, "properties": {"city": "dhanbad", "lst_c": 44.27}}, {"type": "Feature", "geometry": {"type": "Point", "coordinates": [86.36425599407183, 23.779528464748886]}, "properties": {"city": "dhanbad", "lst_c": 46.62}}, {"type": "Feature", "geometry": {"type": "Point", "coordinates": [86.36829841285036, 23.779528464748886]}, "properties": {"city": "dhanbad", "lst_c": 44.69}}, {"type": "Feature", "geometry": {"type": "Point", "coordinates": [86.3723408316289, 23.779528464748886]}, "properties": {"city": "dhanbad", "lst_c": 49.67}}, {"type": "Feature", "geometry": {"type": "Point", "coordinates": [86.37638325040744, 23.779528464748886]}, "properties": {"city": "dhanbad", "lst_c": 44.88}}, {"type": "Feature", "geometry": {"type": "Point", "coordinates": [86.38042566918598, 23.779528464748886]}, "properties": {"city": "dhanbad", "lst_c": 43.42}}, {"type": "Feature", "geometry": {"type": "Point", "coordinates": [86.38446808796452, 23.779528464748886]}, "properties": {"city": "dhanbad", "lst_c": 44.85}}, {"type": "Feature", "geometry": {"type": "Point", "coordinates": [86.38851050674306, 23.779528464748886]}, "properties": {"city": "dhanbad", "lst_c": 50.24}}, {"type": "Feature", "geometry": {"type": "Point", "coordinates": [86.3925529255216, 23.779528464748886]}, "properties": {"city": "dhanbad", "lst_c": 49.16}}, {"type": "Feature", "geometry": {"type": "Point", "coordinates": [86.39659534430014, 23.779528464748886]}, "properties": {"city": "dhanbad", "lst_c": 49.61}}, {"type": "Feature", "geometry": {"type": "Point", "coordinates": [86.40063776307868, 23.779528464748886]}, "properties": {"city": "dhanbad", "lst_c": 47.08}}, {"type": "Feature", "geometry": {"type": "Point", "coordinates": [86.4046801818572, 23.779528464748886]}, "properties": {"city": "dhanbad", "lst_c": 42.22}}, {"type": "Feature", "geometry": {"type": "Point", "coordinates": [86.40872260063574, 23.779528464748886]}, "properties": {"city": "dhanbad", "lst_c": 44.7}}, {"type": "Feature", "geometry": {"type": "Point", "coordinates": [86.41276501941428, 23.779528464748886]}, "properties": {"city": "dhanbad", "lst_c": 43.39}}, {"type": "Feature", "geometry": {"type": "Point", "coordinates": [86.41680743819282, 23.779528464748886]}, "properties": {"city": "dhanbad", "lst_c": 42.87}}, {"type": "Feature", "geometry": {"type": "Point", "coordinates": [86.42084985697136, 23.779528464748886]}, "properties": {"city": "dhanbad", "lst_c": 41.87}}, {"type": "Feature", "geometry": {"type": "Point", "coordinates": [86.4248922757499, 23.779528464748886]}, "properties": {"city": "dhanbad", "lst_c": 40.82}}, {"type": "Feature", "geometry": {"type": "Point", "coordinates": [86.42893469452844, 23.779528464748886]}, "properties": {"city": "dhanbad", "lst_c": 39.21}}, {"type": "Feature", "geometry": {"type": "Point", "coordinates": [86.43297711330698, 23.779528464748886]}, "properties": {"city": "dhanbad", "lst_c": 41.61}}, {"type": "Feature", "geometry": {"type": "Point", "coordinates": [86.43701953208551, 23.779528464748886]}, "properties": {"city": "dhanbad", "lst_c": 40.3}}, {"type": "Feature", "geometry": {"type": "Point", "coordinates": [86.44106195086405, 23.779528464748886]}, "properties": {"city": "dhanbad", "lst_c": 41.62}}, {"type": "Feature", "geometry": {"type": "Point", "coordinates": [86.44510436964259, 23.779528464748886]}, "properties": {"city": "dhanbad", "lst_c": 42.58}}, {"type": "Feature", "geometry": {"type": "Point", "coordinates": [86.44914678842113, 23.779528464748886]}, "properties": {"city": "dhanbad", "lst_c": 41.02}}, {"type": "Feature", "geometry": {"type": "Point", "coordinates": [86.45318920719966, 23.779528464748886]}, "properties": {"city": "dhanbad", "lst_c": 41.48}}, {"type": "Feature", "geometry": {"type": "Point", "coordinates": [86.4572316259782, 23.779528464748886]}, "properties": {"city": "dhanbad", "lst_c": 41.11}}, {"type": "Feature", "geometry": {"type": "Point", "coordinates": [86.46127404475673, 23.779528464748886]}, "properties": {"city": "dhanbad", "lst_c": 40.62}}, {"type": "Feature", "geometry": {"type": "Point", "coordinates": [86.46531646353527, 23.779528464748886]}, "properties": {"city": "dhanbad", "lst_c": 40.42}}, {"type": "Feature", "geometry": {"type": "Point", "coordinates": [86.46935888231381, 23.779528464748886]}, "properties": {"city": "dhanbad", "lst_c": 38.6}}, {"type": "Feature", "geometry": {"type": "Point", "coordinates": [86.47340130109235, 23.779528464748886]}, "properties": {"city": "dhanbad", "lst_c": 40.7}}, {"type": "Feature", "geometry": {"type": "Point", "coordinates": [86.47744371987089, 23.779528464748886]}, "properties": {"city": "dhanbad", "lst_c": 40.87}}, {"type": "Feature", "geometry": {"type": "Point", "coordinates": [86.48148613864943, 23.779528464748886]}, "properties": {"city": "dhanbad", "lst_c": 41.92}}, {"type": "Feature", "geometry": {"type": "Point", "coordinates": [86.48552855742797, 23.779528464748886]}, "properties": {"city": "dhanbad", "lst_c": 41.88}}, {"type": "Feature", "geometry": {"type": "Point", "coordinates": [86.48957097620651, 23.779528464748886]}, "properties": {"city": "dhanbad", "lst_c": 42.53}}, {"type": "Feature", "geometry": {"type": "Point", "coordinates": [86.49361339498505, 23.779528464748886]}, "properties": {"city": "dhanbad", "lst_c": 42.03}}, {"type": "Feature", "geometry": {"type": "Point", "coordinates": [86.49765581376359, 23.779528464748886]}, "properties": {"city": "dhanbad", "lst_c": 43.41}}, {"type": "Feature", "geometry": {"type": "Point", "coordinates": [86.50169823254211, 23.779528464748886]}, "properties": {"city": "dhanbad", "lst_c": 40.71}}, {"type": "Feature", "geometry": {"type": "Point", "coordinates": [86.50574065132065, 23.779528464748886]}, "properties": {"city": "dhanbad", "lst_c": 42.27}}, {"type": "Feature", "geometry": {"type": "Point", "coordinates": [86.50978307009919, 23.779528464748886]}, "properties": {"city": "dhanbad", "lst_c": 42.4}}, {"type": "Feature", "geometry": {"type": "Point", "coordinates": [86.51382548887773, 23.779528464748886]}, "properties": {"city": "dhanbad", "lst_c": 43.91}}, {"type": "Feature", "geometry": {"type": "Point", "coordinates": [86.51786790765627, 23.779528464748886]}, "properties": {"city": "dhanbad", "lst_c": 43.39}}, {"type": "Feature", "geometry": {"type": "Point", "coordinates": [86.5219103264348, 23.779528464748886]}, "properties": {"city": "dhanbad", "lst_c": 43.34}}, {"type": "Feature", "geometry": {"type": "Point", "coordinates": [86.52595274521335, 23.779528464748886]}, "properties": {"city": "dhanbad", "lst_c": 42.65}}, {"type": "Feature", "geometry": {"type": "Point", "coordinates": [86.52999516399188, 23.779528464748886]}, "properties": {"city": "dhanbad", "lst_c": 42.72}}, {"type": "Feature", "geometry": {"type": "Point", "coordinates": [86.53403758277042, 23.779528464748886]}, "properties": {"city": "dhanbad", "lst_c": 44.34}}, {"type": "Feature", "geometry": {"type": "Point", "coordinates": [86.53808000154896, 23.779528464748886]}, "properties": {"city": "dhanbad", "lst_c": 43.72}}, {"type": "Feature", "geometry": {"type": "Point", "coordinates": [86.5421224203275, 23.779528464748886]}, "properties": {"city": "dhanbad", "lst_c": 42.66}}, {"type": "Feature", "geometry": {"type": "Point", "coordinates": [86.54616483910603, 23.779528464748886]}, "properties": {"city": "dhanbad", "lst_c": 43.44}}, {"type": "Feature", "geometry": {"type": "Point", "coordinates": [86.30361971239377, 23.78357088352742]}, "properties": {"city": "dhanbad", "lst_c": 44.52}}, {"type": "Feature", "geometry": {"type": "Point", "coordinates": [86.30766213117231, 23.78357088352742]}, "properties": {"city": "dhanbad", "lst_c": 43.32}}, {"type": "Feature", "geometry": {"type": "Point", "coordinates": [86.31170454995083, 23.78357088352742]}, "properties": {"city": "dhanbad", "lst_c": 48.28}}, {"type": "Feature", "geometry": {"type": "Point", "coordinates": [86.31574696872937, 23.78357088352742]}, "properties": {"city": "dhanbad", "lst_c": 43.2}}, {"type": "Feature", "geometry": {"type": "Point", "coordinates": [86.31978938750791, 23.78357088352742]}, "properties": {"city": "dhanbad", "lst_c": 43.45}}, {"type": "Feature", "geometry": {"type": "Point", "coordinates": [86.32383180628645, 23.78357088352742]}, "properties": {"city": "dhanbad", "lst_c": 42.93}}, {"type": "Feature", "geometry": {"type": "Point", "coordinates": [86.32787422506499, 23.78357088352742]}, "properties": {"city": "dhanbad", "lst_c": 44.83}}, {"type": "Feature", "geometry": {"type": "Point", "coordinates": [86.33191664384353, 23.78357088352742]}, "properties": {"city": "dhanbad", "lst_c": 46.26}}, {"type": "Feature", "geometry": {"type": "Point", "coordinates": [86.33595906262207, 23.78357088352742]}, "properties": {"city": "dhanbad", "lst_c": 48.79}}, {"type": "Feature", "geometry": {"type": "Point", "coordinates": [86.3400014814006, 23.78357088352742]}, "properties": {"city": "dhanbad", "lst_c": 45.67}}, {"type": "Feature", "geometry": {"type": "Point", "coordinates": [86.34404390017914, 23.78357088352742]}, "properties": {"city": "dhanbad", "lst_c": 45.71}}, {"type": "Feature", "geometry": {"type": "Point", "coordinates": [86.34808631895768, 23.78357088352742]}, "properties": {"city": "dhanbad", "lst_c": 45.1}}, {"type": "Feature", "geometry": {"type": "Point", "coordinates": [86.35212873773622, 23.78357088352742]}, "properties": {"city": "dhanbad", "lst_c": 43.67}}, {"type": "Feature", "geometry": {"type": "Point", "coordinates": [86.35617115651476, 23.78357088352742]}, "properties": {"city": "dhanbad", "lst_c": 42.71}}, {"type": "Feature", "geometry": {"type": "Point", "coordinates": [86.36021357529329, 23.78357088352742]}, "properties": {"city": "dhanbad", "lst_c": 44.13}}, {"type": "Feature", "geometry": {"type": "Point", "coordinates": [86.36425599407183, 23.78357088352742]}, "properties": {"city": "dhanbad", "lst_c": 45.2}}, {"type": "Feature", "geometry": {"type": "Point", "coordinates": [86.36829841285036, 23.78357088352742]}, "properties": {"city": "dhanbad", "lst_c": 44.84}}, {"type": "Feature", "geometry": {"type": "Point", "coordinates": [86.3723408316289, 23.78357088352742]}, "properties": {"city": "dhanbad", "lst_c": 46.18}}, {"type": "Feature", "geometry": {"type": "Point", "coordinates": [86.37638325040744, 23.78357088352742]}, "properties": {"city": "dhanbad", "lst_c": 47.07}}, {"type": "Feature", "geometry": {"type": "Point", "coordinates": [86.38042566918598, 23.78357088352742]}, "properties": {"city": "dhanbad", "lst_c": 42.32}}, {"type": "Feature", "geometry": {"type": "Point", "coordinates": [86.38446808796452, 23.78357088352742]}, "properties": {"city": "dhanbad", "lst_c": 44.55}}, {"type": "Feature", "geometry": {"type": "Point", "coordinates": [86.38851050674306, 23.78357088352742]}, "properties": {"city": "dhanbad", "lst_c": 45.78}}, {"type": "Feature", "geometry": {"type": "Point", "coordinates": [86.3925529255216, 23.78357088352742]}, "properties": {"city": "dhanbad", "lst_c": 49.24}}, {"type": "Feature", "geometry": {"type": "Point", "coordinates": [86.39659534430014, 23.78357088352742]}, "properties": {"city": "dhanbad", "lst_c": 47.05}}, {"type": "Feature", "geometry": {"type": "Point", "coordinates": [86.40063776307868, 23.78357088352742]}, "properties": {"city": "dhanbad", "lst_c": 46.63}}, {"type": "Feature", "geometry": {"type": "Point", "coordinates": [86.4046801818572, 23.78357088352742]}, "properties": {"city": "dhanbad", "lst_c": 45.09}}, {"type": "Feature", "geometry": {"type": "Point", "coordinates": [86.40872260063574, 23.78357088352742]}, "properties": {"city": "dhanbad", "lst_c": 44.28}}, {"type": "Feature", "geometry": {"type": "Point", "coordinates": [86.41276501941428, 23.78357088352742]}, "properties": {"city": "dhanbad", "lst_c": 41.81}}, {"type": "Feature", "geometry": {"type": "Point", "coordinates": [86.41680743819282, 23.78357088352742]}, "properties": {"city": "dhanbad", "lst_c": 41.32}}, {"type": "Feature", "geometry": {"type": "Point", "coordinates": [86.42084985697136, 23.78357088352742]}, "properties": {"city": "dhanbad", "lst_c": 41.14}}, {"type": "Feature", "geometry": {"type": "Point", "coordinates": [86.4248922757499, 23.78357088352742]}, "properties": {"city": "dhanbad", "lst_c": 41.42}}, {"type": "Feature", "geometry": {"type": "Point", "coordinates": [86.42893469452844, 23.78357088352742]}, "properties": {"city": "dhanbad", "lst_c": 40.9}}, {"type": "Feature", "geometry": {"type": "Point", "coordinates": [86.43297711330698, 23.78357088352742]}, "properties": {"city": "dhanbad", "lst_c": 40.78}}, {"type": "Feature", "geometry": {"type": "Point", "coordinates": [86.43701953208551, 23.78357088352742]}, "properties": {"city": "dhanbad", "lst_c": 40.77}}, {"type": "Feature", "geometry": {"type": "Point", "coordinates": [86.44106195086405, 23.78357088352742]}, "properties": {"city": "dhanbad", "lst_c": 40.4}}, {"type": "Feature", "geometry": {"type": "Point", "coordinates": [86.44510436964259, 23.78357088352742]}, "properties": {"city": "dhanbad", "lst_c": 40.6}}, {"type": "Feature", "geometry": {"type": "Point", "coordinates": [86.44914678842113, 23.78357088352742]}, "properties": {"city": "dhanbad", "lst_c": 41.16}}, {"type": "Feature", "geometry": {"type": "Point", "coordinates": [86.45318920719966, 23.78357088352742]}, "properties": {"city": "dhanbad", "lst_c": 40.28}}, {"type": "Feature", "geometry": {"type": "Point", "coordinates": [86.4572316259782, 23.78357088352742]}, "properties": {"city": "dhanbad", "lst_c": 39.27}}, {"type": "Feature", "geometry": {"type": "Point", "coordinates": [86.46127404475673, 23.78357088352742]}, "properties": {"city": "dhanbad", "lst_c": 38.75}}, {"type": "Feature", "geometry": {"type": "Point", "coordinates": [86.46531646353527, 23.78357088352742]}, "properties": {"city": "dhanbad", "lst_c": 40.16}}, {"type": "Feature", "geometry": {"type": "Point", "coordinates": [86.46935888231381, 23.78357088352742]}, "properties": {"city": "dhanbad", "lst_c": 42.86}}, {"type": "Feature", "geometry": {"type": "Point", "coordinates": [86.47340130109235, 23.78357088352742]}, "properties": {"city": "dhanbad", "lst_c": 43.33}}, {"type": "Feature", "geometry": {"type": "Point", "coordinates": [86.47744371987089, 23.78357088352742]}, "properties": {"city": "dhanbad", "lst_c": 41.85}}, {"type": "Feature", "geometry": {"type": "Point", "coordinates": [86.48148613864943, 23.78357088352742]}, "properties": {"city": "dhanbad", "lst_c": 43.13}}, {"type": "Feature", "geometry": {"type": "Point", "coordinates": [86.48552855742797, 23.78357088352742]}, "properties": {"city": "dhanbad", "lst_c": 42.97}}, {"type": "Feature", "geometry": {"type": "Point", "coordinates": [86.48957097620651, 23.78357088352742]}, "properties": {"city": "dhanbad", "lst_c": 40.2}}, {"type": "Feature", "geometry": {"type": "Point", "coordinates": [86.49361339498505, 23.78357088352742]}, "properties": {"city": "dhanbad", "lst_c": 39.68}}, {"type": "Feature", "geometry": {"type": "Point", "coordinates": [86.49765581376359, 23.78357088352742]}, "properties": {"city": "dhanbad", "lst_c": 41.37}}, {"type": "Feature", "geometry": {"type": "Point", "coordinates": [86.50169823254211, 23.78357088352742]}, "properties": {"city": "dhanbad", "lst_c": 40.84}}, {"type": "Feature", "geometry": {"type": "Point", "coordinates": [86.50574065132065, 23.78357088352742]}, "properties": {"city": "dhanbad", "lst_c": 44.04}}, {"type": "Feature", "geometry": {"type": "Point", "coordinates": [86.50978307009919, 23.78357088352742]}, "properties": {"city": "dhanbad", "lst_c": 41.35}}, {"type": "Feature", "geometry": {"type": "Point", "coordinates": [86.51382548887773, 23.78357088352742]}, "properties": {"city": "dhanbad", "lst_c": 41.37}}, {"type": "Feature", "geometry": {"type": "Point", "coordinates": [86.51786790765627, 23.78357088352742]}, "properties": {"city": "dhanbad", "lst_c": 45.16}}, {"type": "Feature", "geometry": {"type": "Point", "coordinates": [86.5219103264348, 23.78357088352742]}, "properties": {"city": "dhanbad", "lst_c": 41.1}}, {"type": "Feature", "geometry": {"type": "Point", "coordinates": [86.52595274521335, 23.78357088352742]}, "properties": {"city": "dhanbad", "lst_c": 42.24}}, {"type": "Feature", "geometry": {"type": "Point", "coordinates": [86.52999516399188, 23.78357088352742]}, "properties": {"city": "dhanbad", "lst_c": 42.95}}, {"type": "Feature", "geometry": {"type": "Point", "coordinates": [86.53403758277042, 23.78357088352742]}, "properties": {"city": "dhanbad", "lst_c": 43.22}}, {"type": "Feature", "geometry": {"type": "Point", "coordinates": [86.53808000154896, 23.78357088352742]}, "properties": {"city": "dhanbad", "lst_c": 43.7}}, {"type": "Feature", "geometry": {"type": "Point", "coordinates": [86.5421224203275, 23.78357088352742]}, "properties": {"city": "dhanbad", "lst_c": 44.02}}, {"type": "Feature", "geometry": {"type": "Point", "coordinates": [86.54616483910603, 23.78357088352742]}, "properties": {"city": "dhanbad", "lst_c": 45.07}}, {"type": "Feature", "geometry": {"type": "Point", "coordinates": [86.30361971239377, 23.78761330230596]}, "properties": {"city": "dhanbad", "lst_c": 48.59}}, {"type": "Feature", "geometry": {"type": "Point", "coordinates": [86.30766213117231, 23.78761330230596]}, "properties": {"city": "dhanbad", "lst_c": 47.57}}, {"type": "Feature", "geometry": {"type": "Point", "coordinates": [86.31170454995083, 23.78761330230596]}, "properties": {"city": "dhanbad", "lst_c": 45.82}}, {"type": "Feature", "geometry": {"type": "Point", "coordinates": [86.31574696872937, 23.78761330230596]}, "properties": {"city": "dhanbad", "lst_c": 47.47}}, {"type": "Feature", "geometry": {"type": "Point", "coordinates": [86.31978938750791, 23.78761330230596]}, "properties": {"city": "dhanbad", "lst_c": 44.19}}, {"type": "Feature", "geometry": {"type": "Point", "coordinates": [86.32383180628645, 23.78761330230596]}, "properties": {"city": "dhanbad", "lst_c": 45.11}}, {"type": "Feature", "geometry": {"type": "Point", "coordinates": [86.32787422506499, 23.78761330230596]}, "properties": {"city": "dhanbad", "lst_c": 43.62}}, {"type": "Feature", "geometry": {"type": "Point", "coordinates": [86.33191664384353, 23.78761330230596]}, "properties": {"city": "dhanbad", "lst_c": 48.37}}, {"type": "Feature", "geometry": {"type": "Point", "coordinates": [86.33595906262207, 23.78761330230596]}, "properties": {"city": "dhanbad", "lst_c": 48.36}}, {"type": "Feature", "geometry": {"type": "Point", "coordinates": [86.3400014814006, 23.78761330230596]}, "properties": {"city": "dhanbad", "lst_c": 45.73}}, {"type": "Feature", "geometry": {"type": "Point", "coordinates": [86.34404390017914, 23.78761330230596]}, "properties": {"city": "dhanbad", "lst_c": 45.3}}, {"type": "Feature", "geometry": {"type": "Point", "coordinates": [86.34808631895768, 23.78761330230596]}, "properties": {"city": "dhanbad", "lst_c": 44.05}}, {"type": "Feature", "geometry": {"type": "Point", "coordinates": [86.35212873773622, 23.78761330230596]}, "properties": {"city": "dhanbad", "lst_c": 44.69}}, {"type": "Feature", "geometry": {"type": "Point", "coordinates": [86.35617115651476, 23.78761330230596]}, "properties": {"city": "dhanbad", "lst_c": 46.37}}, {"type": "Feature", "geometry": {"type": "Point", "coordinates": [86.36021357529329, 23.78761330230596]}, "properties": {"city": "dhanbad", "lst_c": 46.42}}, {"type": "Feature", "geometry": {"type": "Point", "coordinates": [86.36425599407183, 23.78761330230596]}, "properties": {"city": "dhanbad", "lst_c": 45.9}}, {"type": "Feature", "geometry": {"type": "Point", "coordinates": [86.36829841285036, 23.78761330230596]}, "properties": {"city": "dhanbad", "lst_c": 44.42}}, {"type": "Feature", "geometry": {"type": "Point", "coordinates": [86.3723408316289, 23.78761330230596]}, "properties": {"city": "dhanbad", "lst_c": 48.41}}, {"type": "Feature", "geometry": {"type": "Point", "coordinates": [86.37638325040744, 23.78761330230596]}, "properties": {"city": "dhanbad", "lst_c": 45.29}}, {"type": "Feature", "geometry": {"type": "Point", "coordinates": [86.38042566918598, 23.78761330230596]}, "properties": {"city": "dhanbad", "lst_c": 44.4}}, {"type": "Feature", "geometry": {"type": "Point", "coordinates": [86.38446808796452, 23.78761330230596]}, "properties": {"city": "dhanbad", "lst_c": 45.63}}, {"type": "Feature", "geometry": {"type": "Point", "coordinates": [86.38851050674306, 23.78761330230596]}, "properties": {"city": "dhanbad", "lst_c": 45.59}}, {"type": "Feature", "geometry": {"type": "Point", "coordinates": [86.3925529255216, 23.78761330230596]}, "properties": {"city": "dhanbad", "lst_c": 43.41}}, {"type": "Feature", "geometry": {"type": "Point", "coordinates": [86.39659534430014, 23.78761330230596]}, "properties": {"city": "dhanbad", "lst_c": 44.55}}, {"type": "Feature", "geometry": {"type": "Point", "coordinates": [86.40063776307868, 23.78761330230596]}, "properties": {"city": "dhanbad", "lst_c": 45.91}}, {"type": "Feature", "geometry": {"type": "Point", "coordinates": [86.4046801818572, 23.78761330230596]}, "properties": {"city": "dhanbad", "lst_c": 42.09}}, {"type": "Feature", "geometry": {"type": "Point", "coordinates": [86.40872260063574, 23.78761330230596]}, "properties": {"city": "dhanbad", "lst_c": 42.32}}, {"type": "Feature", "geometry": {"type": "Point", "coordinates": [86.41276501941428, 23.78761330230596]}, "properties": {"city": "dhanbad", "lst_c": 41.37}}, {"type": "Feature", "geometry": {"type": "Point", "coordinates": [86.41680743819282, 23.78761330230596]}, "properties": {"city": "dhanbad", "lst_c": 41.6}}, {"type": "Feature", "geometry": {"type": "Point", "coordinates": [86.42084985697136, 23.78761330230596]}, "properties": {"city": "dhanbad", "lst_c": 41.14}}, {"type": "Feature", "geometry": {"type": "Point", "coordinates": [86.4248922757499, 23.78761330230596]}, "properties": {"city": "dhanbad", "lst_c": 41.38}}, {"type": "Feature", "geometry": {"type": "Point", "coordinates": [86.42893469452844, 23.78761330230596]}, "properties": {"city": "dhanbad", "lst_c": 42.23}}, {"type": "Feature", "geometry": {"type": "Point", "coordinates": [86.43297711330698, 23.78761330230596]}, "properties": {"city": "dhanbad", "lst_c": 42.65}}, {"type": "Feature", "geometry": {"type": "Point", "coordinates": [86.43701953208551, 23.78761330230596]}, "properties": {"city": "dhanbad", "lst_c": 41.49}}, {"type": "Feature", "geometry": {"type": "Point", "coordinates": [86.44106195086405, 23.78761330230596]}, "properties": {"city": "dhanbad", "lst_c": 40.28}}, {"type": "Feature", "geometry": {"type": "Point", "coordinates": [86.44510436964259, 23.78761330230596]}, "properties": {"city": "dhanbad", "lst_c": 42.8}}, {"type": "Feature", "geometry": {"type": "Point", "coordinates": [86.44914678842113, 23.78761330230596]}, "properties": {"city": "dhanbad", "lst_c": 40.85}}, {"type": "Feature", "geometry": {"type": "Point", "coordinates": [86.45318920719966, 23.78761330230596]}, "properties": {"city": "dhanbad", "lst_c": 40.21}}, {"type": "Feature", "geometry": {"type": "Point", "coordinates": [86.4572316259782, 23.78761330230596]}, "properties": {"city": "dhanbad", "lst_c": 40.28}}, {"type": "Feature", "geometry": {"type": "Point", "coordinates": [86.46127404475673, 23.78761330230596]}, "properties": {"city": "dhanbad", "lst_c": 41.35}}, {"type": "Feature", "geometry": {"type": "Point", "coordinates": [86.46531646353527, 23.78761330230596]}, "properties": {"city": "dhanbad", "lst_c": 39.75}}, {"type": "Feature", "geometry": {"type": "Point", "coordinates": [86.46935888231381, 23.78761330230596]}, "properties": {"city": "dhanbad", "lst_c": 42.48}}, {"type": "Feature", "geometry": {"type": "Point", "coordinates": [86.47340130109235, 23.78761330230596]}, "properties": {"city": "dhanbad", "lst_c": 42.11}}, {"type": "Feature", "geometry": {"type": "Point", "coordinates": [86.47744371987089, 23.78761330230596]}, "properties": {"city": "dhanbad", "lst_c": 41.75}}, {"type": "Feature", "geometry": {"type": "Point", "coordinates": [86.48148613864943, 23.78761330230596]}, "properties": {"city": "dhanbad", "lst_c": 41.09}}, {"type": "Feature", "geometry": {"type": "Point", "coordinates": [86.48552855742797, 23.78761330230596]}, "properties": {"city": "dhanbad", "lst_c": 41.31}}, {"type": "Feature", "geometry": {"type": "Point", "coordinates": [86.48957097620651, 23.78761330230596]}, "properties": {"city": "dhanbad", "lst_c": 41.62}}, {"type": "Feature", "geometry": {"type": "Point", "coordinates": [86.49361339498505, 23.78761330230596]}, "properties": {"city": "dhanbad", "lst_c": 42.12}}, {"type": "Feature", "geometry": {"type": "Point", "coordinates": [86.49765581376359, 23.78761330230596]}, "properties": {"city": "dhanbad", "lst_c": 40.98}}, {"type": "Feature", "geometry": {"type": "Point", "coordinates": [86.50169823254211, 23.78761330230596]}, "properties": {"city": "dhanbad", "lst_c": 40.17}}, {"type": "Feature", "geometry": {"type": "Point", "coordinates": [86.50574065132065, 23.78761330230596]}, "properties": {"city": "dhanbad", "lst_c": 40.68}}, {"type": "Feature", "geometry": {"type": "Point", "coordinates": [86.50978307009919, 23.78761330230596]}, "properties": {"city": "dhanbad", "lst_c": 38.89}}, {"type": "Feature", "geometry": {"type": "Point", "coordinates": [86.51382548887773, 23.78761330230596]}, "properties": {"city": "dhanbad", "lst_c": 41.85}}, {"type": "Feature", "geometry": {"type": "Point", "coordinates": [86.51786790765627, 23.78761330230596]}, "properties": {"city": "dhanbad", "lst_c": 44.39}}, {"type": "Feature", "geometry": {"type": "Point", "coordinates": [86.5219103264348, 23.78761330230596]}, "properties": {"city": "dhanbad", "lst_c": 42.4}}, {"type": "Feature", "geometry": {"type": "Point", "coordinates": [86.52595274521335, 23.78761330230596]}, "properties": {"city": "dhanbad", "lst_c": 42.36}}, {"type": "Feature", "geometry": {"type": "Point", "coordinates": [86.52999516399188, 23.78761330230596]}, "properties": {"city": "dhanbad", "lst_c": 43.41}}, {"type": "Feature", "geometry": {"type": "Point", "coordinates": [86.53403758277042, 23.78761330230596]}, "properties": {"city": "dhanbad", "lst_c": 44.72}}, {"type": "Feature", "geometry": {"type": "Point", "coordinates": [86.53808000154896, 23.78761330230596]}, "properties": {"city": "dhanbad", "lst_c": 45.06}}, {"type": "Feature", "geometry": {"type": "Point", "coordinates": [86.5421224203275, 23.78761330230596]}, "properties": {"city": "dhanbad", "lst_c": 44.59}}, {"type": "Feature", "geometry": {"type": "Point", "coordinates": [86.54616483910603, 23.78761330230596]}, "properties": {"city": "dhanbad", "lst_c": 45.27}}, {"type": "Feature", "geometry": {"type": "Point", "coordinates": [86.30361971239377, 23.7916557210845]}, "properties": {"city": "dhanbad", "lst_c": 46.15}}, {"type": "Feature", "geometry": {"type": "Point", "coordinates": [86.30766213117231, 23.7916557210845]}, "properties": {"city": "dhanbad", "lst_c": 43.92}}, {"type": "Feature", "geometry": {"type": "Point", "coordinates": [86.31170454995083, 23.7916557210845]}, "properties": {"city": "dhanbad", "lst_c": 47.27}}, {"type": "Feature", "geometry": {"type": "Point", "coordinates": [86.31574696872937, 23.7916557210845]}, "properties": {"city": "dhanbad", "lst_c": 48.61}}, {"type": "Feature", "geometry": {"type": "Point", "coordinates": [86.31978938750791, 23.7916557210845]}, "properties": {"city": "dhanbad", "lst_c": 44.05}}, {"type": "Feature", "geometry": {"type": "Point", "coordinates": [86.32383180628645, 23.7916557210845]}, "properties": {"city": "dhanbad", "lst_c": 45.27}}, {"type": "Feature", "geometry": {"type": "Point", "coordinates": [86.32787422506499, 23.7916557210845]}, "properties": {"city": "dhanbad", "lst_c": 43.65}}, {"type": "Feature", "geometry": {"type": "Point", "coordinates": [86.33191664384353, 23.7916557210845]}, "properties": {"city": "dhanbad", "lst_c": 44.12}}, {"type": "Feature", "geometry": {"type": "Point", "coordinates": [86.33595906262207, 23.7916557210845]}, "properties": {"city": "dhanbad", "lst_c": 45.2}}, {"type": "Feature", "geometry": {"type": "Point", "coordinates": [86.3400014814006, 23.7916557210845]}, "properties": {"city": "dhanbad", "lst_c": 45.93}}, {"type": "Feature", "geometry": {"type": "Point", "coordinates": [86.34404390017914, 23.7916557210845]}, "properties": {"city": "dhanbad", "lst_c": 43.7}}, {"type": "Feature", "geometry": {"type": "Point", "coordinates": [86.34808631895768, 23.7916557210845]}, "properties": {"city": "dhanbad", "lst_c": 47.12}}, {"type": "Feature", "geometry": {"type": "Point", "coordinates": [86.35212873773622, 23.7916557210845]}, "properties": {"city": "dhanbad", "lst_c": 48.35}}, {"type": "Feature", "geometry": {"type": "Point", "coordinates": [86.35617115651476, 23.7916557210845]}, "properties": {"city": "dhanbad", "lst_c": 47.54}}, {"type": "Feature", "geometry": {"type": "Point", "coordinates": [86.36021357529329, 23.7916557210845]}, "properties": {"city": "dhanbad", "lst_c": 45.45}}, {"type": "Feature", "geometry": {"type": "Point", "coordinates": [86.36425599407183, 23.7916557210845]}, "properties": {"city": "dhanbad", "lst_c": 44.07}}, {"type": "Feature", "geometry": {"type": "Point", "coordinates": [86.36829841285036, 23.7916557210845]}, "properties": {"city": "dhanbad", "lst_c": 44.04}}, {"type": "Feature", "geometry": {"type": "Point", "coordinates": [86.3723408316289, 23.7916557210845]}, "properties": {"city": "dhanbad", "lst_c": 44.81}}, {"type": "Feature", "geometry": {"type": "Point", "coordinates": [86.37638325040744, 23.7916557210845]}, "properties": {"city": "dhanbad", "lst_c": 43.97}}, {"type": "Feature", "geometry": {"type": "Point", "coordinates": [86.38042566918598, 23.7916557210845]}, "properties": {"city": "dhanbad", "lst_c": 43.15}}, {"type": "Feature", "geometry": {"type": "Point", "coordinates": [86.38446808796452, 23.7916557210845]}, "properties": {"city": "dhanbad", "lst_c": 45.04}}, {"type": "Feature", "geometry": {"type": "Point", "coordinates": [86.38851050674306, 23.7916557210845]}, "properties": {"city": "dhanbad", "lst_c": 42.92}}, {"type": "Feature", "geometry": {"type": "Point", "coordinates": [86.3925529255216, 23.7916557210845]}, "properties": {"city": "dhanbad", "lst_c": 43.19}}, {"type": "Feature", "geometry": {"type": "Point", "coordinates": [86.39659534430014, 23.7916557210845]}, "properties": {"city": "dhanbad", "lst_c": 43.74}}, {"type": "Feature", "geometry": {"type": "Point", "coordinates": [86.40063776307868, 23.7916557210845]}, "properties": {"city": "dhanbad", "lst_c": 45.75}}, {"type": "Feature", "geometry": {"type": "Point", "coordinates": [86.4046801818572, 23.7916557210845]}, "properties": {"city": "dhanbad", "lst_c": 45.38}}, {"type": "Feature", "geometry": {"type": "Point", "coordinates": [86.40872260063574, 23.7916557210845]}, "properties": {"city": "dhanbad", "lst_c": 42.92}}, {"type": "Feature", "geometry": {"type": "Point", "coordinates": [86.41276501941428, 23.7916557210845]}, "properties": {"city": "dhanbad", "lst_c": 40.96}}, {"type": "Feature", "geometry": {"type": "Point", "coordinates": [86.41680743819282, 23.7916557210845]}, "properties": {"city": "dhanbad", "lst_c": 40.68}}, {"type": "Feature", "geometry": {"type": "Point", "coordinates": [86.42084985697136, 23.7916557210845]}, "properties": {"city": "dhanbad", "lst_c": 42.22}}, {"type": "Feature", "geometry": {"type": "Point", "coordinates": [86.4248922757499, 23.7916557210845]}, "properties": {"city": "dhanbad", "lst_c": 41.62}}, {"type": "Feature", "geometry": {"type": "Point", "coordinates": [86.42893469452844, 23.7916557210845]}, "properties": {"city": "dhanbad", "lst_c": 43.17}}, {"type": "Feature", "geometry": {"type": "Point", "coordinates": [86.43297711330698, 23.7916557210845]}, "properties": {"city": "dhanbad", "lst_c": 39.8}}, {"type": "Feature", "geometry": {"type": "Point", "coordinates": [86.43701953208551, 23.7916557210845]}, "properties": {"city": "dhanbad", "lst_c": 40.72}}, {"type": "Feature", "geometry": {"type": "Point", "coordinates": [86.44106195086405, 23.7916557210845]}, "properties": {"city": "dhanbad", "lst_c": 38.59}}, {"type": "Feature", "geometry": {"type": "Point", "coordinates": [86.44510436964259, 23.7916557210845]}, "properties": {"city": "dhanbad", "lst_c": 41.0}}, {"type": "Feature", "geometry": {"type": "Point", "coordinates": [86.44914678842113, 23.7916557210845]}, "properties": {"city": "dhanbad", "lst_c": 39.81}}, {"type": "Feature", "geometry": {"type": "Point", "coordinates": [86.45318920719966, 23.7916557210845]}, "properties": {"city": "dhanbad", "lst_c": 41.11}}, {"type": "Feature", "geometry": {"type": "Point", "coordinates": [86.4572316259782, 23.7916557210845]}, "properties": {"city": "dhanbad", "lst_c": 40.66}}, {"type": "Feature", "geometry": {"type": "Point", "coordinates": [86.46127404475673, 23.7916557210845]}, "properties": {"city": "dhanbad", "lst_c": 40.67}}, {"type": "Feature", "geometry": {"type": "Point", "coordinates": [86.46531646353527, 23.7916557210845]}, "properties": {"city": "dhanbad", "lst_c": 42.34}}, {"type": "Feature", "geometry": {"type": "Point", "coordinates": [86.46935888231381, 23.7916557210845]}, "properties": {"city": "dhanbad", "lst_c": 40.75}}, {"type": "Feature", "geometry": {"type": "Point", "coordinates": [86.47340130109235, 23.7916557210845]}, "properties": {"city": "dhanbad", "lst_c": 40.05}}, {"type": "Feature", "geometry": {"type": "Point", "coordinates": [86.47744371987089, 23.7916557210845]}, "properties": {"city": "dhanbad", "lst_c": 40.96}}, {"type": "Feature", "geometry": {"type": "Point", "coordinates": [86.48148613864943, 23.7916557210845]}, "properties": {"city": "dhanbad", "lst_c": 40.57}}, {"type": "Feature", "geometry": {"type": "Point", "coordinates": [86.48552855742797, 23.7916557210845]}, "properties": {"city": "dhanbad", "lst_c": 41.87}}, {"type": "Feature", "geometry": {"type": "Point", "coordinates": [86.48957097620651, 23.7916557210845]}, "properties": {"city": "dhanbad", "lst_c": 42.07}}, {"type": "Feature", "geometry": {"type": "Point", "coordinates": [86.49361339498505, 23.7916557210845]}, "properties": {"city": "dhanbad", "lst_c": 40.73}}, {"type": "Feature", "geometry": {"type": "Point", "coordinates": [86.49765581376359, 23.7916557210845]}, "properties": {"city": "dhanbad", "lst_c": 40.75}}, {"type": "Feature", "geometry": {"type": "Point", "coordinates": [86.50169823254211, 23.7916557210845]}, "properties": {"city": "dhanbad", "lst_c": 39.77}}, {"type": "Feature", "geometry": {"type": "Point", "coordinates": [86.50574065132065, 23.7916557210845]}, "properties": {"city": "dhanbad", "lst_c": 38.62}}, {"type": "Feature", "geometry": {"type": "Point", "coordinates": [86.50978307009919, 23.7916557210845]}, "properties": {"city": "dhanbad", "lst_c": 39.76}}, {"type": "Feature", "geometry": {"type": "Point", "coordinates": [86.51382548887773, 23.7916557210845]}, "properties": {"city": "dhanbad", "lst_c": 40.92}}, {"type": "Feature", "geometry": {"type": "Point", "coordinates": [86.51786790765627, 23.7916557210845]}, "properties": {"city": "dhanbad", "lst_c": 43.93}}, {"type": "Feature", "geometry": {"type": "Point", "coordinates": [86.5219103264348, 23.7916557210845]}, "properties": {"city": "dhanbad", "lst_c": 42.76}}, {"type": "Feature", "geometry": {"type": "Point", "coordinates": [86.52595274521335, 23.7916557210845]}, "properties": {"city": "dhanbad", "lst_c": 41.79}}, {"type": "Feature", "geometry": {"type": "Point", "coordinates": [86.52999516399188, 23.7916557210845]}, "properties": {"city": "dhanbad", "lst_c": 42.91}}, {"type": "Feature", "geometry": {"type": "Point", "coordinates": [86.53403758277042, 23.7916557210845]}, "properties": {"city": "dhanbad", "lst_c": 44.99}}, {"type": "Feature", "geometry": {"type": "Point", "coordinates": [86.53808000154896, 23.7916557210845]}, "properties": {"city": "dhanbad", "lst_c": 45.14}}, {"type": "Feature", "geometry": {"type": "Point", "coordinates": [86.5421224203275, 23.7916557210845]}, "properties": {"city": "dhanbad", "lst_c": 44.38}}, {"type": "Feature", "geometry": {"type": "Point", "coordinates": [86.54616483910603, 23.7916557210845]}, "properties": {"city": "dhanbad", "lst_c": 47.6}}, {"type": "Feature", "geometry": {"type": "Point", "coordinates": [86.30361971239377, 23.795698139863035]}, "properties": {"city": "dhanbad", "lst_c": 44.89}}, {"type": "Feature", "geometry": {"type": "Point", "coordinates": [86.30766213117231, 23.795698139863035]}, "properties": {"city": "dhanbad", "lst_c": 45.56}}, {"type": "Feature", "geometry": {"type": "Point", "coordinates": [86.31170454995083, 23.795698139863035]}, "properties": {"city": "dhanbad", "lst_c": 43.85}}, {"type": "Feature", "geometry": {"type": "Point", "coordinates": [86.31574696872937, 23.795698139863035]}, "properties": {"city": "dhanbad", "lst_c": 44.65}}, {"type": "Feature", "geometry": {"type": "Point", "coordinates": [86.31978938750791, 23.795698139863035]}, "properties": {"city": "dhanbad", "lst_c": 44.16}}, {"type": "Feature", "geometry": {"type": "Point", "coordinates": [86.32383180628645, 23.795698139863035]}, "properties": {"city": "dhanbad", "lst_c": 44.17}}, {"type": "Feature", "geometry": {"type": "Point", "coordinates": [86.32787422506499, 23.795698139863035]}, "properties": {"city": "dhanbad", "lst_c": 42.3}}, {"type": "Feature", "geometry": {"type": "Point", "coordinates": [86.33191664384353, 23.795698139863035]}, "properties": {"city": "dhanbad", "lst_c": 42.43}}, {"type": "Feature", "geometry": {"type": "Point", "coordinates": [86.33595906262207, 23.795698139863035]}, "properties": {"city": "dhanbad", "lst_c": 44.49}}, {"type": "Feature", "geometry": {"type": "Point", "coordinates": [86.3400014814006, 23.795698139863035]}, "properties": {"city": "dhanbad", "lst_c": 44.59}}, {"type": "Feature", "geometry": {"type": "Point", "coordinates": [86.34404390017914, 23.795698139863035]}, "properties": {"city": "dhanbad", "lst_c": 45.74}}, {"type": "Feature", "geometry": {"type": "Point", "coordinates": [86.34808631895768, 23.795698139863035]}, "properties": {"city": "dhanbad", "lst_c": 47.62}}, {"type": "Feature", "geometry": {"type": "Point", "coordinates": [86.35212873773622, 23.795698139863035]}, "properties": {"city": "dhanbad", "lst_c": 49.62}}, {"type": "Feature", "geometry": {"type": "Point", "coordinates": [86.35617115651476, 23.795698139863035]}, "properties": {"city": "dhanbad", "lst_c": 43.37}}, {"type": "Feature", "geometry": {"type": "Point", "coordinates": [86.36021357529329, 23.795698139863035]}, "properties": {"city": "dhanbad", "lst_c": 42.87}}, {"type": "Feature", "geometry": {"type": "Point", "coordinates": [86.36425599407183, 23.795698139863035]}, "properties": {"city": "dhanbad", "lst_c": 44.3}}, {"type": "Feature", "geometry": {"type": "Point", "coordinates": [86.36829841285036, 23.795698139863035]}, "properties": {"city": "dhanbad", "lst_c": 44.71}}, {"type": "Feature", "geometry": {"type": "Point", "coordinates": [86.3723408316289, 23.795698139863035]}, "properties": {"city": "dhanbad", "lst_c": 46.85}}, {"type": "Feature", "geometry": {"type": "Point", "coordinates": [86.37638325040744, 23.795698139863035]}, "properties": {"city": "dhanbad", "lst_c": 44.5}}, {"type": "Feature", "geometry": {"type": "Point", "coordinates": [86.38042566918598, 23.795698139863035]}, "properties": {"city": "dhanbad", "lst_c": 42.51}}, {"type": "Feature", "geometry": {"type": "Point", "coordinates": [86.38446808796452, 23.795698139863035]}, "properties": {"city": "dhanbad", "lst_c": 43.21}}, {"type": "Feature", "geometry": {"type": "Point", "coordinates": [86.38851050674306, 23.795698139863035]}, "properties": {"city": "dhanbad", "lst_c": 44.92}}, {"type": "Feature", "geometry": {"type": "Point", "coordinates": [86.3925529255216, 23.795698139863035]}, "properties": {"city": "dhanbad", "lst_c": 44.24}}, {"type": "Feature", "geometry": {"type": "Point", "coordinates": [86.39659534430014, 23.795698139863035]}, "properties": {"city": "dhanbad", "lst_c": 43.27}}, {"type": "Feature", "geometry": {"type": "Point", "coordinates": [86.40063776307868, 23.795698139863035]}, "properties": {"city": "dhanbad", "lst_c": 42.85}}, {"type": "Feature", "geometry": {"type": "Point", "coordinates": [86.4046801818572, 23.795698139863035]}, "properties": {"city": "dhanbad", "lst_c": 43.02}}, {"type": "Feature", "geometry": {"type": "Point", "coordinates": [86.40872260063574, 23.795698139863035]}, "properties": {"city": "dhanbad", "lst_c": 41.93}}, {"type": "Feature", "geometry": {"type": "Point", "coordinates": [86.41276501941428, 23.795698139863035]}, "properties": {"city": "dhanbad", "lst_c": 41.66}}, {"type": "Feature", "geometry": {"type": "Point", "coordinates": [86.41680743819282, 23.795698139863035]}, "properties": {"city": "dhanbad", "lst_c": 41.46}}, {"type": "Feature", "geometry": {"type": "Point", "coordinates": [86.42084985697136, 23.795698139863035]}, "properties": {"city": "dhanbad", "lst_c": 38.45}}, {"type": "Feature", "geometry": {"type": "Point", "coordinates": [86.4248922757499, 23.795698139863035]}, "properties": {"city": "dhanbad", "lst_c": 40.51}}, {"type": "Feature", "geometry": {"type": "Point", "coordinates": [86.42893469452844, 23.795698139863035]}, "properties": {"city": "dhanbad", "lst_c": 38.43}}, {"type": "Feature", "geometry": {"type": "Point", "coordinates": [86.43297711330698, 23.795698139863035]}, "properties": {"city": "dhanbad", "lst_c": 39.19}}, {"type": "Feature", "geometry": {"type": "Point", "coordinates": [86.43701953208551, 23.795698139863035]}, "properties": {"city": "dhanbad", "lst_c": 40.35}}, {"type": "Feature", "geometry": {"type": "Point", "coordinates": [86.44106195086405, 23.795698139863035]}, "properties": {"city": "dhanbad", "lst_c": 40.66}}, {"type": "Feature", "geometry": {"type": "Point", "coordinates": [86.44510436964259, 23.795698139863035]}, "properties": {"city": "dhanbad", "lst_c": 41.2}}, {"type": "Feature", "geometry": {"type": "Point", "coordinates": [86.44914678842113, 23.795698139863035]}, "properties": {"city": "dhanbad", "lst_c": 41.7}}, {"type": "Feature", "geometry": {"type": "Point", "coordinates": [86.45318920719966, 23.795698139863035]}, "properties": {"city": "dhanbad", "lst_c": 42.06}}, {"type": "Feature", "geometry": {"type": "Point", "coordinates": [86.4572316259782, 23.795698139863035]}, "properties": {"city": "dhanbad", "lst_c": 40.83}}, {"type": "Feature", "geometry": {"type": "Point", "coordinates": [86.46127404475673, 23.795698139863035]}, "properties": {"city": "dhanbad", "lst_c": 40.77}}, {"type": "Feature", "geometry": {"type": "Point", "coordinates": [86.46531646353527, 23.795698139863035]}, "properties": {"city": "dhanbad", "lst_c": 39.61}}, {"type": "Feature", "geometry": {"type": "Point", "coordinates": [86.46935888231381, 23.795698139863035]}, "properties": {"city": "dhanbad", "lst_c": 39.37}}, {"type": "Feature", "geometry": {"type": "Point", "coordinates": [86.47340130109235, 23.795698139863035]}, "properties": {"city": "dhanbad", "lst_c": 42.05}}, {"type": "Feature", "geometry": {"type": "Point", "coordinates": [86.47744371987089, 23.795698139863035]}, "properties": {"city": "dhanbad", "lst_c": 39.36}}, {"type": "Feature", "geometry": {"type": "Point", "coordinates": [86.48148613864943, 23.795698139863035]}, "properties": {"city": "dhanbad", "lst_c": 42.32}}, {"type": "Feature", "geometry": {"type": "Point", "coordinates": [86.48552855742797, 23.795698139863035]}, "properties": {"city": "dhanbad", "lst_c": 41.78}}, {"type": "Feature", "geometry": {"type": "Point", "coordinates": [86.48957097620651, 23.795698139863035]}, "properties": {"city": "dhanbad", "lst_c": 42.38}}, {"type": "Feature", "geometry": {"type": "Point", "coordinates": [86.49361339498505, 23.795698139863035]}, "properties": {"city": "dhanbad", "lst_c": 40.36}}, {"type": "Feature", "geometry": {"type": "Point", "coordinates": [86.49765581376359, 23.795698139863035]}, "properties": {"city": "dhanbad", "lst_c": 40.99}}, {"type": "Feature", "geometry": {"type": "Point", "coordinates": [86.50169823254211, 23.795698139863035]}, "properties": {"city": "dhanbad", "lst_c": 38.69}}, {"type": "Feature", "geometry": {"type": "Point", "coordinates": [86.50574065132065, 23.795698139863035]}, "properties": {"city": "dhanbad", "lst_c": 36.77}}, {"type": "Feature", "geometry": {"type": "Point", "coordinates": [86.50978307009919, 23.795698139863035]}, "properties": {"city": "dhanbad", "lst_c": 41.23}}, {"type": "Feature", "geometry": {"type": "Point", "coordinates": [86.51382548887773, 23.795698139863035]}, "properties": {"city": "dhanbad", "lst_c": 41.95}}, {"type": "Feature", "geometry": {"type": "Point", "coordinates": [86.51786790765627, 23.795698139863035]}, "properties": {"city": "dhanbad", "lst_c": 43.42}}, {"type": "Feature", "geometry": {"type": "Point", "coordinates": [86.5219103264348, 23.795698139863035]}, "properties": {"city": "dhanbad", "lst_c": 42.35}}, {"type": "Feature", "geometry": {"type": "Point", "coordinates": [86.52595274521335, 23.795698139863035]}, "properties": {"city": "dhanbad", "lst_c": 41.69}}, {"type": "Feature", "geometry": {"type": "Point", "coordinates": [86.52999516399188, 23.795698139863035]}, "properties": {"city": "dhanbad", "lst_c": 42.84}}, {"type": "Feature", "geometry": {"type": "Point", "coordinates": [86.53403758277042, 23.795698139863035]}, "properties": {"city": "dhanbad", "lst_c": 43.12}}, {"type": "Feature", "geometry": {"type": "Point", "coordinates": [86.53808000154896, 23.795698139863035]}, "properties": {"city": "dhanbad", "lst_c": 45.16}}, {"type": "Feature", "geometry": {"type": "Point", "coordinates": [86.5421224203275, 23.795698139863035]}, "properties": {"city": "dhanbad", "lst_c": 43.75}}, {"type": "Feature", "geometry": {"type": "Point", "coordinates": [86.54616483910603, 23.795698139863035]}, "properties": {"city": "dhanbad", "lst_c": 42.59}}, {"type": "Feature", "geometry": {"type": "Point", "coordinates": [86.30361971239377, 23.799740558641574]}, "properties": {"city": "dhanbad", "lst_c": 42.67}}, {"type": "Feature", "geometry": {"type": "Point", "coordinates": [86.30766213117231, 23.799740558641574]}, "properties": {"city": "dhanbad", "lst_c": 46.5}}, {"type": "Feature", "geometry": {"type": "Point", "coordinates": [86.31170454995083, 23.799740558641574]}, "properties": {"city": "dhanbad", "lst_c": 46.36}}, {"type": "Feature", "geometry": {"type": "Point", "coordinates": [86.31574696872937, 23.799740558641574]}, "properties": {"city": "dhanbad", "lst_c": 42.69}}, {"type": "Feature", "geometry": {"type": "Point", "coordinates": [86.31978938750791, 23.799740558641574]}, "properties": {"city": "dhanbad", "lst_c": 43.43}}, {"type": "Feature", "geometry": {"type": "Point", "coordinates": [86.32383180628645, 23.799740558641574]}, "properties": {"city": "dhanbad", "lst_c": 44.23}}, {"type": "Feature", "geometry": {"type": "Point", "coordinates": [86.32787422506499, 23.799740558641574]}, "properties": {"city": "dhanbad", "lst_c": 44.23}}, {"type": "Feature", "geometry": {"type": "Point", "coordinates": [86.33191664384353, 23.799740558641574]}, "properties": {"city": "dhanbad", "lst_c": 45.87}}, {"type": "Feature", "geometry": {"type": "Point", "coordinates": [86.33595906262207, 23.799740558641574]}, "properties": {"city": "dhanbad", "lst_c": 45.56}}, {"type": "Feature", "geometry": {"type": "Point", "coordinates": [86.3400014814006, 23.799740558641574]}, "properties": {"city": "dhanbad", "lst_c": 43.08}}, {"type": "Feature", "geometry": {"type": "Point", "coordinates": [86.34404390017914, 23.799740558641574]}, "properties": {"city": "dhanbad", "lst_c": 49.23}}, {"type": "Feature", "geometry": {"type": "Point", "coordinates": [86.34808631895768, 23.799740558641574]}, "properties": {"city": "dhanbad", "lst_c": 50.75}}, {"type": "Feature", "geometry": {"type": "Point", "coordinates": [86.35212873773622, 23.799740558641574]}, "properties": {"city": "dhanbad", "lst_c": 44.14}}, {"type": "Feature", "geometry": {"type": "Point", "coordinates": [86.35617115651476, 23.799740558641574]}, "properties": {"city": "dhanbad", "lst_c": 45.29}}, {"type": "Feature", "geometry": {"type": "Point", "coordinates": [86.36021357529329, 23.799740558641574]}, "properties": {"city": "dhanbad", "lst_c": 43.09}}, {"type": "Feature", "geometry": {"type": "Point", "coordinates": [86.36425599407183, 23.799740558641574]}, "properties": {"city": "dhanbad", "lst_c": 44.77}}, {"type": "Feature", "geometry": {"type": "Point", "coordinates": [86.36829841285036, 23.799740558641574]}, "properties": {"city": "dhanbad", "lst_c": 42.19}}, {"type": "Feature", "geometry": {"type": "Point", "coordinates": [86.3723408316289, 23.799740558641574]}, "properties": {"city": "dhanbad", "lst_c": 42.31}}, {"type": "Feature", "geometry": {"type": "Point", "coordinates": [86.37638325040744, 23.799740558641574]}, "properties": {"city": "dhanbad", "lst_c": 44.9}}, {"type": "Feature", "geometry": {"type": "Point", "coordinates": [86.38042566918598, 23.799740558641574]}, "properties": {"city": "dhanbad", "lst_c": 45.4}}, {"type": "Feature", "geometry": {"type": "Point", "coordinates": [86.38446808796452, 23.799740558641574]}, "properties": {"city": "dhanbad", "lst_c": 45.41}}, {"type": "Feature", "geometry": {"type": "Point", "coordinates": [86.38851050674306, 23.799740558641574]}, "properties": {"city": "dhanbad", "lst_c": 44.07}}, {"type": "Feature", "geometry": {"type": "Point", "coordinates": [86.3925529255216, 23.799740558641574]}, "properties": {"city": "dhanbad", "lst_c": 44.2}}, {"type": "Feature", "geometry": {"type": "Point", "coordinates": [86.39659534430014, 23.799740558641574]}, "properties": {"city": "dhanbad", "lst_c": 43.25}}, {"type": "Feature", "geometry": {"type": "Point", "coordinates": [86.40063776307868, 23.799740558641574]}, "properties": {"city": "dhanbad", "lst_c": 41.74}}, {"type": "Feature", "geometry": {"type": "Point", "coordinates": [86.4046801818572, 23.799740558641574]}, "properties": {"city": "dhanbad", "lst_c": 41.42}}, {"type": "Feature", "geometry": {"type": "Point", "coordinates": [86.40872260063574, 23.799740558641574]}, "properties": {"city": "dhanbad", "lst_c": 42.35}}, {"type": "Feature", "geometry": {"type": "Point", "coordinates": [86.41276501941428, 23.799740558641574]}, "properties": {"city": "dhanbad", "lst_c": 41.85}}, {"type": "Feature", "geometry": {"type": "Point", "coordinates": [86.41680743819282, 23.799740558641574]}, "properties": {"city": "dhanbad", "lst_c": 41.95}}, {"type": "Feature", "geometry": {"type": "Point", "coordinates": [86.42084985697136, 23.799740558641574]}, "properties": {"city": "dhanbad", "lst_c": 34.85}}, {"type": "Feature", "geometry": {"type": "Point", "coordinates": [86.4248922757499, 23.799740558641574]}, "properties": {"city": "dhanbad", "lst_c": 37.68}}, {"type": "Feature", "geometry": {"type": "Point", "coordinates": [86.42893469452844, 23.799740558641574]}, "properties": {"city": "dhanbad", "lst_c": 36.76}}, {"type": "Feature", "geometry": {"type": "Point", "coordinates": [86.43297711330698, 23.799740558641574]}, "properties": {"city": "dhanbad", "lst_c": 39.35}}, {"type": "Feature", "geometry": {"type": "Point", "coordinates": [86.43701953208551, 23.799740558641574]}, "properties": {"city": "dhanbad", "lst_c": 39.33}}, {"type": "Feature", "geometry": {"type": "Point", "coordinates": [86.44106195086405, 23.799740558641574]}, "properties": {"city": "dhanbad", "lst_c": 39.52}}, {"type": "Feature", "geometry": {"type": "Point", "coordinates": [86.44510436964259, 23.799740558641574]}, "properties": {"city": "dhanbad", "lst_c": 40.78}}, {"type": "Feature", "geometry": {"type": "Point", "coordinates": [86.44914678842113, 23.799740558641574]}, "properties": {"city": "dhanbad", "lst_c": 41.09}}, {"type": "Feature", "geometry": {"type": "Point", "coordinates": [86.45318920719966, 23.799740558641574]}, "properties": {"city": "dhanbad", "lst_c": 40.21}}, {"type": "Feature", "geometry": {"type": "Point", "coordinates": [86.4572316259782, 23.799740558641574]}, "properties": {"city": "dhanbad", "lst_c": 39.93}}, {"type": "Feature", "geometry": {"type": "Point", "coordinates": [86.46127404475673, 23.799740558641574]}, "properties": {"city": "dhanbad", "lst_c": 38.82}}, {"type": "Feature", "geometry": {"type": "Point", "coordinates": [86.46531646353527, 23.799740558641574]}, "properties": {"city": "dhanbad", "lst_c": 38.17}}, {"type": "Feature", "geometry": {"type": "Point", "coordinates": [86.46935888231381, 23.799740558641574]}, "properties": {"city": "dhanbad", "lst_c": 38.69}}, {"type": "Feature", "geometry": {"type": "Point", "coordinates": [86.47340130109235, 23.799740558641574]}, "properties": {"city": "dhanbad", "lst_c": 40.39}}, {"type": "Feature", "geometry": {"type": "Point", "coordinates": [86.47744371987089, 23.799740558641574]}, "properties": {"city": "dhanbad", "lst_c": 39.69}}, {"type": "Feature", "geometry": {"type": "Point", "coordinates": [86.48148613864943, 23.799740558641574]}, "properties": {"city": "dhanbad", "lst_c": 41.48}}, {"type": "Feature", "geometry": {"type": "Point", "coordinates": [86.48552855742797, 23.799740558641574]}, "properties": {"city": "dhanbad", "lst_c": 40.71}}, {"type": "Feature", "geometry": {"type": "Point", "coordinates": [86.48957097620651, 23.799740558641574]}, "properties": {"city": "dhanbad", "lst_c": 40.93}}, {"type": "Feature", "geometry": {"type": "Point", "coordinates": [86.49361339498505, 23.799740558641574]}, "properties": {"city": "dhanbad", "lst_c": 41.01}}, {"type": "Feature", "geometry": {"type": "Point", "coordinates": [86.49765581376359, 23.799740558641574]}, "properties": {"city": "dhanbad", "lst_c": 40.61}}, {"type": "Feature", "geometry": {"type": "Point", "coordinates": [86.50169823254211, 23.799740558641574]}, "properties": {"city": "dhanbad", "lst_c": 36.98}}, {"type": "Feature", "geometry": {"type": "Point", "coordinates": [86.50574065132065, 23.799740558641574]}, "properties": {"city": "dhanbad", "lst_c": 37.53}}, {"type": "Feature", "geometry": {"type": "Point", "coordinates": [86.50978307009919, 23.799740558641574]}, "properties": {"city": "dhanbad", "lst_c": 42.17}}, {"type": "Feature", "geometry": {"type": "Point", "coordinates": [86.51382548887773, 23.799740558641574]}, "properties": {"city": "dhanbad", "lst_c": 41.49}}, {"type": "Feature", "geometry": {"type": "Point", "coordinates": [86.51786790765627, 23.799740558641574]}, "properties": {"city": "dhanbad", "lst_c": 42.6}}, {"type": "Feature", "geometry": {"type": "Point", "coordinates": [86.5219103264348, 23.799740558641574]}, "properties": {"city": "dhanbad", "lst_c": 42.21}}, {"type": "Feature", "geometry": {"type": "Point", "coordinates": [86.52595274521335, 23.799740558641574]}, "properties": {"city": "dhanbad", "lst_c": 41.6}}, {"type": "Feature", "geometry": {"type": "Point", "coordinates": [86.52999516399188, 23.799740558641574]}, "properties": {"city": "dhanbad", "lst_c": 42.32}}, {"type": "Feature", "geometry": {"type": "Point", "coordinates": [86.53403758277042, 23.799740558641574]}, "properties": {"city": "dhanbad", "lst_c": 45.05}}, {"type": "Feature", "geometry": {"type": "Point", "coordinates": [86.53808000154896, 23.799740558641574]}, "properties": {"city": "dhanbad", "lst_c": 44.95}}, {"type": "Feature", "geometry": {"type": "Point", "coordinates": [86.5421224203275, 23.799740558641574]}, "properties": {"city": "dhanbad", "lst_c": 43.34}}, {"type": "Feature", "geometry": {"type": "Point", "coordinates": [86.54616483910603, 23.799740558641574]}, "properties": {"city": "dhanbad", "lst_c": 43.27}}, {"type": "Feature", "geometry": {"type": "Point", "coordinates": [86.30361971239377, 23.803782977420113]}, "properties": {"city": "dhanbad", "lst_c": 42.98}}, {"type": "Feature", "geometry": {"type": "Point", "coordinates": [86.30766213117231, 23.803782977420113]}, "properties": {"city": "dhanbad", "lst_c": 43.93}}, {"type": "Feature", "geometry": {"type": "Point", "coordinates": [86.31170454995083, 23.803782977420113]}, "properties": {"city": "dhanbad", "lst_c": 46.24}}, {"type": "Feature", "geometry": {"type": "Point", "coordinates": [86.31574696872937, 23.803782977420113]}, "properties": {"city": "dhanbad", "lst_c": 49.0}}, {"type": "Feature", "geometry": {"type": "Point", "coordinates": [86.31978938750791, 23.803782977420113]}, "properties": {"city": "dhanbad", "lst_c": 47.2}}, {"type": "Feature", "geometry": {"type": "Point", "coordinates": [86.32383180628645, 23.803782977420113]}, "properties": {"city": "dhanbad", "lst_c": 48.1}}, {"type": "Feature", "geometry": {"type": "Point", "coordinates": [86.32787422506499, 23.803782977420113]}, "properties": {"city": "dhanbad", "lst_c": 51.66}}, {"type": "Feature", "geometry": {"type": "Point", "coordinates": [86.33191664384353, 23.803782977420113]}, "properties": {"city": "dhanbad", "lst_c": 47.79}}, {"type": "Feature", "geometry": {"type": "Point", "coordinates": [86.33595906262207, 23.803782977420113]}, "properties": {"city": "dhanbad", "lst_c": 45.08}}, {"type": "Feature", "geometry": {"type": "Point", "coordinates": [86.3400014814006, 23.803782977420113]}, "properties": {"city": "dhanbad", "lst_c": 43.8}}, {"type": "Feature", "geometry": {"type": "Point", "coordinates": [86.34404390017914, 23.803782977420113]}, "properties": {"city": "dhanbad", "lst_c": 44.75}}, {"type": "Feature", "geometry": {"type": "Point", "coordinates": [86.34808631895768, 23.803782977420113]}, "properties": {"city": "dhanbad", "lst_c": 42.77}}, {"type": "Feature", "geometry": {"type": "Point", "coordinates": [86.35212873773622, 23.803782977420113]}, "properties": {"city": "dhanbad", "lst_c": 43.47}}, {"type": "Feature", "geometry": {"type": "Point", "coordinates": [86.35617115651476, 23.803782977420113]}, "properties": {"city": "dhanbad", "lst_c": 44.04}}, {"type": "Feature", "geometry": {"type": "Point", "coordinates": [86.36021357529329, 23.803782977420113]}, "properties": {"city": "dhanbad", "lst_c": 45.23}}, {"type": "Feature", "geometry": {"type": "Point", "coordinates": [86.36425599407183, 23.803782977420113]}, "properties": {"city": "dhanbad", "lst_c": 44.08}}, {"type": "Feature", "geometry": {"type": "Point", "coordinates": [86.36829841285036, 23.803782977420113]}, "properties": {"city": "dhanbad", "lst_c": 42.86}}, {"type": "Feature", "geometry": {"type": "Point", "coordinates": [86.3723408316289, 23.803782977420113]}, "properties": {"city": "dhanbad", "lst_c": 41.68}}, {"type": "Feature", "geometry": {"type": "Point", "coordinates": [86.37638325040744, 23.803782977420113]}, "properties": {"city": "dhanbad", "lst_c": 42.94}}, {"type": "Feature", "geometry": {"type": "Point", "coordinates": [86.38042566918598, 23.803782977420113]}, "properties": {"city": "dhanbad", "lst_c": 42.74}}, {"type": "Feature", "geometry": {"type": "Point", "coordinates": [86.38446808796452, 23.803782977420113]}, "properties": {"city": "dhanbad", "lst_c": 43.6}}, {"type": "Feature", "geometry": {"type": "Point", "coordinates": [86.38851050674306, 23.803782977420113]}, "properties": {"city": "dhanbad", "lst_c": 41.9}}, {"type": "Feature", "geometry": {"type": "Point", "coordinates": [86.3925529255216, 23.803782977420113]}, "properties": {"city": "dhanbad", "lst_c": 42.23}}, {"type": "Feature", "geometry": {"type": "Point", "coordinates": [86.39659534430014, 23.803782977420113]}, "properties": {"city": "dhanbad", "lst_c": 41.77}}, {"type": "Feature", "geometry": {"type": "Point", "coordinates": [86.40063776307868, 23.803782977420113]}, "properties": {"city": "dhanbad", "lst_c": 41.08}}, {"type": "Feature", "geometry": {"type": "Point", "coordinates": [86.4046801818572, 23.803782977420113]}, "properties": {"city": "dhanbad", "lst_c": 41.25}}, {"type": "Feature", "geometry": {"type": "Point", "coordinates": [86.40872260063574, 23.803782977420113]}, "properties": {"city": "dhanbad", "lst_c": 40.99}}, {"type": "Feature", "geometry": {"type": "Point", "coordinates": [86.41276501941428, 23.803782977420113]}, "properties": {"city": "dhanbad", "lst_c": 41.39}}, {"type": "Feature", "geometry": {"type": "Point", "coordinates": [86.41680743819282, 23.803782977420113]}, "properties": {"city": "dhanbad", "lst_c": 40.83}}, {"type": "Feature", "geometry": {"type": "Point", "coordinates": [86.42084985697136, 23.803782977420113]}, "properties": {"city": "dhanbad", "lst_c": 36.93}}, {"type": "Feature", "geometry": {"type": "Point", "coordinates": [86.4248922757499, 23.803782977420113]}, "properties": {"city": "dhanbad", "lst_c": 38.94}}, {"type": "Feature", "geometry": {"type": "Point", "coordinates": [86.42893469452844, 23.803782977420113]}, "properties": {"city": "dhanbad", "lst_c": 37.35}}, {"type": "Feature", "geometry": {"type": "Point", "coordinates": [86.43297711330698, 23.803782977420113]}, "properties": {"city": "dhanbad", "lst_c": 38.9}}, {"type": "Feature", "geometry": {"type": "Point", "coordinates": [86.43701953208551, 23.803782977420113]}, "properties": {"city": "dhanbad", "lst_c": 41.01}}, {"type": "Feature", "geometry": {"type": "Point", "coordinates": [86.44106195086405, 23.803782977420113]}, "properties": {"city": "dhanbad", "lst_c": 39.31}}, {"type": "Feature", "geometry": {"type": "Point", "coordinates": [86.44510436964259, 23.803782977420113]}, "properties": {"city": "dhanbad", "lst_c": 40.68}}, {"type": "Feature", "geometry": {"type": "Point", "coordinates": [86.44914678842113, 23.803782977420113]}, "properties": {"city": "dhanbad", "lst_c": 40.4}}, {"type": "Feature", "geometry": {"type": "Point", "coordinates": [86.45318920719966, 23.803782977420113]}, "properties": {"city": "dhanbad", "lst_c": 40.63}}, {"type": "Feature", "geometry": {"type": "Point", "coordinates": [86.4572316259782, 23.803782977420113]}, "properties": {"city": "dhanbad", "lst_c": 40.89}}, {"type": "Feature", "geometry": {"type": "Point", "coordinates": [86.46127404475673, 23.803782977420113]}, "properties": {"city": "dhanbad", "lst_c": 37.9}}, {"type": "Feature", "geometry": {"type": "Point", "coordinates": [86.46531646353527, 23.803782977420113]}, "properties": {"city": "dhanbad", "lst_c": 39.24}}, {"type": "Feature", "geometry": {"type": "Point", "coordinates": [86.46935888231381, 23.803782977420113]}, "properties": {"city": "dhanbad", "lst_c": 38.79}}, {"type": "Feature", "geometry": {"type": "Point", "coordinates": [86.47340130109235, 23.803782977420113]}, "properties": {"city": "dhanbad", "lst_c": 39.91}}, {"type": "Feature", "geometry": {"type": "Point", "coordinates": [86.47744371987089, 23.803782977420113]}, "properties": {"city": "dhanbad", "lst_c": 41.16}}, {"type": "Feature", "geometry": {"type": "Point", "coordinates": [86.48148613864943, 23.803782977420113]}, "properties": {"city": "dhanbad", "lst_c": 40.24}}, {"type": "Feature", "geometry": {"type": "Point", "coordinates": [86.48552855742797, 23.803782977420113]}, "properties": {"city": "dhanbad", "lst_c": 41.66}}, {"type": "Feature", "geometry": {"type": "Point", "coordinates": [86.48957097620651, 23.803782977420113]}, "properties": {"city": "dhanbad", "lst_c": 41.84}}, {"type": "Feature", "geometry": {"type": "Point", "coordinates": [86.49361339498505, 23.803782977420113]}, "properties": {"city": "dhanbad", "lst_c": 41.78}}, {"type": "Feature", "geometry": {"type": "Point", "coordinates": [86.49765581376359, 23.803782977420113]}, "properties": {"city": "dhanbad", "lst_c": 37.41}}, {"type": "Feature", "geometry": {"type": "Point", "coordinates": [86.50169823254211, 23.803782977420113]}, "properties": {"city": "dhanbad", "lst_c": 37.23}}, {"type": "Feature", "geometry": {"type": "Point", "coordinates": [86.50574065132065, 23.803782977420113]}, "properties": {"city": "dhanbad", "lst_c": 40.07}}, {"type": "Feature", "geometry": {"type": "Point", "coordinates": [86.50978307009919, 23.803782977420113]}, "properties": {"city": "dhanbad", "lst_c": 41.91}}, {"type": "Feature", "geometry": {"type": "Point", "coordinates": [86.51382548887773, 23.803782977420113]}, "properties": {"city": "dhanbad", "lst_c": 41.33}}, {"type": "Feature", "geometry": {"type": "Point", "coordinates": [86.51786790765627, 23.803782977420113]}, "properties": {"city": "dhanbad", "lst_c": 42.05}}, {"type": "Feature", "geometry": {"type": "Point", "coordinates": [86.5219103264348, 23.803782977420113]}, "properties": {"city": "dhanbad", "lst_c": 43.66}}, {"type": "Feature", "geometry": {"type": "Point", "coordinates": [86.52595274521335, 23.803782977420113]}, "properties": {"city": "dhanbad", "lst_c": 43.55}}, {"type": "Feature", "geometry": {"type": "Point", "coordinates": [86.52999516399188, 23.803782977420113]}, "properties": {"city": "dhanbad", "lst_c": 42.62}}, {"type": "Feature", "geometry": {"type": "Point", "coordinates": [86.53403758277042, 23.803782977420113]}, "properties": {"city": "dhanbad", "lst_c": 42.65}}, {"type": "Feature", "geometry": {"type": "Point", "coordinates": [86.53808000154896, 23.803782977420113]}, "properties": {"city": "dhanbad", "lst_c": 43.56}}, {"type": "Feature", "geometry": {"type": "Point", "coordinates": [86.5421224203275, 23.803782977420113]}, "properties": {"city": "dhanbad", "lst_c": 43.39}}, {"type": "Feature", "geometry": {"type": "Point", "coordinates": [86.54616483910603, 23.803782977420113]}, "properties": {"city": "dhanbad", "lst_c": 44.68}}, {"type": "Feature", "geometry": {"type": "Point", "coordinates": [86.30361971239377, 23.80782539619865]}, "properties": {"city": "dhanbad", "lst_c": 42.15}}, {"type": "Feature", "geometry": {"type": "Point", "coordinates": [86.30766213117231, 23.80782539619865]}, "properties": {"city": "dhanbad", "lst_c": 42.51}}, {"type": "Feature", "geometry": {"type": "Point", "coordinates": [86.31170454995083, 23.80782539619865]}, "properties": {"city": "dhanbad", "lst_c": 46.46}}, {"type": "Feature", "geometry": {"type": "Point", "coordinates": [86.31574696872937, 23.80782539619865]}, "properties": {"city": "dhanbad", "lst_c": 55.21}}, {"type": "Feature", "geometry": {"type": "Point", "coordinates": [86.31978938750791, 23.80782539619865]}, "properties": {"city": "dhanbad", "lst_c": 53.05}}, {"type": "Feature", "geometry": {"type": "Point", "coordinates": [86.32383180628645, 23.80782539619865]}, "properties": {"city": "dhanbad", "lst_c": 46.61}}, {"type": "Feature", "geometry": {"type": "Point", "coordinates": [86.32787422506499, 23.80782539619865]}, "properties": {"city": "dhanbad", "lst_c": 46.96}}, {"type": "Feature", "geometry": {"type": "Point", "coordinates": [86.33191664384353, 23.80782539619865]}, "properties": {"city": "dhanbad", "lst_c": 46.84}}, {"type": "Feature", "geometry": {"type": "Point", "coordinates": [86.33595906262207, 23.80782539619865]}, "properties": {"city": "dhanbad", "lst_c": 44.9}}, {"type": "Feature", "geometry": {"type": "Point", "coordinates": [86.3400014814006, 23.80782539619865]}, "properties": {"city": "dhanbad", "lst_c": 42.59}}, {"type": "Feature", "geometry": {"type": "Point", "coordinates": [86.34404390017914, 23.80782539619865]}, "properties": {"city": "dhanbad", "lst_c": 45.16}}, {"type": "Feature", "geometry": {"type": "Point", "coordinates": [86.34808631895768, 23.80782539619865]}, "properties": {"city": "dhanbad", "lst_c": 42.48}}, {"type": "Feature", "geometry": {"type": "Point", "coordinates": [86.35212873773622, 23.80782539619865]}, "properties": {"city": "dhanbad", "lst_c": 42.51}}, {"type": "Feature", "geometry": {"type": "Point", "coordinates": [86.35617115651476, 23.80782539619865]}, "properties": {"city": "dhanbad", "lst_c": 42.58}}, {"type": "Feature", "geometry": {"type": "Point", "coordinates": [86.36021357529329, 23.80782539619865]}, "properties": {"city": "dhanbad", "lst_c": 46.98}}, {"type": "Feature", "geometry": {"type": "Point", "coordinates": [86.36425599407183, 23.80782539619865]}, "properties": {"city": "dhanbad", "lst_c": 44.82}}, {"type": "Feature", "geometry": {"type": "Point", "coordinates": [86.36829841285036, 23.80782539619865]}, "properties": {"city": "dhanbad", "lst_c": 43.71}}, {"type": "Feature", "geometry": {"type": "Point", "coordinates": [86.3723408316289, 23.80782539619865]}, "properties": {"city": "dhanbad", "lst_c": 43.83}}, {"type": "Feature", "geometry": {"type": "Point", "coordinates": [86.37638325040744, 23.80782539619865]}, "properties": {"city": "dhanbad", "lst_c": 42.6}}, {"type": "Feature", "geometry": {"type": "Point", "coordinates": [86.38042566918598, 23.80782539619865]}, "properties": {"city": "dhanbad", "lst_c": 40.51}}, {"type": "Feature", "geometry": {"type": "Point", "coordinates": [86.38446808796452, 23.80782539619865]}, "properties": {"city": "dhanbad", "lst_c": 41.84}}, {"type": "Feature", "geometry": {"type": "Point", "coordinates": [86.38851050674306, 23.80782539619865]}, "properties": {"city": "dhanbad", "lst_c": 41.33}}, {"type": "Feature", "geometry": {"type": "Point", "coordinates": [86.3925529255216, 23.80782539619865]}, "properties": {"city": "dhanbad", "lst_c": 42.61}}, {"type": "Feature", "geometry": {"type": "Point", "coordinates": [86.39659534430014, 23.80782539619865]}, "properties": {"city": "dhanbad", "lst_c": 42.59}}, {"type": "Feature", "geometry": {"type": "Point", "coordinates": [86.40063776307868, 23.80782539619865]}, "properties": {"city": "dhanbad", "lst_c": 41.5}}, {"type": "Feature", "geometry": {"type": "Point", "coordinates": [86.4046801818572, 23.80782539619865]}, "properties": {"city": "dhanbad", "lst_c": 40.76}}, {"type": "Feature", "geometry": {"type": "Point", "coordinates": [86.40872260063574, 23.80782539619865]}, "properties": {"city": "dhanbad", "lst_c": 40.86}}, {"type": "Feature", "geometry": {"type": "Point", "coordinates": [86.41276501941428, 23.80782539619865]}, "properties": {"city": "dhanbad", "lst_c": 41.66}}, {"type": "Feature", "geometry": {"type": "Point", "coordinates": [86.41680743819282, 23.80782539619865]}, "properties": {"city": "dhanbad", "lst_c": 39.75}}, {"type": "Feature", "geometry": {"type": "Point", "coordinates": [86.42084985697136, 23.80782539619865]}, "properties": {"city": "dhanbad", "lst_c": 39.77}}, {"type": "Feature", "geometry": {"type": "Point", "coordinates": [86.4248922757499, 23.80782539619865]}, "properties": {"city": "dhanbad", "lst_c": 39.35}}, {"type": "Feature", "geometry": {"type": "Point", "coordinates": [86.42893469452844, 23.80782539619865]}, "properties": {"city": "dhanbad", "lst_c": 39.86}}, {"type": "Feature", "geometry": {"type": "Point", "coordinates": [86.43297711330698, 23.80782539619865]}, "properties": {"city": "dhanbad", "lst_c": 40.38}}, {"type": "Feature", "geometry": {"type": "Point", "coordinates": [86.43701953208551, 23.80782539619865]}, "properties": {"city": "dhanbad", "lst_c": 40.23}}, {"type": "Feature", "geometry": {"type": "Point", "coordinates": [86.44106195086405, 23.80782539619865]}, "properties": {"city": "dhanbad", "lst_c": 39.43}}, {"type": "Feature", "geometry": {"type": "Point", "coordinates": [86.44510436964259, 23.80782539619865]}, "properties": {"city": "dhanbad", "lst_c": 39.01}}, {"type": "Feature", "geometry": {"type": "Point", "coordinates": [86.44914678842113, 23.80782539619865]}, "properties": {"city": "dhanbad", "lst_c": 40.74}}, {"type": "Feature", "geometry": {"type": "Point", "coordinates": [86.45318920719966, 23.80782539619865]}, "properties": {"city": "dhanbad", "lst_c": 39.22}}, {"type": "Feature", "geometry": {"type": "Point", "coordinates": [86.4572316259782, 23.80782539619865]}, "properties": {"city": "dhanbad", "lst_c": 40.54}}, {"type": "Feature", "geometry": {"type": "Point", "coordinates": [86.46127404475673, 23.80782539619865]}, "properties": {"city": "dhanbad", "lst_c": 41.07}}, {"type": "Feature", "geometry": {"type": "Point", "coordinates": [86.46531646353527, 23.80782539619865]}, "properties": {"city": "dhanbad", "lst_c": 38.88}}, {"type": "Feature", "geometry": {"type": "Point", "coordinates": [86.46935888231381, 23.80782539619865]}, "properties": {"city": "dhanbad", "lst_c": 39.56}}, {"type": "Feature", "geometry": {"type": "Point", "coordinates": [86.47340130109235, 23.80782539619865]}, "properties": {"city": "dhanbad", "lst_c": 40.21}}, {"type": "Feature", "geometry": {"type": "Point", "coordinates": [86.47744371987089, 23.80782539619865]}, "properties": {"city": "dhanbad", "lst_c": 40.54}}, {"type": "Feature", "geometry": {"type": "Point", "coordinates": [86.48148613864943, 23.80782539619865]}, "properties": {"city": "dhanbad", "lst_c": 41.79}}, {"type": "Feature", "geometry": {"type": "Point", "coordinates": [86.48552855742797, 23.80782539619865]}, "properties": {"city": "dhanbad", "lst_c": 39.93}}, {"type": "Feature", "geometry": {"type": "Point", "coordinates": [86.48957097620651, 23.80782539619865]}, "properties": {"city": "dhanbad", "lst_c": 41.32}}, {"type": "Feature", "geometry": {"type": "Point", "coordinates": [86.49361339498505, 23.80782539619865]}, "properties": {"city": "dhanbad", "lst_c": 40.93}}, {"type": "Feature", "geometry": {"type": "Point", "coordinates": [86.49765581376359, 23.80782539619865]}, "properties": {"city": "dhanbad", "lst_c": 37.3}}, {"type": "Feature", "geometry": {"type": "Point", "coordinates": [86.50169823254211, 23.80782539619865]}, "properties": {"city": "dhanbad", "lst_c": 38.98}}, {"type": "Feature", "geometry": {"type": "Point", "coordinates": [86.50574065132065, 23.80782539619865]}, "properties": {"city": "dhanbad", "lst_c": 42.67}}, {"type": "Feature", "geometry": {"type": "Point", "coordinates": [86.50978307009919, 23.80782539619865]}, "properties": {"city": "dhanbad", "lst_c": 40.98}}, {"type": "Feature", "geometry": {"type": "Point", "coordinates": [86.51382548887773, 23.80782539619865]}, "properties": {"city": "dhanbad", "lst_c": 41.97}}, {"type": "Feature", "geometry": {"type": "Point", "coordinates": [86.51786790765627, 23.80782539619865]}, "properties": {"city": "dhanbad", "lst_c": 42.51}}, {"type": "Feature", "geometry": {"type": "Point", "coordinates": [86.5219103264348, 23.80782539619865]}, "properties": {"city": "dhanbad", "lst_c": 44.69}}, {"type": "Feature", "geometry": {"type": "Point", "coordinates": [86.52595274521335, 23.80782539619865]}, "properties": {"city": "dhanbad", "lst_c": 43.14}}, {"type": "Feature", "geometry": {"type": "Point", "coordinates": [86.52999516399188, 23.80782539619865]}, "properties": {"city": "dhanbad", "lst_c": 44.32}}, {"type": "Feature", "geometry": {"type": "Point", "coordinates": [86.53403758277042, 23.80782539619865]}, "properties": {"city": "dhanbad", "lst_c": 44.42}}, {"type": "Feature", "geometry": {"type": "Point", "coordinates": [86.53808000154896, 23.80782539619865]}, "properties": {"city": "dhanbad", "lst_c": 41.62}}, {"type": "Feature", "geometry": {"type": "Point", "coordinates": [86.5421224203275, 23.80782539619865]}, "properties": {"city": "dhanbad", "lst_c": 41.98}}, {"type": "Feature", "geometry": {"type": "Point", "coordinates": [86.54616483910603, 23.80782539619865]}, "properties": {"city": "dhanbad", "lst_c": 43.25}}, {"type": "Feature", "geometry": {"type": "Point", "coordinates": [86.30361971239377, 23.811867814977187]}, "properties": {"city": "dhanbad", "lst_c": 42.14}}, {"type": "Feature", "geometry": {"type": "Point", "coordinates": [86.30766213117231, 23.811867814977187]}, "properties": {"city": "dhanbad", "lst_c": 42.38}}, {"type": "Feature", "geometry": {"type": "Point", "coordinates": [86.31170454995083, 23.811867814977187]}, "properties": {"city": "dhanbad", "lst_c": 41.37}}, {"type": "Feature", "geometry": {"type": "Point", "coordinates": [86.31574696872937, 23.811867814977187]}, "properties": {"city": "dhanbad", "lst_c": 44.54}}, {"type": "Feature", "geometry": {"type": "Point", "coordinates": [86.31978938750791, 23.811867814977187]}, "properties": {"city": "dhanbad", "lst_c": 44.98}}, {"type": "Feature", "geometry": {"type": "Point", "coordinates": [86.32383180628645, 23.811867814977187]}, "properties": {"city": "dhanbad", "lst_c": 43.2}}, {"type": "Feature", "geometry": {"type": "Point", "coordinates": [86.32787422506499, 23.811867814977187]}, "properties": {"city": "dhanbad", "lst_c": 43.62}}, {"type": "Feature", "geometry": {"type": "Point", "coordinates": [86.33191664384353, 23.811867814977187]}, "properties": {"city": "dhanbad", "lst_c": 42.86}}, {"type": "Feature", "geometry": {"type": "Point", "coordinates": [86.33595906262207, 23.811867814977187]}, "properties": {"city": "dhanbad", "lst_c": 41.78}}, {"type": "Feature", "geometry": {"type": "Point", "coordinates": [86.3400014814006, 23.811867814977187]}, "properties": {"city": "dhanbad", "lst_c": 41.74}}, {"type": "Feature", "geometry": {"type": "Point", "coordinates": [86.34404390017914, 23.811867814977187]}, "properties": {"city": "dhanbad", "lst_c": 44.01}}, {"type": "Feature", "geometry": {"type": "Point", "coordinates": [86.34808631895768, 23.811867814977187]}, "properties": {"city": "dhanbad", "lst_c": 45.71}}, {"type": "Feature", "geometry": {"type": "Point", "coordinates": [86.35212873773622, 23.811867814977187]}, "properties": {"city": "dhanbad", "lst_c": 43.58}}, {"type": "Feature", "geometry": {"type": "Point", "coordinates": [86.35617115651476, 23.811867814977187]}, "properties": {"city": "dhanbad", "lst_c": 44.36}}, {"type": "Feature", "geometry": {"type": "Point", "coordinates": [86.36021357529329, 23.811867814977187]}, "properties": {"city": "dhanbad", "lst_c": 43.29}}, {"type": "Feature", "geometry": {"type": "Point", "coordinates": [86.36425599407183, 23.811867814977187]}, "properties": {"city": "dhanbad", "lst_c": 42.78}}, {"type": "Feature", "geometry": {"type": "Point", "coordinates": [86.36829841285036, 23.811867814977187]}, "properties": {"city": "dhanbad", "lst_c": 42.09}}, {"type": "Feature", "geometry": {"type": "Point", "coordinates": [86.3723408316289, 23.811867814977187]}, "properties": {"city": "dhanbad", "lst_c": 43.45}}, {"type": "Feature", "geometry": {"type": "Point", "coordinates": [86.37638325040744, 23.811867814977187]}, "properties": {"city": "dhanbad", "lst_c": 43.5}}, {"type": "Feature", "geometry": {"type": "Point", "coordinates": [86.38042566918598, 23.811867814977187]}, "properties": {"city": "dhanbad", "lst_c": 44.83}}, {"type": "Feature", "geometry": {"type": "Point", "coordinates": [86.38446808796452, 23.811867814977187]}, "properties": {"city": "dhanbad", "lst_c": 41.73}}, {"type": "Feature", "geometry": {"type": "Point", "coordinates": [86.38851050674306, 23.811867814977187]}, "properties": {"city": "dhanbad", "lst_c": 40.73}}, {"type": "Feature", "geometry": {"type": "Point", "coordinates": [86.3925529255216, 23.811867814977187]}, "properties": {"city": "dhanbad", "lst_c": 41.78}}, {"type": "Feature", "geometry": {"type": "Point", "coordinates": [86.39659534430014, 23.811867814977187]}, "properties": {"city": "dhanbad", "lst_c": 41.46}}, {"type": "Feature", "geometry": {"type": "Point", "coordinates": [86.40063776307868, 23.811867814977187]}, "properties": {"city": "dhanbad", "lst_c": 42.03}}, {"type": "Feature", "geometry": {"type": "Point", "coordinates": [86.4046801818572, 23.811867814977187]}, "properties": {"city": "dhanbad", "lst_c": 39.55}}, {"type": "Feature", "geometry": {"type": "Point", "coordinates": [86.40872260063574, 23.811867814977187]}, "properties": {"city": "dhanbad", "lst_c": 40.47}}, {"type": "Feature", "geometry": {"type": "Point", "coordinates": [86.41276501941428, 23.811867814977187]}, "properties": {"city": "dhanbad", "lst_c": 40.92}}, {"type": "Feature", "geometry": {"type": "Point", "coordinates": [86.41680743819282, 23.811867814977187]}, "properties": {"city": "dhanbad", "lst_c": 39.91}}, {"type": "Feature", "geometry": {"type": "Point", "coordinates": [86.42084985697136, 23.811867814977187]}, "properties": {"city": "dhanbad", "lst_c": 40.43}}, {"type": "Feature", "geometry": {"type": "Point", "coordinates": [86.4248922757499, 23.811867814977187]}, "properties": {"city": "dhanbad", "lst_c": 40.05}}, {"type": "Feature", "geometry": {"type": "Point", "coordinates": [86.42893469452844, 23.811867814977187]}, "properties": {"city": "dhanbad", "lst_c": 39.17}}, {"type": "Feature", "geometry": {"type": "Point", "coordinates": [86.43297711330698, 23.811867814977187]}, "properties": {"city": "dhanbad", "lst_c": 39.27}}, {"type": "Feature", "geometry": {"type": "Point", "coordinates": [86.43701953208551, 23.811867814977187]}, "properties": {"city": "dhanbad", "lst_c": 39.3}}, {"type": "Feature", "geometry": {"type": "Point", "coordinates": [86.44106195086405, 23.811867814977187]}, "properties": {"city": "dhanbad", "lst_c": 39.26}}, {"type": "Feature", "geometry": {"type": "Point", "coordinates": [86.44510436964259, 23.811867814977187]}, "properties": {"city": "dhanbad", "lst_c": 38.92}}, {"type": "Feature", "geometry": {"type": "Point", "coordinates": [86.44914678842113, 23.811867814977187]}, "properties": {"city": "dhanbad", "lst_c": 39.29}}, {"type": "Feature", "geometry": {"type": "Point", "coordinates": [86.45318920719966, 23.811867814977187]}, "properties": {"city": "dhanbad", "lst_c": 39.76}}, {"type": "Feature", "geometry": {"type": "Point", "coordinates": [86.4572316259782, 23.811867814977187]}, "properties": {"city": "dhanbad", "lst_c": 40.64}}, {"type": "Feature", "geometry": {"type": "Point", "coordinates": [86.46127404475673, 23.811867814977187]}, "properties": {"city": "dhanbad", "lst_c": 40.35}}, {"type": "Feature", "geometry": {"type": "Point", "coordinates": [86.46531646353527, 23.811867814977187]}, "properties": {"city": "dhanbad", "lst_c": 39.77}}, {"type": "Feature", "geometry": {"type": "Point", "coordinates": [86.46935888231381, 23.811867814977187]}, "properties": {"city": "dhanbad", "lst_c": 39.5}}, {"type": "Feature", "geometry": {"type": "Point", "coordinates": [86.47340130109235, 23.811867814977187]}, "properties": {"city": "dhanbad", "lst_c": 40.15}}, {"type": "Feature", "geometry": {"type": "Point", "coordinates": [86.47744371987089, 23.811867814977187]}, "properties": {"city": "dhanbad", "lst_c": 41.5}}, {"type": "Feature", "geometry": {"type": "Point", "coordinates": [86.48148613864943, 23.811867814977187]}, "properties": {"city": "dhanbad", "lst_c": 41.2}}, {"type": "Feature", "geometry": {"type": "Point", "coordinates": [86.48552855742797, 23.811867814977187]}, "properties": {"city": "dhanbad", "lst_c": 40.89}}, {"type": "Feature", "geometry": {"type": "Point", "coordinates": [86.48957097620651, 23.811867814977187]}, "properties": {"city": "dhanbad", "lst_c": 39.98}}, {"type": "Feature", "geometry": {"type": "Point", "coordinates": [86.49361339498505, 23.811867814977187]}, "properties": {"city": "dhanbad", "lst_c": 38.26}}, {"type": "Feature", "geometry": {"type": "Point", "coordinates": [86.49765581376359, 23.811867814977187]}, "properties": {"city": "dhanbad", "lst_c": 38.63}}, {"type": "Feature", "geometry": {"type": "Point", "coordinates": [86.50169823254211, 23.811867814977187]}, "properties": {"city": "dhanbad", "lst_c": 41.07}}, {"type": "Feature", "geometry": {"type": "Point", "coordinates": [86.50574065132065, 23.811867814977187]}, "properties": {"city": "dhanbad", "lst_c": 41.12}}, {"type": "Feature", "geometry": {"type": "Point", "coordinates": [86.50978307009919, 23.811867814977187]}, "properties": {"city": "dhanbad", "lst_c": 41.15}}, {"type": "Feature", "geometry": {"type": "Point", "coordinates": [86.51382548887773, 23.811867814977187]}, "properties": {"city": "dhanbad", "lst_c": 44.41}}, {"type": "Feature", "geometry": {"type": "Point", "coordinates": [86.51786790765627, 23.811867814977187]}, "properties": {"city": "dhanbad", "lst_c": 41.63}}, {"type": "Feature", "geometry": {"type": "Point", "coordinates": [86.5219103264348, 23.811867814977187]}, "properties": {"city": "dhanbad", "lst_c": 43.36}}, {"type": "Feature", "geometry": {"type": "Point", "coordinates": [86.52595274521335, 23.811867814977187]}, "properties": {"city": "dhanbad", "lst_c": 43.24}}, {"type": "Feature", "geometry": {"type": "Point", "coordinates": [86.52999516399188, 23.811867814977187]}, "properties": {"city": "dhanbad", "lst_c": 42.82}}, {"type": "Feature", "geometry": {"type": "Point", "coordinates": [86.53403758277042, 23.811867814977187]}, "properties": {"city": "dhanbad", "lst_c": 42.2}}, {"type": "Feature", "geometry": {"type": "Point", "coordinates": [86.53808000154896, 23.811867814977187]}, "properties": {"city": "dhanbad", "lst_c": 41.51}}, {"type": "Feature", "geometry": {"type": "Point", "coordinates": [86.5421224203275, 23.811867814977187]}, "properties": {"city": "dhanbad", "lst_c": 41.49}}, {"type": "Feature", "geometry": {"type": "Point", "coordinates": [86.54616483910603, 23.811867814977187]}, "properties": {"city": "dhanbad", "lst_c": 41.36}}, {"type": "Feature", "geometry": {"type": "Point", "coordinates": [86.30361971239377, 23.815910233755726]}, "properties": {"city": "dhanbad", "lst_c": 42.44}}, {"type": "Feature", "geometry": {"type": "Point", "coordinates": [86.30766213117231, 23.815910233755726]}, "properties": {"city": "dhanbad", "lst_c": 46.06}}, {"type": "Feature", "geometry": {"type": "Point", "coordinates": [86.31170454995083, 23.815910233755726]}, "properties": {"city": "dhanbad", "lst_c": 43.59}}, {"type": "Feature", "geometry": {"type": "Point", "coordinates": [86.31574696872937, 23.815910233755726]}, "properties": {"city": "dhanbad", "lst_c": 45.58}}, {"type": "Feature", "geometry": {"type": "Point", "coordinates": [86.31978938750791, 23.815910233755726]}, "properties": {"city": "dhanbad", "lst_c": 45.38}}, {"type": "Feature", "geometry": {"type": "Point", "coordinates": [86.32383180628645, 23.815910233755726]}, "properties": {"city": "dhanbad", "lst_c": 45.07}}, {"type": "Feature", "geometry": {"type": "Point", "coordinates": [86.32787422506499, 23.815910233755726]}, "properties": {"city": "dhanbad", "lst_c": 45.27}}, {"type": "Feature", "geometry": {"type": "Point", "coordinates": [86.33191664384353, 23.815910233755726]}, "properties": {"city": "dhanbad", "lst_c": 44.45}}, {"type": "Feature", "geometry": {"type": "Point", "coordinates": [86.33595906262207, 23.815910233755726]}, "properties": {"city": "dhanbad", "lst_c": 42.53}}, {"type": "Feature", "geometry": {"type": "Point", "coordinates": [86.3400014814006, 23.815910233755726]}, "properties": {"city": "dhanbad", "lst_c": 41.96}}, {"type": "Feature", "geometry": {"type": "Point", "coordinates": [86.34404390017914, 23.815910233755726]}, "properties": {"city": "dhanbad", "lst_c": 43.23}}, {"type": "Feature", "geometry": {"type": "Point", "coordinates": [86.34808631895768, 23.815910233755726]}, "properties": {"city": "dhanbad", "lst_c": 43.87}}, {"type": "Feature", "geometry": {"type": "Point", "coordinates": [86.35212873773622, 23.815910233755726]}, "properties": {"city": "dhanbad", "lst_c": 42.94}}, {"type": "Feature", "geometry": {"type": "Point", "coordinates": [86.35617115651476, 23.815910233755726]}, "properties": {"city": "dhanbad", "lst_c": 42.49}}, {"type": "Feature", "geometry": {"type": "Point", "coordinates": [86.36021357529329, 23.815910233755726]}, "properties": {"city": "dhanbad", "lst_c": 43.98}}, {"type": "Feature", "geometry": {"type": "Point", "coordinates": [86.36425599407183, 23.815910233755726]}, "properties": {"city": "dhanbad", "lst_c": 44.25}}, {"type": "Feature", "geometry": {"type": "Point", "coordinates": [86.36829841285036, 23.815910233755726]}, "properties": {"city": "dhanbad", "lst_c": 42.7}}, {"type": "Feature", "geometry": {"type": "Point", "coordinates": [86.3723408316289, 23.815910233755726]}, "properties": {"city": "dhanbad", "lst_c": 45.04}}, {"type": "Feature", "geometry": {"type": "Point", "coordinates": [86.37638325040744, 23.815910233755726]}, "properties": {"city": "dhanbad", "lst_c": 43.97}}, {"type": "Feature", "geometry": {"type": "Point", "coordinates": [86.38042566918598, 23.815910233755726]}, "properties": {"city": "dhanbad", "lst_c": 44.44}}, {"type": "Feature", "geometry": {"type": "Point", "coordinates": [86.38446808796452, 23.815910233755726]}, "properties": {"city": "dhanbad", "lst_c": 41.23}}, {"type": "Feature", "geometry": {"type": "Point", "coordinates": [86.38851050674306, 23.815910233755726]}, "properties": {"city": "dhanbad", "lst_c": 41.75}}, {"type": "Feature", "geometry": {"type": "Point", "coordinates": [86.3925529255216, 23.815910233755726]}, "properties": {"city": "dhanbad", "lst_c": 40.98}}, {"type": "Feature", "geometry": {"type": "Point", "coordinates": [86.39659534430014, 23.815910233755726]}, "properties": {"city": "dhanbad", "lst_c": 40.77}}, {"type": "Feature", "geometry": {"type": "Point", "coordinates": [86.40063776307868, 23.815910233755726]}, "properties": {"city": "dhanbad", "lst_c": 41.49}}, {"type": "Feature", "geometry": {"type": "Point", "coordinates": [86.4046801818572, 23.815910233755726]}, "properties": {"city": "dhanbad", "lst_c": 40.79}}, {"type": "Feature", "geometry": {"type": "Point", "coordinates": [86.40872260063574, 23.815910233755726]}, "properties": {"city": "dhanbad", "lst_c": 40.54}}, {"type": "Feature", "geometry": {"type": "Point", "coordinates": [86.41276501941428, 23.815910233755726]}, "properties": {"city": "dhanbad", "lst_c": 41.83}}, {"type": "Feature", "geometry": {"type": "Point", "coordinates": [86.41680743819282, 23.815910233755726]}, "properties": {"city": "dhanbad", "lst_c": 40.4}}, {"type": "Feature", "geometry": {"type": "Point", "coordinates": [86.42084985697136, 23.815910233755726]}, "properties": {"city": "dhanbad", "lst_c": 41.32}}, {"type": "Feature", "geometry": {"type": "Point", "coordinates": [86.4248922757499, 23.815910233755726]}, "properties": {"city": "dhanbad", "lst_c": 39.66}}, {"type": "Feature", "geometry": {"type": "Point", "coordinates": [86.42893469452844, 23.815910233755726]}, "properties": {"city": "dhanbad", "lst_c": 38.81}}, {"type": "Feature", "geometry": {"type": "Point", "coordinates": [86.43297711330698, 23.815910233755726]}, "properties": {"city": "dhanbad", "lst_c": 40.22}}, {"type": "Feature", "geometry": {"type": "Point", "coordinates": [86.43701953208551, 23.815910233755726]}, "properties": {"city": "dhanbad", "lst_c": 39.38}}, {"type": "Feature", "geometry": {"type": "Point", "coordinates": [86.44106195086405, 23.815910233755726]}, "properties": {"city": "dhanbad", "lst_c": 40.32}}, {"type": "Feature", "geometry": {"type": "Point", "coordinates": [86.44510436964259, 23.815910233755726]}, "properties": {"city": "dhanbad", "lst_c": 40.99}}, {"type": "Feature", "geometry": {"type": "Point", "coordinates": [86.44914678842113, 23.815910233755726]}, "properties": {"city": "dhanbad", "lst_c": 40.03}}, {"type": "Feature", "geometry": {"type": "Point", "coordinates": [86.45318920719966, 23.815910233755726]}, "properties": {"city": "dhanbad", "lst_c": 38.66}}, {"type": "Feature", "geometry": {"type": "Point", "coordinates": [86.4572316259782, 23.815910233755726]}, "properties": {"city": "dhanbad", "lst_c": 39.07}}, {"type": "Feature", "geometry": {"type": "Point", "coordinates": [86.46127404475673, 23.815910233755726]}, "properties": {"city": "dhanbad", "lst_c": 39.13}}, {"type": "Feature", "geometry": {"type": "Point", "coordinates": [86.46531646353527, 23.815910233755726]}, "properties": {"city": "dhanbad", "lst_c": 40.13}}, {"type": "Feature", "geometry": {"type": "Point", "coordinates": [86.46935888231381, 23.815910233755726]}, "properties": {"city": "dhanbad", "lst_c": 40.86}}, {"type": "Feature", "geometry": {"type": "Point", "coordinates": [86.47340130109235, 23.815910233755726]}, "properties": {"city": "dhanbad", "lst_c": 40.86}}, {"type": "Feature", "geometry": {"type": "Point", "coordinates": [86.47744371987089, 23.815910233755726]}, "properties": {"city": "dhanbad", "lst_c": 41.25}}, {"type": "Feature", "geometry": {"type": "Point", "coordinates": [86.48148613864943, 23.815910233755726]}, "properties": {"city": "dhanbad", "lst_c": 41.86}}, {"type": "Feature", "geometry": {"type": "Point", "coordinates": [86.48552855742797, 23.815910233755726]}, "properties": {"city": "dhanbad", "lst_c": 41.8}}, {"type": "Feature", "geometry": {"type": "Point", "coordinates": [86.48957097620651, 23.815910233755726]}, "properties": {"city": "dhanbad", "lst_c": 38.1}}, {"type": "Feature", "geometry": {"type": "Point", "coordinates": [86.49361339498505, 23.815910233755726]}, "properties": {"city": "dhanbad", "lst_c": 37.53}}, {"type": "Feature", "geometry": {"type": "Point", "coordinates": [86.49765581376359, 23.815910233755726]}, "properties": {"city": "dhanbad", "lst_c": 39.97}}, {"type": "Feature", "geometry": {"type": "Point", "coordinates": [86.50169823254211, 23.815910233755726]}, "properties": {"city": "dhanbad", "lst_c": 40.46}}, {"type": "Feature", "geometry": {"type": "Point", "coordinates": [86.50574065132065, 23.815910233755726]}, "properties": {"city": "dhanbad", "lst_c": 40.77}}, {"type": "Feature", "geometry": {"type": "Point", "coordinates": [86.50978307009919, 23.815910233755726]}, "properties": {"city": "dhanbad", "lst_c": 41.75}}, {"type": "Feature", "geometry": {"type": "Point", "coordinates": [86.51382548887773, 23.815910233755726]}, "properties": {"city": "dhanbad", "lst_c": 41.83}}, {"type": "Feature", "geometry": {"type": "Point", "coordinates": [86.51786790765627, 23.815910233755726]}, "properties": {"city": "dhanbad", "lst_c": 41.79}}, {"type": "Feature", "geometry": {"type": "Point", "coordinates": [86.5219103264348, 23.815910233755726]}, "properties": {"city": "dhanbad", "lst_c": 42.78}}, {"type": "Feature", "geometry": {"type": "Point", "coordinates": [86.52595274521335, 23.815910233755726]}, "properties": {"city": "dhanbad", "lst_c": 43.42}}, {"type": "Feature", "geometry": {"type": "Point", "coordinates": [86.52999516399188, 23.815910233755726]}, "properties": {"city": "dhanbad", "lst_c": 43.83}}, {"type": "Feature", "geometry": {"type": "Point", "coordinates": [86.53403758277042, 23.815910233755726]}, "properties": {"city": "dhanbad", "lst_c": 41.28}}, {"type": "Feature", "geometry": {"type": "Point", "coordinates": [86.53808000154896, 23.815910233755726]}, "properties": {"city": "dhanbad", "lst_c": 42.03}}, {"type": "Feature", "geometry": {"type": "Point", "coordinates": [86.5421224203275, 23.815910233755726]}, "properties": {"city": "dhanbad", "lst_c": 42.3}}, {"type": "Feature", "geometry": {"type": "Point", "coordinates": [86.54616483910603, 23.815910233755726]}, "properties": {"city": "dhanbad", "lst_c": 41.3}}, {"type": "Feature", "geometry": {"type": "Point", "coordinates": [86.30361971239377, 23.819952652534262]}, "properties": {"city": "dhanbad", "lst_c": 39.91}}, {"type": "Feature", "geometry": {"type": "Point", "coordinates": [86.30766213117231, 23.819952652534262]}, "properties": {"city": "dhanbad", "lst_c": 44.79}}, {"type": "Feature", "geometry": {"type": "Point", "coordinates": [86.31170454995083, 23.819952652534262]}, "properties": {"city": "dhanbad", "lst_c": 43.57}}, {"type": "Feature", "geometry": {"type": "Point", "coordinates": [86.31574696872937, 23.819952652534262]}, "properties": {"city": "dhanbad", "lst_c": 42.76}}, {"type": "Feature", "geometry": {"type": "Point", "coordinates": [86.31978938750791, 23.819952652534262]}, "properties": {"city": "dhanbad", "lst_c": 42.03}}, {"type": "Feature", "geometry": {"type": "Point", "coordinates": [86.32383180628645, 23.819952652534262]}, "properties": {"city": "dhanbad", "lst_c": 42.12}}, {"type": "Feature", "geometry": {"type": "Point", "coordinates": [86.32787422506499, 23.819952652534262]}, "properties": {"city": "dhanbad", "lst_c": 43.0}}, {"type": "Feature", "geometry": {"type": "Point", "coordinates": [86.33191664384353, 23.819952652534262]}, "properties": {"city": "dhanbad", "lst_c": 43.63}}, {"type": "Feature", "geometry": {"type": "Point", "coordinates": [86.33595906262207, 23.819952652534262]}, "properties": {"city": "dhanbad", "lst_c": 43.3}}, {"type": "Feature", "geometry": {"type": "Point", "coordinates": [86.3400014814006, 23.819952652534262]}, "properties": {"city": "dhanbad", "lst_c": 40.49}}, {"type": "Feature", "geometry": {"type": "Point", "coordinates": [86.34404390017914, 23.819952652534262]}, "properties": {"city": "dhanbad", "lst_c": 43.53}}, {"type": "Feature", "geometry": {"type": "Point", "coordinates": [86.34808631895768, 23.819952652534262]}, "properties": {"city": "dhanbad", "lst_c": 43.78}}, {"type": "Feature", "geometry": {"type": "Point", "coordinates": [86.35212873773622, 23.819952652534262]}, "properties": {"city": "dhanbad", "lst_c": 43.57}}, {"type": "Feature", "geometry": {"type": "Point", "coordinates": [86.35617115651476, 23.819952652534262]}, "properties": {"city": "dhanbad", "lst_c": 44.05}}, {"type": "Feature", "geometry": {"type": "Point", "coordinates": [86.36021357529329, 23.819952652534262]}, "properties": {"city": "dhanbad", "lst_c": 42.81}}, {"type": "Feature", "geometry": {"type": "Point", "coordinates": [86.36425599407183, 23.819952652534262]}, "properties": {"city": "dhanbad", "lst_c": 44.15}}, {"type": "Feature", "geometry": {"type": "Point", "coordinates": [86.36829841285036, 23.819952652534262]}, "properties": {"city": "dhanbad", "lst_c": 43.44}}, {"type": "Feature", "geometry": {"type": "Point", "coordinates": [86.3723408316289, 23.819952652534262]}, "properties": {"city": "dhanbad", "lst_c": 43.77}}, {"type": "Feature", "geometry": {"type": "Point", "coordinates": [86.37638325040744, 23.819952652534262]}, "properties": {"city": "dhanbad", "lst_c": 42.69}}, {"type": "Feature", "geometry": {"type": "Point", "coordinates": [86.38042566918598, 23.819952652534262]}, "properties": {"city": "dhanbad", "lst_c": 44.5}}, {"type": "Feature", "geometry": {"type": "Point", "coordinates": [86.38446808796452, 23.819952652534262]}, "properties": {"city": "dhanbad", "lst_c": 41.27}}, {"type": "Feature", "geometry": {"type": "Point", "coordinates": [86.38851050674306, 23.819952652534262]}, "properties": {"city": "dhanbad", "lst_c": 42.18}}, {"type": "Feature", "geometry": {"type": "Point", "coordinates": [86.3925529255216, 23.819952652534262]}, "properties": {"city": "dhanbad", "lst_c": 42.07}}, {"type": "Feature", "geometry": {"type": "Point", "coordinates": [86.39659534430014, 23.819952652534262]}, "properties": {"city": "dhanbad", "lst_c": 41.82}}, {"type": "Feature", "geometry": {"type": "Point", "coordinates": [86.40063776307868, 23.819952652534262]}, "properties": {"city": "dhanbad", "lst_c": 41.91}}, {"type": "Feature", "geometry": {"type": "Point", "coordinates": [86.4046801818572, 23.819952652534262]}, "properties": {"city": "dhanbad", "lst_c": 41.03}}, {"type": "Feature", "geometry": {"type": "Point", "coordinates": [86.40872260063574, 23.819952652534262]}, "properties": {"city": "dhanbad", "lst_c": 42.07}}, {"type": "Feature", "geometry": {"type": "Point", "coordinates": [86.41276501941428, 23.819952652534262]}, "properties": {"city": "dhanbad", "lst_c": 42.05}}, {"type": "Feature", "geometry": {"type": "Point", "coordinates": [86.41680743819282, 23.819952652534262]}, "properties": {"city": "dhanbad", "lst_c": 41.45}}, {"type": "Feature", "geometry": {"type": "Point", "coordinates": [86.42084985697136, 23.819952652534262]}, "properties": {"city": "dhanbad", "lst_c": 41.84}}, {"type": "Feature", "geometry": {"type": "Point", "coordinates": [86.4248922757499, 23.819952652534262]}, "properties": {"city": "dhanbad", "lst_c": 38.7}}, {"type": "Feature", "geometry": {"type": "Point", "coordinates": [86.42893469452844, 23.819952652534262]}, "properties": {"city": "dhanbad", "lst_c": 41.14}}, {"type": "Feature", "geometry": {"type": "Point", "coordinates": [86.43297711330698, 23.819952652534262]}, "properties": {"city": "dhanbad", "lst_c": 38.89}}, {"type": "Feature", "geometry": {"type": "Point", "coordinates": [86.43701953208551, 23.819952652534262]}, "properties": {"city": "dhanbad", "lst_c": 39.79}}, {"type": "Feature", "geometry": {"type": "Point", "coordinates": [86.44106195086405, 23.819952652534262]}, "properties": {"city": "dhanbad", "lst_c": 40.91}}, {"type": "Feature", "geometry": {"type": "Point", "coordinates": [86.44510436964259, 23.819952652534262]}, "properties": {"city": "dhanbad", "lst_c": 40.59}}, {"type": "Feature", "geometry": {"type": "Point", "coordinates": [86.44914678842113, 23.819952652534262]}, "properties": {"city": "dhanbad", "lst_c": 40.26}}, {"type": "Feature", "geometry": {"type": "Point", "coordinates": [86.45318920719966, 23.819952652534262]}, "properties": {"city": "dhanbad", "lst_c": 41.56}}, {"type": "Feature", "geometry": {"type": "Point", "coordinates": [86.4572316259782, 23.819952652534262]}, "properties": {"city": "dhanbad", "lst_c": 42.41}}, {"type": "Feature", "geometry": {"type": "Point", "coordinates": [86.46127404475673, 23.819952652534262]}, "properties": {"city": "dhanbad", "lst_c": 40.87}}, {"type": "Feature", "geometry": {"type": "Point", "coordinates": [86.46531646353527, 23.819952652534262]}, "properties": {"city": "dhanbad", "lst_c": 39.45}}, {"type": "Feature", "geometry": {"type": "Point", "coordinates": [86.46935888231381, 23.819952652534262]}, "properties": {"city": "dhanbad", "lst_c": 40.49}}, {"type": "Feature", "geometry": {"type": "Point", "coordinates": [86.47340130109235, 23.819952652534262]}, "properties": {"city": "dhanbad", "lst_c": 39.87}}, {"type": "Feature", "geometry": {"type": "Point", "coordinates": [86.47744371987089, 23.819952652534262]}, "properties": {"city": "dhanbad", "lst_c": 39.16}}, {"type": "Feature", "geometry": {"type": "Point", "coordinates": [86.48148613864943, 23.819952652534262]}, "properties": {"city": "dhanbad", "lst_c": 40.26}}, {"type": "Feature", "geometry": {"type": "Point", "coordinates": [86.48552855742797, 23.819952652534262]}, "properties": {"city": "dhanbad", "lst_c": 37.31}}, {"type": "Feature", "geometry": {"type": "Point", "coordinates": [86.48957097620651, 23.819952652534262]}, "properties": {"city": "dhanbad", "lst_c": 41.75}}, {"type": "Feature", "geometry": {"type": "Point", "coordinates": [86.49361339498505, 23.819952652534262]}, "properties": {"city": "dhanbad", "lst_c": 41.49}}, {"type": "Feature", "geometry": {"type": "Point", "coordinates": [86.49765581376359, 23.819952652534262]}, "properties": {"city": "dhanbad", "lst_c": 41.5}}, {"type": "Feature", "geometry": {"type": "Point", "coordinates": [86.50169823254211, 23.819952652534262]}, "properties": {"city": "dhanbad", "lst_c": 40.76}}, {"type": "Feature", "geometry": {"type": "Point", "coordinates": [86.50574065132065, 23.819952652534262]}, "properties": {"city": "dhanbad", "lst_c": 40.77}}, {"type": "Feature", "geometry": {"type": "Point", "coordinates": [86.50978307009919, 23.819952652534262]}, "properties": {"city": "dhanbad", "lst_c": 41.75}}, {"type": "Feature", "geometry": {"type": "Point", "coordinates": [86.51382548887773, 23.819952652534262]}, "properties": {"city": "dhanbad", "lst_c": 42.14}}, {"type": "Feature", "geometry": {"type": "Point", "coordinates": [86.51786790765627, 23.819952652534262]}, "properties": {"city": "dhanbad", "lst_c": 41.28}}, {"type": "Feature", "geometry": {"type": "Point", "coordinates": [86.5219103264348, 23.819952652534262]}, "properties": {"city": "dhanbad", "lst_c": 42.48}}, {"type": "Feature", "geometry": {"type": "Point", "coordinates": [86.52595274521335, 23.819952652534262]}, "properties": {"city": "dhanbad", "lst_c": 42.08}}, {"type": "Feature", "geometry": {"type": "Point", "coordinates": [86.52999516399188, 23.819952652534262]}, "properties": {"city": "dhanbad", "lst_c": 42.2}}, {"type": "Feature", "geometry": {"type": "Point", "coordinates": [86.53403758277042, 23.819952652534262]}, "properties": {"city": "dhanbad", "lst_c": 41.96}}, {"type": "Feature", "geometry": {"type": "Point", "coordinates": [86.53808000154896, 23.819952652534262]}, "properties": {"city": "dhanbad", "lst_c": 41.76}}, {"type": "Feature", "geometry": {"type": "Point", "coordinates": [86.5421224203275, 23.819952652534262]}, "properties": {"city": "dhanbad", "lst_c": 43.14}}, {"type": "Feature", "geometry": {"type": "Point", "coordinates": [86.54616483910603, 23.819952652534262]}, "properties": {"city": "dhanbad", "lst_c": 42.14}}, {"type": "Feature", "geometry": {"type": "Point", "coordinates": [86.30361971239377, 23.8239950713128]}, "properties": {"city": "dhanbad", "lst_c": 40.61}}, {"type": "Feature", "geometry": {"type": "Point", "coordinates": [86.30766213117231, 23.8239950713128]}, "properties": {"city": "dhanbad", "lst_c": 42.07}}, {"type": "Feature", "geometry": {"type": "Point", "coordinates": [86.31170454995083, 23.8239950713128]}, "properties": {"city": "dhanbad", "lst_c": 42.53}}, {"type": "Feature", "geometry": {"type": "Point", "coordinates": [86.31574696872937, 23.8239950713128]}, "properties": {"city": "dhanbad", "lst_c": 41.54}}, {"type": "Feature", "geometry": {"type": "Point", "coordinates": [86.31978938750791, 23.8239950713128]}, "properties": {"city": "dhanbad", "lst_c": 42.67}}, {"type": "Feature", "geometry": {"type": "Point", "coordinates": [86.32383180628645, 23.8239950713128]}, "properties": {"city": "dhanbad", "lst_c": 42.86}}, {"type": "Feature", "geometry": {"type": "Point", "coordinates": [86.32787422506499, 23.8239950713128]}, "properties": {"city": "dhanbad", "lst_c": 43.65}}, {"type": "Feature", "geometry": {"type": "Point", "coordinates": [86.33191664384353, 23.8239950713128]}, "properties": {"city": "dhanbad", "lst_c": 44.13}}, {"type": "Feature", "geometry": {"type": "Point", "coordinates": [86.33595906262207, 23.8239950713128]}, "properties": {"city": "dhanbad", "lst_c": 42.8}}, {"type": "Feature", "geometry": {"type": "Point", "coordinates": [86.3400014814006, 23.8239950713128]}, "properties": {"city": "dhanbad", "lst_c": 41.81}}, {"type": "Feature", "geometry": {"type": "Point", "coordinates": [86.34404390017914, 23.8239950713128]}, "properties": {"city": "dhanbad", "lst_c": 42.81}}, {"type": "Feature", "geometry": {"type": "Point", "coordinates": [86.34808631895768, 23.8239950713128]}, "properties": {"city": "dhanbad", "lst_c": 43.26}}, {"type": "Feature", "geometry": {"type": "Point", "coordinates": [86.35212873773622, 23.8239950713128]}, "properties": {"city": "dhanbad", "lst_c": 44.21}}, {"type": "Feature", "geometry": {"type": "Point", "coordinates": [86.35617115651476, 23.8239950713128]}, "properties": {"city": "dhanbad", "lst_c": 44.36}}, {"type": "Feature", "geometry": {"type": "Point", "coordinates": [86.36021357529329, 23.8239950713128]}, "properties": {"city": "dhanbad", "lst_c": 43.63}}, {"type": "Feature", "geometry": {"type": "Point", "coordinates": [86.36425599407183, 23.8239950713128]}, "properties": {"city": "dhanbad", "lst_c": 43.7}}, {"type": "Feature", "geometry": {"type": "Point", "coordinates": [86.36829841285036, 23.8239950713128]}, "properties": {"city": "dhanbad", "lst_c": 42.53}}, {"type": "Feature", "geometry": {"type": "Point", "coordinates": [86.3723408316289, 23.8239950713128]}, "properties": {"city": "dhanbad", "lst_c": 42.75}}, {"type": "Feature", "geometry": {"type": "Point", "coordinates": [86.37638325040744, 23.8239950713128]}, "properties": {"city": "dhanbad", "lst_c": 43.57}}, {"type": "Feature", "geometry": {"type": "Point", "coordinates": [86.38042566918598, 23.8239950713128]}, "properties": {"city": "dhanbad", "lst_c": 43.78}}, {"type": "Feature", "geometry": {"type": "Point", "coordinates": [86.38446808796452, 23.8239950713128]}, "properties": {"city": "dhanbad", "lst_c": 43.2}}, {"type": "Feature", "geometry": {"type": "Point", "coordinates": [86.38851050674306, 23.8239950713128]}, "properties": {"city": "dhanbad", "lst_c": 41.91}}, {"type": "Feature", "geometry": {"type": "Point", "coordinates": [86.3925529255216, 23.8239950713128]}, "properties": {"city": "dhanbad", "lst_c": 41.95}}, {"type": "Feature", "geometry": {"type": "Point", "coordinates": [86.39659534430014, 23.8239950713128]}, "properties": {"city": "dhanbad", "lst_c": 42.74}}, {"type": "Feature", "geometry": {"type": "Point", "coordinates": [86.40063776307868, 23.8239950713128]}, "properties": {"city": "dhanbad", "lst_c": 42.04}}, {"type": "Feature", "geometry": {"type": "Point", "coordinates": [86.4046801818572, 23.8239950713128]}, "properties": {"city": "dhanbad", "lst_c": 41.34}}, {"type": "Feature", "geometry": {"type": "Point", "coordinates": [86.40872260063574, 23.8239950713128]}, "properties": {"city": "dhanbad", "lst_c": 42.02}}, {"type": "Feature", "geometry": {"type": "Point", "coordinates": [86.41276501941428, 23.8239950713128]}, "properties": {"city": "dhanbad", "lst_c": 40.96}}, {"type": "Feature", "geometry": {"type": "Point", "coordinates": [86.41680743819282, 23.8239950713128]}, "properties": {"city": "dhanbad", "lst_c": 41.39}}, {"type": "Feature", "geometry": {"type": "Point", "coordinates": [86.42084985697136, 23.8239950713128]}, "properties": {"city": "dhanbad", "lst_c": 38.13}}, {"type": "Feature", "geometry": {"type": "Point", "coordinates": [86.4248922757499, 23.8239950713128]}, "properties": {"city": "dhanbad", "lst_c": 41.87}}, {"type": "Feature", "geometry": {"type": "Point", "coordinates": [86.42893469452844, 23.8239950713128]}, "properties": {"city": "dhanbad", "lst_c": 40.52}}, {"type": "Feature", "geometry": {"type": "Point", "coordinates": [86.43297711330698, 23.8239950713128]}, "properties": {"city": "dhanbad", "lst_c": 38.51}}, {"type": "Feature", "geometry": {"type": "Point", "coordinates": [86.43701953208551, 23.8239950713128]}, "properties": {"city": "dhanbad", "lst_c": 40.08}}, {"type": "Feature", "geometry": {"type": "Point", "coordinates": [86.44106195086405, 23.8239950713128]}, "properties": {"city": "dhanbad", "lst_c": 40.5}}, {"type": "Feature", "geometry": {"type": "Point", "coordinates": [86.44510436964259, 23.8239950713128]}, "properties": {"city": "dhanbad", "lst_c": 39.93}}, {"type": "Feature", "geometry": {"type": "Point", "coordinates": [86.44914678842113, 23.8239950713128]}, "properties": {"city": "dhanbad", "lst_c": 42.98}}, {"type": "Feature", "geometry": {"type": "Point", "coordinates": [86.45318920719966, 23.8239950713128]}, "properties": {"city": "dhanbad", "lst_c": 40.14}}, {"type": "Feature", "geometry": {"type": "Point", "coordinates": [86.4572316259782, 23.8239950713128]}, "properties": {"city": "dhanbad", "lst_c": 40.78}}, {"type": "Feature", "geometry": {"type": "Point", "coordinates": [86.46127404475673, 23.8239950713128]}, "properties": {"city": "dhanbad", "lst_c": 41.82}}, {"type": "Feature", "geometry": {"type": "Point", "coordinates": [86.46531646353527, 23.8239950713128]}, "properties": {"city": "dhanbad", "lst_c": 41.25}}, {"type": "Feature", "geometry": {"type": "Point", "coordinates": [86.46935888231381, 23.8239950713128]}, "properties": {"city": "dhanbad", "lst_c": 39.84}}, {"type": "Feature", "geometry": {"type": "Point", "coordinates": [86.47340130109235, 23.8239950713128]}, "properties": {"city": "dhanbad", "lst_c": 41.08}}, {"type": "Feature", "geometry": {"type": "Point", "coordinates": [86.47744371987089, 23.8239950713128]}, "properties": {"city": "dhanbad", "lst_c": 40.24}}, {"type": "Feature", "geometry": {"type": "Point", "coordinates": [86.48148613864943, 23.8239950713128]}, "properties": {"city": "dhanbad", "lst_c": 39.98}}, {"type": "Feature", "geometry": {"type": "Point", "coordinates": [86.48552855742797, 23.8239950713128]}, "properties": {"city": "dhanbad", "lst_c": 39.05}}, {"type": "Feature", "geometry": {"type": "Point", "coordinates": [86.48957097620651, 23.8239950713128]}, "properties": {"city": "dhanbad", "lst_c": 39.98}}, {"type": "Feature", "geometry": {"type": "Point", "coordinates": [86.49361339498505, 23.8239950713128]}, "properties": {"city": "dhanbad", "lst_c": 40.62}}, {"type": "Feature", "geometry": {"type": "Point", "coordinates": [86.49765581376359, 23.8239950713128]}, "properties": {"city": "dhanbad", "lst_c": 41.9}}, {"type": "Feature", "geometry": {"type": "Point", "coordinates": [86.50169823254211, 23.8239950713128]}, "properties": {"city": "dhanbad", "lst_c": 42.19}}, {"type": "Feature", "geometry": {"type": "Point", "coordinates": [86.50574065132065, 23.8239950713128]}, "properties": {"city": "dhanbad", "lst_c": 41.71}}, {"type": "Feature", "geometry": {"type": "Point", "coordinates": [86.50978307009919, 23.8239950713128]}, "properties": {"city": "dhanbad", "lst_c": 41.45}}, {"type": "Feature", "geometry": {"type": "Point", "coordinates": [86.51382548887773, 23.8239950713128]}, "properties": {"city": "dhanbad", "lst_c": 42.53}}, {"type": "Feature", "geometry": {"type": "Point", "coordinates": [86.51786790765627, 23.8239950713128]}, "properties": {"city": "dhanbad", "lst_c": 40.26}}, {"type": "Feature", "geometry": {"type": "Point", "coordinates": [86.5219103264348, 23.8239950713128]}, "properties": {"city": "dhanbad", "lst_c": 42.02}}, {"type": "Feature", "geometry": {"type": "Point", "coordinates": [86.52595274521335, 23.8239950713128]}, "properties": {"city": "dhanbad", "lst_c": 41.9}}, {"type": "Feature", "geometry": {"type": "Point", "coordinates": [86.52999516399188, 23.8239950713128]}, "properties": {"city": "dhanbad", "lst_c": 42.32}}, {"type": "Feature", "geometry": {"type": "Point", "coordinates": [86.53403758277042, 23.8239950713128]}, "properties": {"city": "dhanbad", "lst_c": 42.54}}, {"type": "Feature", "geometry": {"type": "Point", "coordinates": [86.53808000154896, 23.8239950713128]}, "properties": {"city": "dhanbad", "lst_c": 42.5}}, {"type": "Feature", "geometry": {"type": "Point", "coordinates": [86.5421224203275, 23.8239950713128]}, "properties": {"city": "dhanbad", "lst_c": 42.46}}, {"type": "Feature", "geometry": {"type": "Point", "coordinates": [86.54616483910603, 23.8239950713128]}, "properties": {"city": "dhanbad", "lst_c": 43.46}}, {"type": "Feature", "geometry": {"type": "Point", "coordinates": [86.30361971239377, 23.82803749009134]}, "properties": {"city": "dhanbad", "lst_c": 37.84}}, {"type": "Feature", "geometry": {"type": "Point", "coordinates": [86.30766213117231, 23.82803749009134]}, "properties": {"city": "dhanbad", "lst_c": 41.03}}, {"type": "Feature", "geometry": {"type": "Point", "coordinates": [86.31170454995083, 23.82803749009134]}, "properties": {"city": "dhanbad", "lst_c": 43.27}}, {"type": "Feature", "geometry": {"type": "Point", "coordinates": [86.31574696872937, 23.82803749009134]}, "properties": {"city": "dhanbad", "lst_c": 44.06}}, {"type": "Feature", "geometry": {"type": "Point", "coordinates": [86.31978938750791, 23.82803749009134]}, "properties": {"city": "dhanbad", "lst_c": 43.82}}, {"type": "Feature", "geometry": {"type": "Point", "coordinates": [86.32383180628645, 23.82803749009134]}, "properties": {"city": "dhanbad", "lst_c": 43.13}}, {"type": "Feature", "geometry": {"type": "Point", "coordinates": [86.32787422506499, 23.82803749009134]}, "properties": {"city": "dhanbad", "lst_c": 44.14}}, {"type": "Feature", "geometry": {"type": "Point", "coordinates": [86.33191664384353, 23.82803749009134]}, "properties": {"city": "dhanbad", "lst_c": 42.53}}, {"type": "Feature", "geometry": {"type": "Point", "coordinates": [86.33595906262207, 23.82803749009134]}, "properties": {"city": "dhanbad", "lst_c": 41.54}}, {"type": "Feature", "geometry": {"type": "Point", "coordinates": [86.3400014814006, 23.82803749009134]}, "properties": {"city": "dhanbad", "lst_c": 42.56}}, {"type": "Feature", "geometry": {"type": "Point", "coordinates": [86.34404390017914, 23.82803749009134]}, "properties": {"city": "dhanbad", "lst_c": 43.19}}, {"type": "Feature", "geometry": {"type": "Point", "coordinates": [86.34808631895768, 23.82803749009134]}, "properties": {"city": "dhanbad", "lst_c": 44.09}}, {"type": "Feature", "geometry": {"type": "Point", "coordinates": [86.35212873773622, 23.82803749009134]}, "properties": {"city": "dhanbad", "lst_c": 43.82}}, {"type": "Feature", "geometry": {"type": "Point", "coordinates": [86.35617115651476, 23.82803749009134]}, "properties": {"city": "dhanbad", "lst_c": 43.6}}, {"type": "Feature", "geometry": {"type": "Point", "coordinates": [86.36021357529329, 23.82803749009134]}, "properties": {"city": "dhanbad", "lst_c": 43.41}}, {"type": "Feature", "geometry": {"type": "Point", "coordinates": [86.36425599407183, 23.82803749009134]}, "properties": {"city": "dhanbad", "lst_c": 42.94}}, {"type": "Feature", "geometry": {"type": "Point", "coordinates": [86.36829841285036, 23.82803749009134]}, "properties": {"city": "dhanbad", "lst_c": 44.34}}, {"type": "Feature", "geometry": {"type": "Point", "coordinates": [86.3723408316289, 23.82803749009134]}, "properties": {"city": "dhanbad", "lst_c": 43.0}}, {"type": "Feature", "geometry": {"type": "Point", "coordinates": [86.37638325040744, 23.82803749009134]}, "properties": {"city": "dhanbad", "lst_c": 42.99}}, {"type": "Feature", "geometry": {"type": "Point", "coordinates": [86.38042566918598, 23.82803749009134]}, "properties": {"city": "dhanbad", "lst_c": 41.71}}, {"type": "Feature", "geometry": {"type": "Point", "coordinates": [86.38446808796452, 23.82803749009134]}, "properties": {"city": "dhanbad", "lst_c": 42.97}}, {"type": "Feature", "geometry": {"type": "Point", "coordinates": [86.38851050674306, 23.82803749009134]}, "properties": {"city": "dhanbad", "lst_c": 41.52}}, {"type": "Feature", "geometry": {"type": "Point", "coordinates": [86.3925529255216, 23.82803749009134]}, "properties": {"city": "dhanbad", "lst_c": 40.16}}, {"type": "Feature", "geometry": {"type": "Point", "coordinates": [86.39659534430014, 23.82803749009134]}, "properties": {"city": "dhanbad", "lst_c": 42.2}}, {"type": "Feature", "geometry": {"type": "Point", "coordinates": [86.40063776307868, 23.82803749009134]}, "properties": {"city": "dhanbad", "lst_c": 41.8}}, {"type": "Feature", "geometry": {"type": "Point", "coordinates": [86.4046801818572, 23.82803749009134]}, "properties": {"city": "dhanbad", "lst_c": 44.16}}, {"type": "Feature", "geometry": {"type": "Point", "coordinates": [86.40872260063574, 23.82803749009134]}, "properties": {"city": "dhanbad", "lst_c": 44.62}}, {"type": "Feature", "geometry": {"type": "Point", "coordinates": [86.41276501941428, 23.82803749009134]}, "properties": {"city": "dhanbad", "lst_c": 41.66}}, {"type": "Feature", "geometry": {"type": "Point", "coordinates": [86.41680743819282, 23.82803749009134]}, "properties": {"city": "dhanbad", "lst_c": 40.71}}, {"type": "Feature", "geometry": {"type": "Point", "coordinates": [86.42084985697136, 23.82803749009134]}, "properties": {"city": "dhanbad", "lst_c": 40.77}}, {"type": "Feature", "geometry": {"type": "Point", "coordinates": [86.4248922757499, 23.82803749009134]}, "properties": {"city": "dhanbad", "lst_c": 41.27}}, {"type": "Feature", "geometry": {"type": "Point", "coordinates": [86.42893469452844, 23.82803749009134]}, "properties": {"city": "dhanbad", "lst_c": 40.17}}, {"type": "Feature", "geometry": {"type": "Point", "coordinates": [86.43297711330698, 23.82803749009134]}, "properties": {"city": "dhanbad", "lst_c": 40.51}}, {"type": "Feature", "geometry": {"type": "Point", "coordinates": [86.43701953208551, 23.82803749009134]}, "properties": {"city": "dhanbad", "lst_c": 39.18}}, {"type": "Feature", "geometry": {"type": "Point", "coordinates": [86.44106195086405, 23.82803749009134]}, "properties": {"city": "dhanbad", "lst_c": 40.95}}, {"type": "Feature", "geometry": {"type": "Point", "coordinates": [86.44510436964259, 23.82803749009134]}, "properties": {"city": "dhanbad", "lst_c": 40.31}}, {"type": "Feature", "geometry": {"type": "Point", "coordinates": [86.44914678842113, 23.82803749009134]}, "properties": {"city": "dhanbad", "lst_c": 41.53}}, {"type": "Feature", "geometry": {"type": "Point", "coordinates": [86.45318920719966, 23.82803749009134]}, "properties": {"city": "dhanbad", "lst_c": 41.15}}, {"type": "Feature", "geometry": {"type": "Point", "coordinates": [86.4572316259782, 23.82803749009134]}, "properties": {"city": "dhanbad", "lst_c": 42.0}}, {"type": "Feature", "geometry": {"type": "Point", "coordinates": [86.46127404475673, 23.82803749009134]}, "properties": {"city": "dhanbad", "lst_c": 40.62}}, {"type": "Feature", "geometry": {"type": "Point", "coordinates": [86.46531646353527, 23.82803749009134]}, "properties": {"city": "dhanbad", "lst_c": 42.49}}, {"type": "Feature", "geometry": {"type": "Point", "coordinates": [86.46935888231381, 23.82803749009134]}, "properties": {"city": "dhanbad", "lst_c": 42.6}}, {"type": "Feature", "geometry": {"type": "Point", "coordinates": [86.47340130109235, 23.82803749009134]}, "properties": {"city": "dhanbad", "lst_c": 40.68}}, {"type": "Feature", "geometry": {"type": "Point", "coordinates": [86.47744371987089, 23.82803749009134]}, "properties": {"city": "dhanbad", "lst_c": 40.34}}, {"type": "Feature", "geometry": {"type": "Point", "coordinates": [86.48148613864943, 23.82803749009134]}, "properties": {"city": "dhanbad", "lst_c": 39.41}}, {"type": "Feature", "geometry": {"type": "Point", "coordinates": [86.48552855742797, 23.82803749009134]}, "properties": {"city": "dhanbad", "lst_c": 39.71}}, {"type": "Feature", "geometry": {"type": "Point", "coordinates": [86.48957097620651, 23.82803749009134]}, "properties": {"city": "dhanbad", "lst_c": 40.1}}, {"type": "Feature", "geometry": {"type": "Point", "coordinates": [86.49361339498505, 23.82803749009134]}, "properties": {"city": "dhanbad", "lst_c": 41.76}}, {"type": "Feature", "geometry": {"type": "Point", "coordinates": [86.49765581376359, 23.82803749009134]}, "properties": {"city": "dhanbad", "lst_c": 41.55}}, {"type": "Feature", "geometry": {"type": "Point", "coordinates": [86.50169823254211, 23.82803749009134]}, "properties": {"city": "dhanbad", "lst_c": 41.65}}, {"type": "Feature", "geometry": {"type": "Point", "coordinates": [86.50574065132065, 23.82803749009134]}, "properties": {"city": "dhanbad", "lst_c": 42.15}}, {"type": "Feature", "geometry": {"type": "Point", "coordinates": [86.50978307009919, 23.82803749009134]}, "properties": {"city": "dhanbad", "lst_c": 41.45}}, {"type": "Feature", "geometry": {"type": "Point", "coordinates": [86.51382548887773, 23.82803749009134]}, "properties": {"city": "dhanbad", "lst_c": 41.41}}, {"type": "Feature", "geometry": {"type": "Point", "coordinates": [86.51786790765627, 23.82803749009134]}, "properties": {"city": "dhanbad", "lst_c": 41.23}}, {"type": "Feature", "geometry": {"type": "Point", "coordinates": [86.5219103264348, 23.82803749009134]}, "properties": {"city": "dhanbad", "lst_c": 39.67}}, {"type": "Feature", "geometry": {"type": "Point", "coordinates": [86.52595274521335, 23.82803749009134]}, "properties": {"city": "dhanbad", "lst_c": 40.47}}, {"type": "Feature", "geometry": {"type": "Point", "coordinates": [86.52999516399188, 23.82803749009134]}, "properties": {"city": "dhanbad", "lst_c": 41.64}}, {"type": "Feature", "geometry": {"type": "Point", "coordinates": [86.53403758277042, 23.82803749009134]}, "properties": {"city": "dhanbad", "lst_c": 40.37}}, {"type": "Feature", "geometry": {"type": "Point", "coordinates": [86.53808000154896, 23.82803749009134]}, "properties": {"city": "dhanbad", "lst_c": 41.68}}, {"type": "Feature", "geometry": {"type": "Point", "coordinates": [86.5421224203275, 23.82803749009134]}, "properties": {"city": "dhanbad", "lst_c": 41.73}}, {"type": "Feature", "geometry": {"type": "Point", "coordinates": [86.54616483910603, 23.82803749009134]}, "properties": {"city": "dhanbad", "lst_c": 42.01}}, {"type": "Feature", "geometry": {"type": "Point", "coordinates": [86.30361971239377, 23.832079908869876]}, "properties": {"city": "dhanbad", "lst_c": 40.15}}, {"type": "Feature", "geometry": {"type": "Point", "coordinates": [86.30766213117231, 23.832079908869876]}, "properties": {"city": "dhanbad", "lst_c": 44.48}}, {"type": "Feature", "geometry": {"type": "Point", "coordinates": [86.31170454995083, 23.832079908869876]}, "properties": {"city": "dhanbad", "lst_c": 44.17}}, {"type": "Feature", "geometry": {"type": "Point", "coordinates": [86.31574696872937, 23.832079908869876]}, "properties": {"city": "dhanbad", "lst_c": 42.15}}, {"type": "Feature", "geometry": {"type": "Point", "coordinates": [86.31978938750791, 23.832079908869876]}, "properties": {"city": "dhanbad", "lst_c": 41.08}}, {"type": "Feature", "geometry": {"type": "Point", "coordinates": [86.32383180628645, 23.832079908869876]}, "properties": {"city": "dhanbad", "lst_c": 44.62}}, {"type": "Feature", "geometry": {"type": "Point", "coordinates": [86.32787422506499, 23.832079908869876]}, "properties": {"city": "dhanbad", "lst_c": 43.13}}, {"type": "Feature", "geometry": {"type": "Point", "coordinates": [86.33191664384353, 23.832079908869876]}, "properties": {"city": "dhanbad", "lst_c": 42.65}}, {"type": "Feature", "geometry": {"type": "Point", "coordinates": [86.33595906262207, 23.832079908869876]}, "properties": {"city": "dhanbad", "lst_c": 43.12}}, {"type": "Feature", "geometry": {"type": "Point", "coordinates": [86.3400014814006, 23.832079908869876]}, "properties": {"city": "dhanbad", "lst_c": 42.72}}, {"type": "Feature", "geometry": {"type": "Point", "coordinates": [86.34404390017914, 23.832079908869876]}, "properties": {"city": "dhanbad", "lst_c": 43.14}}, {"type": "Feature", "geometry": {"type": "Point", "coordinates": [86.34808631895768, 23.832079908869876]}, "properties": {"city": "dhanbad", "lst_c": 41.63}}, {"type": "Feature", "geometry": {"type": "Point", "coordinates": [86.35212873773622, 23.832079908869876]}, "properties": {"city": "dhanbad", "lst_c": 43.95}}, {"type": "Feature", "geometry": {"type": "Point", "coordinates": [86.35617115651476, 23.832079908869876]}, "properties": {"city": "dhanbad", "lst_c": 47.06}}, {"type": "Feature", "geometry": {"type": "Point", "coordinates": [86.36021357529329, 23.832079908869876]}, "properties": {"city": "dhanbad", "lst_c": 45.67}}, {"type": "Feature", "geometry": {"type": "Point", "coordinates": [86.36425599407183, 23.832079908869876]}, "properties": {"city": "dhanbad", "lst_c": 43.09}}, {"type": "Feature", "geometry": {"type": "Point", "coordinates": [86.36829841285036, 23.832079908869876]}, "properties": {"city": "dhanbad", "lst_c": 42.62}}, {"type": "Feature", "geometry": {"type": "Point", "coordinates": [86.3723408316289, 23.832079908869876]}, "properties": {"city": "dhanbad", "lst_c": 43.57}}, {"type": "Feature", "geometry": {"type": "Point", "coordinates": [86.37638325040744, 23.832079908869876]}, "properties": {"city": "dhanbad", "lst_c": 42.97}}, {"type": "Feature", "geometry": {"type": "Point", "coordinates": [86.38042566918598, 23.832079908869876]}, "properties": {"city": "dhanbad", "lst_c": 42.32}}, {"type": "Feature", "geometry": {"type": "Point", "coordinates": [86.38446808796452, 23.832079908869876]}, "properties": {"city": "dhanbad", "lst_c": 42.85}}, {"type": "Feature", "geometry": {"type": "Point", "coordinates": [86.38851050674306, 23.832079908869876]}, "properties": {"city": "dhanbad", "lst_c": 42.2}}, {"type": "Feature", "geometry": {"type": "Point", "coordinates": [86.3925529255216, 23.832079908869876]}, "properties": {"city": "dhanbad", "lst_c": 42.43}}, {"type": "Feature", "geometry": {"type": "Point", "coordinates": [86.39659534430014, 23.832079908869876]}, "properties": {"city": "dhanbad", "lst_c": 42.97}}, {"type": "Feature", "geometry": {"type": "Point", "coordinates": [86.40063776307868, 23.832079908869876]}, "properties": {"city": "dhanbad", "lst_c": 44.24}}, {"type": "Feature", "geometry": {"type": "Point", "coordinates": [86.4046801818572, 23.832079908869876]}, "properties": {"city": "dhanbad", "lst_c": 40.6}}, {"type": "Feature", "geometry": {"type": "Point", "coordinates": [86.40872260063574, 23.832079908869876]}, "properties": {"city": "dhanbad", "lst_c": 43.09}}, {"type": "Feature", "geometry": {"type": "Point", "coordinates": [86.41276501941428, 23.832079908869876]}, "properties": {"city": "dhanbad", "lst_c": 42.96}}, {"type": "Feature", "geometry": {"type": "Point", "coordinates": [86.41680743819282, 23.832079908869876]}, "properties": {"city": "dhanbad", "lst_c": 43.92}}, {"type": "Feature", "geometry": {"type": "Point", "coordinates": [86.42084985697136, 23.832079908869876]}, "properties": {"city": "dhanbad", "lst_c": 43.2}}, {"type": "Feature", "geometry": {"type": "Point", "coordinates": [86.4248922757499, 23.832079908869876]}, "properties": {"city": "dhanbad", "lst_c": 41.96}}, {"type": "Feature", "geometry": {"type": "Point", "coordinates": [86.42893469452844, 23.832079908869876]}, "properties": {"city": "dhanbad", "lst_c": 40.62}}, {"type": "Feature", "geometry": {"type": "Point", "coordinates": [86.43297711330698, 23.832079908869876]}, "properties": {"city": "dhanbad", "lst_c": 41.3}}, {"type": "Feature", "geometry": {"type": "Point", "coordinates": [86.43701953208551, 23.832079908869876]}, "properties": {"city": "dhanbad", "lst_c": 41.54}}, {"type": "Feature", "geometry": {"type": "Point", "coordinates": [86.44106195086405, 23.832079908869876]}, "properties": {"city": "dhanbad", "lst_c": 40.38}}, {"type": "Feature", "geometry": {"type": "Point", "coordinates": [86.44510436964259, 23.832079908869876]}, "properties": {"city": "dhanbad", "lst_c": 43.6}}, {"type": "Feature", "geometry": {"type": "Point", "coordinates": [86.44914678842113, 23.832079908869876]}, "properties": {"city": "dhanbad", "lst_c": 43.71}}, {"type": "Feature", "geometry": {"type": "Point", "coordinates": [86.45318920719966, 23.832079908869876]}, "properties": {"city": "dhanbad", "lst_c": 43.26}}, {"type": "Feature", "geometry": {"type": "Point", "coordinates": [86.4572316259782, 23.832079908869876]}, "properties": {"city": "dhanbad", "lst_c": 43.28}}, {"type": "Feature", "geometry": {"type": "Point", "coordinates": [86.46127404475673, 23.832079908869876]}, "properties": {"city": "dhanbad", "lst_c": 43.47}}, {"type": "Feature", "geometry": {"type": "Point", "coordinates": [86.46531646353527, 23.832079908869876]}, "properties": {"city": "dhanbad", "lst_c": 43.34}}, {"type": "Feature", "geometry": {"type": "Point", "coordinates": [86.46935888231381, 23.832079908869876]}, "properties": {"city": "dhanbad", "lst_c": 43.02}}, {"type": "Feature", "geometry": {"type": "Point", "coordinates": [86.47340130109235, 23.832079908869876]}, "properties": {"city": "dhanbad", "lst_c": 42.18}}, {"type": "Feature", "geometry": {"type": "Point", "coordinates": [86.47744371987089, 23.832079908869876]}, "properties": {"city": "dhanbad", "lst_c": 42.01}}, {"type": "Feature", "geometry": {"type": "Point", "coordinates": [86.48148613864943, 23.832079908869876]}, "properties": {"city": "dhanbad", "lst_c": 41.05}}, {"type": "Feature", "geometry": {"type": "Point", "coordinates": [86.48552855742797, 23.832079908869876]}, "properties": {"city": "dhanbad", "lst_c": 39.75}}, {"type": "Feature", "geometry": {"type": "Point", "coordinates": [86.48957097620651, 23.832079908869876]}, "properties": {"city": "dhanbad", "lst_c": 42.8}}, {"type": "Feature", "geometry": {"type": "Point", "coordinates": [86.49361339498505, 23.832079908869876]}, "properties": {"city": "dhanbad", "lst_c": 41.37}}, {"type": "Feature", "geometry": {"type": "Point", "coordinates": [86.49765581376359, 23.832079908869876]}, "properties": {"city": "dhanbad", "lst_c": 41.58}}, {"type": "Feature", "geometry": {"type": "Point", "coordinates": [86.50169823254211, 23.832079908869876]}, "properties": {"city": "dhanbad", "lst_c": 39.7}}, {"type": "Feature", "geometry": {"type": "Point", "coordinates": [86.50574065132065, 23.832079908869876]}, "properties": {"city": "dhanbad", "lst_c": 41.55}}, {"type": "Feature", "geometry": {"type": "Point", "coordinates": [86.50978307009919, 23.832079908869876]}, "properties": {"city": "dhanbad", "lst_c": 41.73}}, {"type": "Feature", "geometry": {"type": "Point", "coordinates": [86.51382548887773, 23.832079908869876]}, "properties": {"city": "dhanbad", "lst_c": 41.72}}, {"type": "Feature", "geometry": {"type": "Point", "coordinates": [86.51786790765627, 23.832079908869876]}, "properties": {"city": "dhanbad", "lst_c": 41.51}}, {"type": "Feature", "geometry": {"type": "Point", "coordinates": [86.5219103264348, 23.832079908869876]}, "properties": {"city": "dhanbad", "lst_c": 41.76}}, {"type": "Feature", "geometry": {"type": "Point", "coordinates": [86.52595274521335, 23.832079908869876]}, "properties": {"city": "dhanbad", "lst_c": 40.89}}, {"type": "Feature", "geometry": {"type": "Point", "coordinates": [86.52999516399188, 23.832079908869876]}, "properties": {"city": "dhanbad", "lst_c": 41.73}}, {"type": "Feature", "geometry": {"type": "Point", "coordinates": [86.53403758277042, 23.832079908869876]}, "properties": {"city": "dhanbad", "lst_c": 41.43}}, {"type": "Feature", "geometry": {"type": "Point", "coordinates": [86.53808000154896, 23.832079908869876]}, "properties": {"city": "dhanbad", "lst_c": 43.03}}, {"type": "Feature", "geometry": {"type": "Point", "coordinates": [86.5421224203275, 23.832079908869876]}, "properties": {"city": "dhanbad", "lst_c": 42.37}}, {"type": "Feature", "geometry": {"type": "Point", "coordinates": [86.54616483910603, 23.832079908869876]}, "properties": {"city": "dhanbad", "lst_c": 41.92}}, {"type": "Feature", "geometry": {"type": "Point", "coordinates": [86.30361971239377, 23.836122327648415]}, "properties": {"city": "dhanbad", "lst_c": 41.0}}, {"type": "Feature", "geometry": {"type": "Point", "coordinates": [86.30766213117231, 23.836122327648415]}, "properties": {"city": "dhanbad", "lst_c": 44.11}}, {"type": "Feature", "geometry": {"type": "Point", "coordinates": [86.31170454995083, 23.836122327648415]}, "properties": {"city": "dhanbad", "lst_c": 41.82}}, {"type": "Feature", "geometry": {"type": "Point", "coordinates": [86.31574696872937, 23.836122327648415]}, "properties": {"city": "dhanbad", "lst_c": 41.83}}, {"type": "Feature", "geometry": {"type": "Point", "coordinates": [86.31978938750791, 23.836122327648415]}, "properties": {"city": "dhanbad", "lst_c": 42.2}}, {"type": "Feature", "geometry": {"type": "Point", "coordinates": [86.32383180628645, 23.836122327648415]}, "properties": {"city": "dhanbad", "lst_c": 44.02}}, {"type": "Feature", "geometry": {"type": "Point", "coordinates": [86.32787422506499, 23.836122327648415]}, "properties": {"city": "dhanbad", "lst_c": 45.36}}, {"type": "Feature", "geometry": {"type": "Point", "coordinates": [86.33191664384353, 23.836122327648415]}, "properties": {"city": "dhanbad", "lst_c": 43.86}}, {"type": "Feature", "geometry": {"type": "Point", "coordinates": [86.33595906262207, 23.836122327648415]}, "properties": {"city": "dhanbad", "lst_c": 42.79}}, {"type": "Feature", "geometry": {"type": "Point", "coordinates": [86.3400014814006, 23.836122327648415]}, "properties": {"city": "dhanbad", "lst_c": 43.21}}, {"type": "Feature", "geometry": {"type": "Point", "coordinates": [86.34404390017914, 23.836122327648415]}, "properties": {"city": "dhanbad", "lst_c": 42.35}}, {"type": "Feature", "geometry": {"type": "Point", "coordinates": [86.34808631895768, 23.836122327648415]}, "properties": {"city": "dhanbad", "lst_c": 42.81}}, {"type": "Feature", "geometry": {"type": "Point", "coordinates": [86.35212873773622, 23.836122327648415]}, "properties": {"city": "dhanbad", "lst_c": 46.38}}, {"type": "Feature", "geometry": {"type": "Point", "coordinates": [86.35617115651476, 23.836122327648415]}, "properties": {"city": "dhanbad", "lst_c": 47.23}}, {"type": "Feature", "geometry": {"type": "Point", "coordinates": [86.36021357529329, 23.836122327648415]}, "properties": {"city": "dhanbad", "lst_c": 49.38}}, {"type": "Feature", "geometry": {"type": "Point", "coordinates": [86.36425599407183, 23.836122327648415]}, "properties": {"city": "dhanbad", "lst_c": 44.3}}, {"type": "Feature", "geometry": {"type": "Point", "coordinates": [86.36829841285036, 23.836122327648415]}, "properties": {"city": "dhanbad", "lst_c": 43.53}}, {"type": "Feature", "geometry": {"type": "Point", "coordinates": [86.3723408316289, 23.836122327648415]}, "properties": {"city": "dhanbad", "lst_c": 45.08}}, {"type": "Feature", "geometry": {"type": "Point", "coordinates": [86.37638325040744, 23.836122327648415]}, "properties": {"city": "dhanbad", "lst_c": 43.5}}, {"type": "Feature", "geometry": {"type": "Point", "coordinates": [86.38042566918598, 23.836122327648415]}, "properties": {"city": "dhanbad", "lst_c": 42.59}}, {"type": "Feature", "geometry": {"type": "Point", "coordinates": [86.38446808796452, 23.836122327648415]}, "properties": {"city": "dhanbad", "lst_c": 43.39}}, {"type": "Feature", "geometry": {"type": "Point", "coordinates": [86.38851050674306, 23.836122327648415]}, "properties": {"city": "dhanbad", "lst_c": 42.73}}, {"type": "Feature", "geometry": {"type": "Point", "coordinates": [86.3925529255216, 23.836122327648415]}, "properties": {"city": "dhanbad", "lst_c": 42.81}}, {"type": "Feature", "geometry": {"type": "Point", "coordinates": [86.39659534430014, 23.836122327648415]}, "properties": {"city": "dhanbad", "lst_c": 43.63}}, {"type": "Feature", "geometry": {"type": "Point", "coordinates": [86.40063776307868, 23.836122327648415]}, "properties": {"city": "dhanbad", "lst_c": 43.97}}, {"type": "Feature", "geometry": {"type": "Point", "coordinates": [86.4046801818572, 23.836122327648415]}, "properties": {"city": "dhanbad", "lst_c": 43.91}}, {"type": "Feature", "geometry": {"type": "Point", "coordinates": [86.40872260063574, 23.836122327648415]}, "properties": {"city": "dhanbad", "lst_c": 43.44}}, {"type": "Feature", "geometry": {"type": "Point", "coordinates": [86.41276501941428, 23.836122327648415]}, "properties": {"city": "dhanbad", "lst_c": 41.9}}, {"type": "Feature", "geometry": {"type": "Point", "coordinates": [86.41680743819282, 23.836122327648415]}, "properties": {"city": "dhanbad", "lst_c": 43.32}}, {"type": "Feature", "geometry": {"type": "Point", "coordinates": [86.42084985697136, 23.836122327648415]}, "properties": {"city": "dhanbad", "lst_c": 41.21}}, {"type": "Feature", "geometry": {"type": "Point", "coordinates": [86.4248922757499, 23.836122327648415]}, "properties": {"city": "dhanbad", "lst_c": 41.15}}, {"type": "Feature", "geometry": {"type": "Point", "coordinates": [86.42893469452844, 23.836122327648415]}, "properties": {"city": "dhanbad", "lst_c": 41.64}}, {"type": "Feature", "geometry": {"type": "Point", "coordinates": [86.43297711330698, 23.836122327648415]}, "properties": {"city": "dhanbad", "lst_c": 42.35}}, {"type": "Feature", "geometry": {"type": "Point", "coordinates": [86.43701953208551, 23.836122327648415]}, "properties": {"city": "dhanbad", "lst_c": 41.95}}, {"type": "Feature", "geometry": {"type": "Point", "coordinates": [86.44106195086405, 23.836122327648415]}, "properties": {"city": "dhanbad", "lst_c": 41.24}}, {"type": "Feature", "geometry": {"type": "Point", "coordinates": [86.44510436964259, 23.836122327648415]}, "properties": {"city": "dhanbad", "lst_c": 44.32}}, {"type": "Feature", "geometry": {"type": "Point", "coordinates": [86.44914678842113, 23.836122327648415]}, "properties": {"city": "dhanbad", "lst_c": 43.79}}, {"type": "Feature", "geometry": {"type": "Point", "coordinates": [86.45318920719966, 23.836122327648415]}, "properties": {"city": "dhanbad", "lst_c": 43.91}}, {"type": "Feature", "geometry": {"type": "Point", "coordinates": [86.4572316259782, 23.836122327648415]}, "properties": {"city": "dhanbad", "lst_c": 43.6}}, {"type": "Feature", "geometry": {"type": "Point", "coordinates": [86.46127404475673, 23.836122327648415]}, "properties": {"city": "dhanbad", "lst_c": 42.05}}, {"type": "Feature", "geometry": {"type": "Point", "coordinates": [86.46531646353527, 23.836122327648415]}, "properties": {"city": "dhanbad", "lst_c": 42.57}}, {"type": "Feature", "geometry": {"type": "Point", "coordinates": [86.46935888231381, 23.836122327648415]}, "properties": {"city": "dhanbad", "lst_c": 42.68}}, {"type": "Feature", "geometry": {"type": "Point", "coordinates": [86.47340130109235, 23.836122327648415]}, "properties": {"city": "dhanbad", "lst_c": 43.15}}, {"type": "Feature", "geometry": {"type": "Point", "coordinates": [86.47744371987089, 23.836122327648415]}, "properties": {"city": "dhanbad", "lst_c": 42.51}}, {"type": "Feature", "geometry": {"type": "Point", "coordinates": [86.48148613864943, 23.836122327648415]}, "properties": {"city": "dhanbad", "lst_c": 41.23}}, {"type": "Feature", "geometry": {"type": "Point", "coordinates": [86.48552855742797, 23.836122327648415]}, "properties": {"city": "dhanbad", "lst_c": 41.04}}, {"type": "Feature", "geometry": {"type": "Point", "coordinates": [86.48957097620651, 23.836122327648415]}, "properties": {"city": "dhanbad", "lst_c": 42.34}}, {"type": "Feature", "geometry": {"type": "Point", "coordinates": [86.49361339498505, 23.836122327648415]}, "properties": {"city": "dhanbad", "lst_c": 43.5}}, {"type": "Feature", "geometry": {"type": "Point", "coordinates": [86.49765581376359, 23.836122327648415]}, "properties": {"city": "dhanbad", "lst_c": 42.22}}, {"type": "Feature", "geometry": {"type": "Point", "coordinates": [86.50169823254211, 23.836122327648415]}, "properties": {"city": "dhanbad", "lst_c": 41.05}}, {"type": "Feature", "geometry": {"type": "Point", "coordinates": [86.50574065132065, 23.836122327648415]}, "properties": {"city": "dhanbad", "lst_c": 43.39}}, {"type": "Feature", "geometry": {"type": "Point", "coordinates": [86.50978307009919, 23.836122327648415]}, "properties": {"city": "dhanbad", "lst_c": 41.91}}, {"type": "Feature", "geometry": {"type": "Point", "coordinates": [86.51382548887773, 23.836122327648415]}, "properties": {"city": "dhanbad", "lst_c": 41.47}}, {"type": "Feature", "geometry": {"type": "Point", "coordinates": [86.51786790765627, 23.836122327648415]}, "properties": {"city": "dhanbad", "lst_c": 40.75}}, {"type": "Feature", "geometry": {"type": "Point", "coordinates": [86.5219103264348, 23.836122327648415]}, "properties": {"city": "dhanbad", "lst_c": 40.04}}, {"type": "Feature", "geometry": {"type": "Point", "coordinates": [86.52595274521335, 23.836122327648415]}, "properties": {"city": "dhanbad", "lst_c": 40.83}}, {"type": "Feature", "geometry": {"type": "Point", "coordinates": [86.52999516399188, 23.836122327648415]}, "properties": {"city": "dhanbad", "lst_c": 42.17}}, {"type": "Feature", "geometry": {"type": "Point", "coordinates": [86.53403758277042, 23.836122327648415]}, "properties": {"city": "dhanbad", "lst_c": 42.56}}, {"type": "Feature", "geometry": {"type": "Point", "coordinates": [86.53808000154896, 23.836122327648415]}, "properties": {"city": "dhanbad", "lst_c": 41.91}}, {"type": "Feature", "geometry": {"type": "Point", "coordinates": [86.5421224203275, 23.836122327648415]}, "properties": {"city": "dhanbad", "lst_c": 41.11}}, {"type": "Feature", "geometry": {"type": "Point", "coordinates": [86.54616483910603, 23.836122327648415]}, "properties": {"city": "dhanbad", "lst_c": 41.48}}, {"type": "Feature", "geometry": {"type": "Point", "coordinates": [86.30361971239377, 23.840164746426954]}, "properties": {"city": "dhanbad", "lst_c": 42.3}}, {"type": "Feature", "geometry": {"type": "Point", "coordinates": [86.30766213117231, 23.840164746426954]}, "properties": {"city": "dhanbad", "lst_c": 42.29}}, {"type": "Feature", "geometry": {"type": "Point", "coordinates": [86.31170454995083, 23.840164746426954]}, "properties": {"city": "dhanbad", "lst_c": 40.85}}, {"type": "Feature", "geometry": {"type": "Point", "coordinates": [86.31574696872937, 23.840164746426954]}, "properties": {"city": "dhanbad", "lst_c": 42.07}}, {"type": "Feature", "geometry": {"type": "Point", "coordinates": [86.31978938750791, 23.840164746426954]}, "properties": {"city": "dhanbad", "lst_c": 42.28}}, {"type": "Feature", "geometry": {"type": "Point", "coordinates": [86.32383180628645, 23.840164746426954]}, "properties": {"city": "dhanbad", "lst_c": 44.53}}, {"type": "Feature", "geometry": {"type": "Point", "coordinates": [86.32787422506499, 23.840164746426954]}, "properties": {"city": "dhanbad", "lst_c": 43.44}}, {"type": "Feature", "geometry": {"type": "Point", "coordinates": [86.33191664384353, 23.840164746426954]}, "properties": {"city": "dhanbad", "lst_c": 42.94}}, {"type": "Feature", "geometry": {"type": "Point", "coordinates": [86.33595906262207, 23.840164746426954]}, "properties": {"city": "dhanbad", "lst_c": 44.36}}, {"type": "Feature", "geometry": {"type": "Point", "coordinates": [86.3400014814006, 23.840164746426954]}, "properties": {"city": "dhanbad", "lst_c": 43.22}}, {"type": "Feature", "geometry": {"type": "Point", "coordinates": [86.34404390017914, 23.840164746426954]}, "properties": {"city": "dhanbad", "lst_c": 44.13}}, {"type": "Feature", "geometry": {"type": "Point", "coordinates": [86.34808631895768, 23.840164746426954]}, "properties": {"city": "dhanbad", "lst_c": 43.59}}, {"type": "Feature", "geometry": {"type": "Point", "coordinates": [86.35212873773622, 23.840164746426954]}, "properties": {"city": "dhanbad", "lst_c": 42.28}}, {"type": "Feature", "geometry": {"type": "Point", "coordinates": [86.35617115651476, 23.840164746426954]}, "properties": {"city": "dhanbad", "lst_c": 42.52}}, {"type": "Feature", "geometry": {"type": "Point", "coordinates": [86.36021357529329, 23.840164746426954]}, "properties": {"city": "dhanbad", "lst_c": 42.48}}, {"type": "Feature", "geometry": {"type": "Point", "coordinates": [86.36425599407183, 23.840164746426954]}, "properties": {"city": "dhanbad", "lst_c": 44.27}}, {"type": "Feature", "geometry": {"type": "Point", "coordinates": [86.36829841285036, 23.840164746426954]}, "properties": {"city": "dhanbad", "lst_c": 43.11}}, {"type": "Feature", "geometry": {"type": "Point", "coordinates": [86.3723408316289, 23.840164746426954]}, "properties": {"city": "dhanbad", "lst_c": 42.81}}, {"type": "Feature", "geometry": {"type": "Point", "coordinates": [86.37638325040744, 23.840164746426954]}, "properties": {"city": "dhanbad", "lst_c": 44.08}}, {"type": "Feature", "geometry": {"type": "Point", "coordinates": [86.38042566918598, 23.840164746426954]}, "properties": {"city": "dhanbad", "lst_c": 43.12}}, {"type": "Feature", "geometry": {"type": "Point", "coordinates": [86.38446808796452, 23.840164746426954]}, "properties": {"city": "dhanbad", "lst_c": 43.17}}, {"type": "Feature", "geometry": {"type": "Point", "coordinates": [86.38851050674306, 23.840164746426954]}, "properties": {"city": "dhanbad", "lst_c": 42.89}}, {"type": "Feature", "geometry": {"type": "Point", "coordinates": [86.3925529255216, 23.840164746426954]}, "properties": {"city": "dhanbad", "lst_c": 44.36}}, {"type": "Feature", "geometry": {"type": "Point", "coordinates": [86.39659534430014, 23.840164746426954]}, "properties": {"city": "dhanbad", "lst_c": 44.55}}, {"type": "Feature", "geometry": {"type": "Point", "coordinates": [86.40063776307868, 23.840164746426954]}, "properties": {"city": "dhanbad", "lst_c": 44.81}}, {"type": "Feature", "geometry": {"type": "Point", "coordinates": [86.4046801818572, 23.840164746426954]}, "properties": {"city": "dhanbad", "lst_c": 45.38}}, {"type": "Feature", "geometry": {"type": "Point", "coordinates": [86.40872260063574, 23.840164746426954]}, "properties": {"city": "dhanbad", "lst_c": 44.02}}, {"type": "Feature", "geometry": {"type": "Point", "coordinates": [86.41276501941428, 23.840164746426954]}, "properties": {"city": "dhanbad", "lst_c": 43.58}}, {"type": "Feature", "geometry": {"type": "Point", "coordinates": [86.41680743819282, 23.840164746426954]}, "properties": {"city": "dhanbad", "lst_c": 43.17}}, {"type": "Feature", "geometry": {"type": "Point", "coordinates": [86.42084985697136, 23.840164746426954]}, "properties": {"city": "dhanbad", "lst_c": 42.74}}, {"type": "Feature", "geometry": {"type": "Point", "coordinates": [86.4248922757499, 23.840164746426954]}, "properties": {"city": "dhanbad", "lst_c": 41.97}}, {"type": "Feature", "geometry": {"type": "Point", "coordinates": [86.42893469452844, 23.840164746426954]}, "properties": {"city": "dhanbad", "lst_c": 41.86}}, {"type": "Feature", "geometry": {"type": "Point", "coordinates": [86.43297711330698, 23.840164746426954]}, "properties": {"city": "dhanbad", "lst_c": 41.35}}, {"type": "Feature", "geometry": {"type": "Point", "coordinates": [86.43701953208551, 23.840164746426954]}, "properties": {"city": "dhanbad", "lst_c": 42.64}}, {"type": "Feature", "geometry": {"type": "Point", "coordinates": [86.44106195086405, 23.840164746426954]}, "properties": {"city": "dhanbad", "lst_c": 42.05}}, {"type": "Feature", "geometry": {"type": "Point", "coordinates": [86.44510436964259, 23.840164746426954]}, "properties": {"city": "dhanbad", "lst_c": 42.76}}, {"type": "Feature", "geometry": {"type": "Point", "coordinates": [86.44914678842113, 23.840164746426954]}, "properties": {"city": "dhanbad", "lst_c": 43.21}}, {"type": "Feature", "geometry": {"type": "Point", "coordinates": [86.45318920719966, 23.840164746426954]}, "properties": {"city": "dhanbad", "lst_c": 41.8}}, {"type": "Feature", "geometry": {"type": "Point", "coordinates": [86.4572316259782, 23.840164746426954]}, "properties": {"city": "dhanbad", "lst_c": 42.9}}, {"type": "Feature", "geometry": {"type": "Point", "coordinates": [86.46127404475673, 23.840164746426954]}, "properties": {"city": "dhanbad", "lst_c": 42.87}}, {"type": "Feature", "geometry": {"type": "Point", "coordinates": [86.46531646353527, 23.840164746426954]}, "properties": {"city": "dhanbad", "lst_c": 41.99}}, {"type": "Feature", "geometry": {"type": "Point", "coordinates": [86.46935888231381, 23.840164746426954]}, "properties": {"city": "dhanbad", "lst_c": 44.26}}, {"type": "Feature", "geometry": {"type": "Point", "coordinates": [86.47340130109235, 23.840164746426954]}, "properties": {"city": "dhanbad", "lst_c": 43.17}}, {"type": "Feature", "geometry": {"type": "Point", "coordinates": [86.47744371987089, 23.840164746426954]}, "properties": {"city": "dhanbad", "lst_c": 41.71}}, {"type": "Feature", "geometry": {"type": "Point", "coordinates": [86.48148613864943, 23.840164746426954]}, "properties": {"city": "dhanbad", "lst_c": 43.53}}, {"type": "Feature", "geometry": {"type": "Point", "coordinates": [86.48552855742797, 23.840164746426954]}, "properties": {"city": "dhanbad", "lst_c": 43.74}}, {"type": "Feature", "geometry": {"type": "Point", "coordinates": [86.48957097620651, 23.840164746426954]}, "properties": {"city": "dhanbad", "lst_c": 41.54}}, {"type": "Feature", "geometry": {"type": "Point", "coordinates": [86.49361339498505, 23.840164746426954]}, "properties": {"city": "dhanbad", "lst_c": 42.41}}, {"type": "Feature", "geometry": {"type": "Point", "coordinates": [86.49765581376359, 23.840164746426954]}, "properties": {"city": "dhanbad", "lst_c": 42.32}}, {"type": "Feature", "geometry": {"type": "Point", "coordinates": [86.50169823254211, 23.840164746426954]}, "properties": {"city": "dhanbad", "lst_c": 40.95}}, {"type": "Feature", "geometry": {"type": "Point", "coordinates": [86.50574065132065, 23.840164746426954]}, "properties": {"city": "dhanbad", "lst_c": 39.81}}, {"type": "Feature", "geometry": {"type": "Point", "coordinates": [86.50978307009919, 23.840164746426954]}, "properties": {"city": "dhanbad", "lst_c": 41.84}}, {"type": "Feature", "geometry": {"type": "Point", "coordinates": [86.51382548887773, 23.840164746426954]}, "properties": {"city": "dhanbad", "lst_c": 41.87}}, {"type": "Feature", "geometry": {"type": "Point", "coordinates": [86.51786790765627, 23.840164746426954]}, "properties": {"city": "dhanbad", "lst_c": 41.2}}, {"type": "Feature", "geometry": {"type": "Point", "coordinates": [86.5219103264348, 23.840164746426954]}, "properties": {"city": "dhanbad", "lst_c": 41.31}}, {"type": "Feature", "geometry": {"type": "Point", "coordinates": [86.52595274521335, 23.840164746426954]}, "properties": {"city": "dhanbad", "lst_c": 40.56}}, {"type": "Feature", "geometry": {"type": "Point", "coordinates": [86.52999516399188, 23.840164746426954]}, "properties": {"city": "dhanbad", "lst_c": 41.62}}, {"type": "Feature", "geometry": {"type": "Point", "coordinates": [86.53403758277042, 23.840164746426954]}, "properties": {"city": "dhanbad", "lst_c": 42.18}}, {"type": "Feature", "geometry": {"type": "Point", "coordinates": [86.53808000154896, 23.840164746426954]}, "properties": {"city": "dhanbad", "lst_c": 41.21}}, {"type": "Feature", "geometry": {"type": "Point", "coordinates": [86.5421224203275, 23.840164746426954]}, "properties": {"city": "dhanbad", "lst_c": 40.79}}, {"type": "Feature", "geometry": {"type": "Point", "coordinates": [86.54616483910603, 23.840164746426954]}, "properties": {"city": "dhanbad", "lst_c": 42.16}}, {"type": "Feature", "geometry": {"type": "Point", "coordinates": [86.30361971239377, 23.84420716520549]}, "properties": {"city": "dhanbad", "lst_c": 40.94}}, {"type": "Feature", "geometry": {"type": "Point", "coordinates": [86.30766213117231, 23.84420716520549]}, "properties": {"city": "dhanbad", "lst_c": 42.36}}, {"type": "Feature", "geometry": {"type": "Point", "coordinates": [86.31170454995083, 23.84420716520549]}, "properties": {"city": "dhanbad", "lst_c": 41.62}}, {"type": "Feature", "geometry": {"type": "Point", "coordinates": [86.31574696872937, 23.84420716520549]}, "properties": {"city": "dhanbad", "lst_c": 41.24}}, {"type": "Feature", "geometry": {"type": "Point", "coordinates": [86.31978938750791, 23.84420716520549]}, "properties": {"city": "dhanbad", "lst_c": 40.8}}, {"type": "Feature", "geometry": {"type": "Point", "coordinates": [86.32383180628645, 23.84420716520549]}, "properties": {"city": "dhanbad", "lst_c": 43.49}}, {"type": "Feature", "geometry": {"type": "Point", "coordinates": [86.32787422506499, 23.84420716520549]}, "properties": {"city": "dhanbad", "lst_c": 42.45}}, {"type": "Feature", "geometry": {"type": "Point", "coordinates": [86.33191664384353, 23.84420716520549]}, "properties": {"city": "dhanbad", "lst_c": 43.06}}, {"type": "Feature", "geometry": {"type": "Point", "coordinates": [86.33595906262207, 23.84420716520549]}, "properties": {"city": "dhanbad", "lst_c": 43.82}}, {"type": "Feature", "geometry": {"type": "Point", "coordinates": [86.3400014814006, 23.84420716520549]}, "properties": {"city": "dhanbad", "lst_c": 45.17}}, {"type": "Feature", "geometry": {"type": "Point", "coordinates": [86.34404390017914, 23.84420716520549]}, "properties": {"city": "dhanbad", "lst_c": 45.84}}, {"type": "Feature", "geometry": {"type": "Point", "coordinates": [86.34808631895768, 23.84420716520549]}, "properties": {"city": "dhanbad", "lst_c": 43.94}}, {"type": "Feature", "geometry": {"type": "Point", "coordinates": [86.35212873773622, 23.84420716520549]}, "properties": {"city": "dhanbad", "lst_c": 42.83}}, {"type": "Feature", "geometry": {"type": "Point", "coordinates": [86.35617115651476, 23.84420716520549]}, "properties": {"city": "dhanbad", "lst_c": 43.61}}, {"type": "Feature", "geometry": {"type": "Point", "coordinates": [86.36021357529329, 23.84420716520549]}, "properties": {"city": "dhanbad", "lst_c": 42.49}}, {"type": "Feature", "geometry": {"type": "Point", "coordinates": [86.36425599407183, 23.84420716520549]}, "properties": {"city": "dhanbad", "lst_c": 42.75}}, {"type": "Feature", "geometry": {"type": "Point", "coordinates": [86.36829841285036, 23.84420716520549]}, "properties": {"city": "dhanbad", "lst_c": 43.09}}, {"type": "Feature", "geometry": {"type": "Point", "coordinates": [86.3723408316289, 23.84420716520549]}, "properties": {"city": "dhanbad", "lst_c": 43.63}}, {"type": "Feature", "geometry": {"type": "Point", "coordinates": [86.37638325040744, 23.84420716520549]}, "properties": {"city": "dhanbad", "lst_c": 43.15}}, {"type": "Feature", "geometry": {"type": "Point", "coordinates": [86.38042566918598, 23.84420716520549]}, "properties": {"city": "dhanbad", "lst_c": 43.71}}, {"type": "Feature", "geometry": {"type": "Point", "coordinates": [86.38446808796452, 23.84420716520549]}, "properties": {"city": "dhanbad", "lst_c": 43.43}}, {"type": "Feature", "geometry": {"type": "Point", "coordinates": [86.38851050674306, 23.84420716520549]}, "properties": {"city": "dhanbad", "lst_c": 42.53}}, {"type": "Feature", "geometry": {"type": "Point", "coordinates": [86.3925529255216, 23.84420716520549]}, "properties": {"city": "dhanbad", "lst_c": 41.92}}, {"type": "Feature", "geometry": {"type": "Point", "coordinates": [86.39659534430014, 23.84420716520549]}, "properties": {"city": "dhanbad", "lst_c": 41.76}}, {"type": "Feature", "geometry": {"type": "Point", "coordinates": [86.40063776307868, 23.84420716520549]}, "properties": {"city": "dhanbad", "lst_c": 43.67}}, {"type": "Feature", "geometry": {"type": "Point", "coordinates": [86.4046801818572, 23.84420716520549]}, "properties": {"city": "dhanbad", "lst_c": 45.39}}, {"type": "Feature", "geometry": {"type": "Point", "coordinates": [86.40872260063574, 23.84420716520549]}, "properties": {"city": "dhanbad", "lst_c": 42.66}}, {"type": "Feature", "geometry": {"type": "Point", "coordinates": [86.41276501941428, 23.84420716520549]}, "properties": {"city": "dhanbad", "lst_c": 44.89}}, {"type": "Feature", "geometry": {"type": "Point", "coordinates": [86.41680743819282, 23.84420716520549]}, "properties": {"city": "dhanbad", "lst_c": 44.83}}, {"type": "Feature", "geometry": {"type": "Point", "coordinates": [86.42084985697136, 23.84420716520549]}, "properties": {"city": "dhanbad", "lst_c": 44.51}}, {"type": "Feature", "geometry": {"type": "Point", "coordinates": [86.4248922757499, 23.84420716520549]}, "properties": {"city": "dhanbad", "lst_c": 43.06}}, {"type": "Feature", "geometry": {"type": "Point", "coordinates": [86.42893469452844, 23.84420716520549]}, "properties": {"city": "dhanbad", "lst_c": 41.97}}, {"type": "Feature", "geometry": {"type": "Point", "coordinates": [86.43297711330698, 23.84420716520549]}, "properties": {"city": "dhanbad", "lst_c": 42.14}}, {"type": "Feature", "geometry": {"type": "Point", "coordinates": [86.43701953208551, 23.84420716520549]}, "properties": {"city": "dhanbad", "lst_c": 41.41}}, {"type": "Feature", "geometry": {"type": "Point", "coordinates": [86.44106195086405, 23.84420716520549]}, "properties": {"city": "dhanbad", "lst_c": 40.41}}, {"type": "Feature", "geometry": {"type": "Point", "coordinates": [86.44510436964259, 23.84420716520549]}, "properties": {"city": "dhanbad", "lst_c": 42.03}}, {"type": "Feature", "geometry": {"type": "Point", "coordinates": [86.44914678842113, 23.84420716520549]}, "properties": {"city": "dhanbad", "lst_c": 42.09}}, {"type": "Feature", "geometry": {"type": "Point", "coordinates": [86.45318920719966, 23.84420716520549]}, "properties": {"city": "dhanbad", "lst_c": 42.39}}, {"type": "Feature", "geometry": {"type": "Point", "coordinates": [86.4572316259782, 23.84420716520549]}, "properties": {"city": "dhanbad", "lst_c": 43.39}}, {"type": "Feature", "geometry": {"type": "Point", "coordinates": [86.46127404475673, 23.84420716520549]}, "properties": {"city": "dhanbad", "lst_c": 42.04}}, {"type": "Feature", "geometry": {"type": "Point", "coordinates": [86.46531646353527, 23.84420716520549]}, "properties": {"city": "dhanbad", "lst_c": 43.5}}, {"type": "Feature", "geometry": {"type": "Point", "coordinates": [86.46935888231381, 23.84420716520549]}, "properties": {"city": "dhanbad", "lst_c": 42.44}}, {"type": "Feature", "geometry": {"type": "Point", "coordinates": [86.47340130109235, 23.84420716520549]}, "properties": {"city": "dhanbad", "lst_c": 42.26}}, {"type": "Feature", "geometry": {"type": "Point", "coordinates": [86.47744371987089, 23.84420716520549]}, "properties": {"city": "dhanbad", "lst_c": 42.21}}, {"type": "Feature", "geometry": {"type": "Point", "coordinates": [86.48148613864943, 23.84420716520549]}, "properties": {"city": "dhanbad", "lst_c": 43.41}}, {"type": "Feature", "geometry": {"type": "Point", "coordinates": [86.48552855742797, 23.84420716520549]}, "properties": {"city": "dhanbad", "lst_c": 42.48}}, {"type": "Feature", "geometry": {"type": "Point", "coordinates": [86.48957097620651, 23.84420716520549]}, "properties": {"city": "dhanbad", "lst_c": 42.48}}, {"type": "Feature", "geometry": {"type": "Point", "coordinates": [86.49361339498505, 23.84420716520549]}, "properties": {"city": "dhanbad", "lst_c": 41.99}}, {"type": "Feature", "geometry": {"type": "Point", "coordinates": [86.49765581376359, 23.84420716520549]}, "properties": {"city": "dhanbad", "lst_c": 39.78}}, {"type": "Feature", "geometry": {"type": "Point", "coordinates": [86.50169823254211, 23.84420716520549]}, "properties": {"city": "dhanbad", "lst_c": 42.33}}, {"type": "Feature", "geometry": {"type": "Point", "coordinates": [86.50574065132065, 23.84420716520549]}, "properties": {"city": "dhanbad", "lst_c": 40.12}}, {"type": "Feature", "geometry": {"type": "Point", "coordinates": [86.50978307009919, 23.84420716520549]}, "properties": {"city": "dhanbad", "lst_c": 41.12}}, {"type": "Feature", "geometry": {"type": "Point", "coordinates": [86.51382548887773, 23.84420716520549]}, "properties": {"city": "dhanbad", "lst_c": 40.63}}, {"type": "Feature", "geometry": {"type": "Point", "coordinates": [86.51786790765627, 23.84420716520549]}, "properties": {"city": "dhanbad", "lst_c": 43.36}}, {"type": "Feature", "geometry": {"type": "Point", "coordinates": [86.5219103264348, 23.84420716520549]}, "properties": {"city": "dhanbad", "lst_c": 40.82}}, {"type": "Feature", "geometry": {"type": "Point", "coordinates": [86.52595274521335, 23.84420716520549]}, "properties": {"city": "dhanbad", "lst_c": 39.73}}, {"type": "Feature", "geometry": {"type": "Point", "coordinates": [86.52999516399188, 23.84420716520549]}, "properties": {"city": "dhanbad", "lst_c": 40.75}}, {"type": "Feature", "geometry": {"type": "Point", "coordinates": [86.53403758277042, 23.84420716520549]}, "properties": {"city": "dhanbad", "lst_c": 40.46}}, {"type": "Feature", "geometry": {"type": "Point", "coordinates": [86.53808000154896, 23.84420716520549]}, "properties": {"city": "dhanbad", "lst_c": 42.32}}, {"type": "Feature", "geometry": {"type": "Point", "coordinates": [86.5421224203275, 23.84420716520549]}, "properties": {"city": "dhanbad", "lst_c": 43.82}}, {"type": "Feature", "geometry": {"type": "Point", "coordinates": [86.54616483910603, 23.84420716520549]}, "properties": {"city": "dhanbad", "lst_c": 43.13}}, {"type": "Feature", "geometry": {"type": "Point", "coordinates": [86.30361971239377, 23.84824958398403]}, "properties": {"city": "dhanbad", "lst_c": 39.4}}, {"type": "Feature", "geometry": {"type": "Point", "coordinates": [86.30766213117231, 23.84824958398403]}, "properties": {"city": "dhanbad", "lst_c": 42.0}}, {"type": "Feature", "geometry": {"type": "Point", "coordinates": [86.31170454995083, 23.84824958398403]}, "properties": {"city": "dhanbad", "lst_c": 42.41}}, {"type": "Feature", "geometry": {"type": "Point", "coordinates": [86.31574696872937, 23.84824958398403]}, "properties": {"city": "dhanbad", "lst_c": 42.01}}, {"type": "Feature", "geometry": {"type": "Point", "coordinates": [86.31978938750791, 23.84824958398403]}, "properties": {"city": "dhanbad", "lst_c": 43.6}}, {"type": "Feature", "geometry": {"type": "Point", "coordinates": [86.32383180628645, 23.84824958398403]}, "properties": {"city": "dhanbad", "lst_c": 43.7}}, {"type": "Feature", "geometry": {"type": "Point", "coordinates": [86.32787422506499, 23.84824958398403]}, "properties": {"city": "dhanbad", "lst_c": 42.53}}, {"type": "Feature", "geometry": {"type": "Point", "coordinates": [86.33191664384353, 23.84824958398403]}, "properties": {"city": "dhanbad", "lst_c": 43.14}}, {"type": "Feature", "geometry": {"type": "Point", "coordinates": [86.33595906262207, 23.84824958398403]}, "properties": {"city": "dhanbad", "lst_c": 43.12}}, {"type": "Feature", "geometry": {"type": "Point", "coordinates": [86.3400014814006, 23.84824958398403]}, "properties": {"city": "dhanbad", "lst_c": 43.05}}, {"type": "Feature", "geometry": {"type": "Point", "coordinates": [86.34404390017914, 23.84824958398403]}, "properties": {"city": "dhanbad", "lst_c": 43.27}}, {"type": "Feature", "geometry": {"type": "Point", "coordinates": [86.34808631895768, 23.84824958398403]}, "properties": {"city": "dhanbad", "lst_c": 43.28}}, {"type": "Feature", "geometry": {"type": "Point", "coordinates": [86.35212873773622, 23.84824958398403]}, "properties": {"city": "dhanbad", "lst_c": 42.82}}, {"type": "Feature", "geometry": {"type": "Point", "coordinates": [86.35617115651476, 23.84824958398403]}, "properties": {"city": "dhanbad", "lst_c": 43.29}}, {"type": "Feature", "geometry": {"type": "Point", "coordinates": [86.36021357529329, 23.84824958398403]}, "properties": {"city": "dhanbad", "lst_c": 43.67}}, {"type": "Feature", "geometry": {"type": "Point", "coordinates": [86.36425599407183, 23.84824958398403]}, "properties": {"city": "dhanbad", "lst_c": 43.48}}, {"type": "Feature", "geometry": {"type": "Point", "coordinates": [86.36829841285036, 23.84824958398403]}, "properties": {"city": "dhanbad", "lst_c": 45.04}}, {"type": "Feature", "geometry": {"type": "Point", "coordinates": [86.3723408316289, 23.84824958398403]}, "properties": {"city": "dhanbad", "lst_c": 42.94}}, {"type": "Feature", "geometry": {"type": "Point", "coordinates": [86.37638325040744, 23.84824958398403]}, "properties": {"city": "dhanbad", "lst_c": 43.9}}, {"type": "Feature", "geometry": {"type": "Point", "coordinates": [86.38042566918598, 23.84824958398403]}, "properties": {"city": "dhanbad", "lst_c": 44.4}}, {"type": "Feature", "geometry": {"type": "Point", "coordinates": [86.38446808796452, 23.84824958398403]}, "properties": {"city": "dhanbad", "lst_c": 43.52}}, {"type": "Feature", "geometry": {"type": "Point", "coordinates": [86.38851050674306, 23.84824958398403]}, "properties": {"city": "dhanbad", "lst_c": 43.63}}, {"type": "Feature", "geometry": {"type": "Point", "coordinates": [86.3925529255216, 23.84824958398403]}, "properties": {"city": "dhanbad", "lst_c": 44.64}}, {"type": "Feature", "geometry": {"type": "Point", "coordinates": [86.39659534430014, 23.84824958398403]}, "properties": {"city": "dhanbad", "lst_c": 44.02}}, {"type": "Feature", "geometry": {"type": "Point", "coordinates": [86.40063776307868, 23.84824958398403]}, "properties": {"city": "dhanbad", "lst_c": 42.73}}, {"type": "Feature", "geometry": {"type": "Point", "coordinates": [86.4046801818572, 23.84824958398403]}, "properties": {"city": "dhanbad", "lst_c": 44.51}}, {"type": "Feature", "geometry": {"type": "Point", "coordinates": [86.40872260063574, 23.84824958398403]}, "properties": {"city": "dhanbad", "lst_c": 43.35}}, {"type": "Feature", "geometry": {"type": "Point", "coordinates": [86.41276501941428, 23.84824958398403]}, "properties": {"city": "dhanbad", "lst_c": 44.31}}, {"type": "Feature", "geometry": {"type": "Point", "coordinates": [86.41680743819282, 23.84824958398403]}, "properties": {"city": "dhanbad", "lst_c": 43.26}}, {"type": "Feature", "geometry": {"type": "Point", "coordinates": [86.42084985697136, 23.84824958398403]}, "properties": {"city": "dhanbad", "lst_c": 44.24}}, {"type": "Feature", "geometry": {"type": "Point", "coordinates": [86.4248922757499, 23.84824958398403]}, "properties": {"city": "dhanbad", "lst_c": 41.13}}, {"type": "Feature", "geometry": {"type": "Point", "coordinates": [86.42893469452844, 23.84824958398403]}, "properties": {"city": "dhanbad", "lst_c": 42.71}}, {"type": "Feature", "geometry": {"type": "Point", "coordinates": [86.43297711330698, 23.84824958398403]}, "properties": {"city": "dhanbad", "lst_c": 43.86}}, {"type": "Feature", "geometry": {"type": "Point", "coordinates": [86.43701953208551, 23.84824958398403]}, "properties": {"city": "dhanbad", "lst_c": 42.6}}, {"type": "Feature", "geometry": {"type": "Point", "coordinates": [86.44106195086405, 23.84824958398403]}, "properties": {"city": "dhanbad", "lst_c": 42.5}}, {"type": "Feature", "geometry": {"type": "Point", "coordinates": [86.44510436964259, 23.84824958398403]}, "properties": {"city": "dhanbad", "lst_c": 42.22}}, {"type": "Feature", "geometry": {"type": "Point", "coordinates": [86.44914678842113, 23.84824958398403]}, "properties": {"city": "dhanbad", "lst_c": 42.19}}, {"type": "Feature", "geometry": {"type": "Point", "coordinates": [86.45318920719966, 23.84824958398403]}, "properties": {"city": "dhanbad", "lst_c": 42.77}}, {"type": "Feature", "geometry": {"type": "Point", "coordinates": [86.4572316259782, 23.84824958398403]}, "properties": {"city": "dhanbad", "lst_c": 43.01}}, {"type": "Feature", "geometry": {"type": "Point", "coordinates": [86.46127404475673, 23.84824958398403]}, "properties": {"city": "dhanbad", "lst_c": 41.56}}, {"type": "Feature", "geometry": {"type": "Point", "coordinates": [86.46531646353527, 23.84824958398403]}, "properties": {"city": "dhanbad", "lst_c": 41.12}}, {"type": "Feature", "geometry": {"type": "Point", "coordinates": [86.46935888231381, 23.84824958398403]}, "properties": {"city": "dhanbad", "lst_c": 42.02}}, {"type": "Feature", "geometry": {"type": "Point", "coordinates": [86.47340130109235, 23.84824958398403]}, "properties": {"city": "dhanbad", "lst_c": 43.23}}, {"type": "Feature", "geometry": {"type": "Point", "coordinates": [86.47744371987089, 23.84824958398403]}, "properties": {"city": "dhanbad", "lst_c": 43.3}}, {"type": "Feature", "geometry": {"type": "Point", "coordinates": [86.48148613864943, 23.84824958398403]}, "properties": {"city": "dhanbad", "lst_c": 43.28}}, {"type": "Feature", "geometry": {"type": "Point", "coordinates": [86.48552855742797, 23.84824958398403]}, "properties": {"city": "dhanbad", "lst_c": 42.7}}, {"type": "Feature", "geometry": {"type": "Point", "coordinates": [86.48957097620651, 23.84824958398403]}, "properties": {"city": "dhanbad", "lst_c": 44.11}}, {"type": "Feature", "geometry": {"type": "Point", "coordinates": [86.49361339498505, 23.84824958398403]}, "properties": {"city": "dhanbad", "lst_c": 42.56}}, {"type": "Feature", "geometry": {"type": "Point", "coordinates": [86.49765581376359, 23.84824958398403]}, "properties": {"city": "dhanbad", "lst_c": 42.03}}, {"type": "Feature", "geometry": {"type": "Point", "coordinates": [86.50169823254211, 23.84824958398403]}, "properties": {"city": "dhanbad", "lst_c": 42.31}}, {"type": "Feature", "geometry": {"type": "Point", "coordinates": [86.50574065132065, 23.84824958398403]}, "properties": {"city": "dhanbad", "lst_c": 41.15}}, {"type": "Feature", "geometry": {"type": "Point", "coordinates": [86.50978307009919, 23.84824958398403]}, "properties": {"city": "dhanbad", "lst_c": 42.04}}, {"type": "Feature", "geometry": {"type": "Point", "coordinates": [86.51382548887773, 23.84824958398403]}, "properties": {"city": "dhanbad", "lst_c": 41.41}}, {"type": "Feature", "geometry": {"type": "Point", "coordinates": [86.51786790765627, 23.84824958398403]}, "properties": {"city": "dhanbad", "lst_c": 41.09}}, {"type": "Feature", "geometry": {"type": "Point", "coordinates": [86.5219103264348, 23.84824958398403]}, "properties": {"city": "dhanbad", "lst_c": 40.92}}, {"type": "Feature", "geometry": {"type": "Point", "coordinates": [86.52595274521335, 23.84824958398403]}, "properties": {"city": "dhanbad", "lst_c": 40.16}}, {"type": "Feature", "geometry": {"type": "Point", "coordinates": [86.52999516399188, 23.84824958398403]}, "properties": {"city": "dhanbad", "lst_c": 42.14}}, {"type": "Feature", "geometry": {"type": "Point", "coordinates": [86.53403758277042, 23.84824958398403]}, "properties": {"city": "dhanbad", "lst_c": 42.18}}, {"type": "Feature", "geometry": {"type": "Point", "coordinates": [86.53808000154896, 23.84824958398403]}, "properties": {"city": "dhanbad", "lst_c": 44.45}}, {"type": "Feature", "geometry": {"type": "Point", "coordinates": [86.5421224203275, 23.84824958398403]}, "properties": {"city": "dhanbad", "lst_c": 43.28}}, {"type": "Feature", "geometry": {"type": "Point", "coordinates": [86.54616483910603, 23.84824958398403]}, "properties": {"city": "dhanbad", "lst_c": 43.38}}, {"type": "Feature", "geometry": {"type": "Point", "coordinates": [86.30361971239377, 23.852292002762567]}, "properties": {"city": "dhanbad", "lst_c": 40.4}}, {"type": "Feature", "geometry": {"type": "Point", "coordinates": [86.30766213117231, 23.852292002762567]}, "properties": {"city": "dhanbad", "lst_c": 42.15}}, {"type": "Feature", "geometry": {"type": "Point", "coordinates": [86.31170454995083, 23.852292002762567]}, "properties": {"city": "dhanbad", "lst_c": 41.91}}, {"type": "Feature", "geometry": {"type": "Point", "coordinates": [86.31574696872937, 23.852292002762567]}, "properties": {"city": "dhanbad", "lst_c": 42.39}}, {"type": "Feature", "geometry": {"type": "Point", "coordinates": [86.31978938750791, 23.852292002762567]}, "properties": {"city": "dhanbad", "lst_c": 41.3}}, {"type": "Feature", "geometry": {"type": "Point", "coordinates": [86.32383180628645, 23.852292002762567]}, "properties": {"city": "dhanbad", "lst_c": 42.33}}, {"type": "Feature", "geometry": {"type": "Point", "coordinates": [86.32787422506499, 23.852292002762567]}, "properties": {"city": "dhanbad", "lst_c": 41.75}}, {"type": "Feature", "geometry": {"type": "Point", "coordinates": [86.33191664384353, 23.852292002762567]}, "properties": {"city": "dhanbad", "lst_c": 40.91}}, {"type": "Feature", "geometry": {"type": "Point", "coordinates": [86.33595906262207, 23.852292002762567]}, "properties": {"city": "dhanbad", "lst_c": 41.31}}, {"type": "Feature", "geometry": {"type": "Point", "coordinates": [86.3400014814006, 23.852292002762567]}, "properties": {"city": "dhanbad", "lst_c": 41.97}}, {"type": "Feature", "geometry": {"type": "Point", "coordinates": [86.34404390017914, 23.852292002762567]}, "properties": {"city": "dhanbad", "lst_c": 43.11}}, {"type": "Feature", "geometry": {"type": "Point", "coordinates": [86.34808631895768, 23.852292002762567]}, "properties": {"city": "dhanbad", "lst_c": 42.87}}, {"type": "Feature", "geometry": {"type": "Point", "coordinates": [86.35212873773622, 23.852292002762567]}, "properties": {"city": "dhanbad", "lst_c": 43.38}}, {"type": "Feature", "geometry": {"type": "Point", "coordinates": [86.35617115651476, 23.852292002762567]}, "properties": {"city": "dhanbad", "lst_c": 43.54}}, {"type": "Feature", "geometry": {"type": "Point", "coordinates": [86.36021357529329, 23.852292002762567]}, "properties": {"city": "dhanbad", "lst_c": 43.79}}, {"type": "Feature", "geometry": {"type": "Point", "coordinates": [86.36425599407183, 23.852292002762567]}, "properties": {"city": "dhanbad", "lst_c": 45.06}}, {"type": "Feature", "geometry": {"type": "Point", "coordinates": [86.36829841285036, 23.852292002762567]}, "properties": {"city": "dhanbad", "lst_c": 44.49}}, {"type": "Feature", "geometry": {"type": "Point", "coordinates": [86.3723408316289, 23.852292002762567]}, "properties": {"city": "dhanbad", "lst_c": 41.87}}, {"type": "Feature", "geometry": {"type": "Point", "coordinates": [86.37638325040744, 23.852292002762567]}, "properties": {"city": "dhanbad", "lst_c": 40.09}}, {"type": "Feature", "geometry": {"type": "Point", "coordinates": [86.38042566918598, 23.852292002762567]}, "properties": {"city": "dhanbad", "lst_c": 42.13}}, {"type": "Feature", "geometry": {"type": "Point", "coordinates": [86.38446808796452, 23.852292002762567]}, "properties": {"city": "dhanbad", "lst_c": 43.18}}, {"type": "Feature", "geometry": {"type": "Point", "coordinates": [86.38851050674306, 23.852292002762567]}, "properties": {"city": "dhanbad", "lst_c": 43.22}}, {"type": "Feature", "geometry": {"type": "Point", "coordinates": [86.3925529255216, 23.852292002762567]}, "properties": {"city": "dhanbad", "lst_c": 42.31}}, {"type": "Feature", "geometry": {"type": "Point", "coordinates": [86.39659534430014, 23.852292002762567]}, "properties": {"city": "dhanbad", "lst_c": 41.42}}, {"type": "Feature", "geometry": {"type": "Point", "coordinates": [86.40063776307868, 23.852292002762567]}, "properties": {"city": "dhanbad", "lst_c": 41.8}}, {"type": "Feature", "geometry": {"type": "Point", "coordinates": [86.4046801818572, 23.852292002762567]}, "properties": {"city": "dhanbad", "lst_c": 43.86}}, {"type": "Feature", "geometry": {"type": "Point", "coordinates": [86.40872260063574, 23.852292002762567]}, "properties": {"city": "dhanbad", "lst_c": 42.22}}, {"type": "Feature", "geometry": {"type": "Point", "coordinates": [86.41276501941428, 23.852292002762567]}, "properties": {"city": "dhanbad", "lst_c": 42.01}}, {"type": "Feature", "geometry": {"type": "Point", "coordinates": [86.41680743819282, 23.852292002762567]}, "properties": {"city": "dhanbad", "lst_c": 41.63}}, {"type": "Feature", "geometry": {"type": "Point", "coordinates": [86.42084985697136, 23.852292002762567]}, "properties": {"city": "dhanbad", "lst_c": 41.21}}, {"type": "Feature", "geometry": {"type": "Point", "coordinates": [86.4248922757499, 23.852292002762567]}, "properties": {"city": "dhanbad", "lst_c": 42.65}}, {"type": "Feature", "geometry": {"type": "Point", "coordinates": [86.42893469452844, 23.852292002762567]}, "properties": {"city": "dhanbad", "lst_c": 41.64}}, {"type": "Feature", "geometry": {"type": "Point", "coordinates": [86.43297711330698, 23.852292002762567]}, "properties": {"city": "dhanbad", "lst_c": 43.8}}, {"type": "Feature", "geometry": {"type": "Point", "coordinates": [86.43701953208551, 23.852292002762567]}, "properties": {"city": "dhanbad", "lst_c": 43.16}}, {"type": "Feature", "geometry": {"type": "Point", "coordinates": [86.44106195086405, 23.852292002762567]}, "properties": {"city": "dhanbad", "lst_c": 43.28}}, {"type": "Feature", "geometry": {"type": "Point", "coordinates": [86.44510436964259, 23.852292002762567]}, "properties": {"city": "dhanbad", "lst_c": 42.37}}, {"type": "Feature", "geometry": {"type": "Point", "coordinates": [86.44914678842113, 23.852292002762567]}, "properties": {"city": "dhanbad", "lst_c": 42.7}}, {"type": "Feature", "geometry": {"type": "Point", "coordinates": [86.45318920719966, 23.852292002762567]}, "properties": {"city": "dhanbad", "lst_c": 41.61}}, {"type": "Feature", "geometry": {"type": "Point", "coordinates": [86.4572316259782, 23.852292002762567]}, "properties": {"city": "dhanbad", "lst_c": 43.29}}, {"type": "Feature", "geometry": {"type": "Point", "coordinates": [86.46127404475673, 23.852292002762567]}, "properties": {"city": "dhanbad", "lst_c": 42.55}}, {"type": "Feature", "geometry": {"type": "Point", "coordinates": [86.46531646353527, 23.852292002762567]}, "properties": {"city": "dhanbad", "lst_c": 41.87}}, {"type": "Feature", "geometry": {"type": "Point", "coordinates": [86.46935888231381, 23.852292002762567]}, "properties": {"city": "dhanbad", "lst_c": 40.83}}, {"type": "Feature", "geometry": {"type": "Point", "coordinates": [86.47340130109235, 23.852292002762567]}, "properties": {"city": "dhanbad", "lst_c": 42.89}}, {"type": "Feature", "geometry": {"type": "Point", "coordinates": [86.47744371987089, 23.852292002762567]}, "properties": {"city": "dhanbad", "lst_c": 41.96}}, {"type": "Feature", "geometry": {"type": "Point", "coordinates": [86.48148613864943, 23.852292002762567]}, "properties": {"city": "dhanbad", "lst_c": 41.91}}, {"type": "Feature", "geometry": {"type": "Point", "coordinates": [86.48552855742797, 23.852292002762567]}, "properties": {"city": "dhanbad", "lst_c": 42.17}}, {"type": "Feature", "geometry": {"type": "Point", "coordinates": [86.48957097620651, 23.852292002762567]}, "properties": {"city": "dhanbad", "lst_c": 42.53}}, {"type": "Feature", "geometry": {"type": "Point", "coordinates": [86.49361339498505, 23.852292002762567]}, "properties": {"city": "dhanbad", "lst_c": 42.25}}, {"type": "Feature", "geometry": {"type": "Point", "coordinates": [86.49765581376359, 23.852292002762567]}, "properties": {"city": "dhanbad", "lst_c": 42.47}}, {"type": "Feature", "geometry": {"type": "Point", "coordinates": [86.50169823254211, 23.852292002762567]}, "properties": {"city": "dhanbad", "lst_c": 42.6}}, {"type": "Feature", "geometry": {"type": "Point", "coordinates": [86.50574065132065, 23.852292002762567]}, "properties": {"city": "dhanbad", "lst_c": 43.18}}, {"type": "Feature", "geometry": {"type": "Point", "coordinates": [86.50978307009919, 23.852292002762567]}, "properties": {"city": "dhanbad", "lst_c": 43.05}}, {"type": "Feature", "geometry": {"type": "Point", "coordinates": [86.51382548887773, 23.852292002762567]}, "properties": {"city": "dhanbad", "lst_c": 42.56}}, {"type": "Feature", "geometry": {"type": "Point", "coordinates": [86.51786790765627, 23.852292002762567]}, "properties": {"city": "dhanbad", "lst_c": 40.68}}, {"type": "Feature", "geometry": {"type": "Point", "coordinates": [86.5219103264348, 23.852292002762567]}, "properties": {"city": "dhanbad", "lst_c": 42.68}}, {"type": "Feature", "geometry": {"type": "Point", "coordinates": [86.52595274521335, 23.852292002762567]}, "properties": {"city": "dhanbad", "lst_c": 41.99}}, {"type": "Feature", "geometry": {"type": "Point", "coordinates": [86.52999516399188, 23.852292002762567]}, "properties": {"city": "dhanbad", "lst_c": 42.64}}, {"type": "Feature", "geometry": {"type": "Point", "coordinates": [86.53403758277042, 23.852292002762567]}, "properties": {"city": "dhanbad", "lst_c": 43.07}}, {"type": "Feature", "geometry": {"type": "Point", "coordinates": [86.53808000154896, 23.852292002762567]}, "properties": {"city": "dhanbad", "lst_c": 42.72}}, {"type": "Feature", "geometry": {"type": "Point", "coordinates": [86.5421224203275, 23.852292002762567]}, "properties": {"city": "dhanbad", "lst_c": 43.48}}, {"type": "Feature", "geometry": {"type": "Point", "coordinates": [86.54616483910603, 23.852292002762567]}, "properties": {"city": "dhanbad", "lst_c": 44.21}}, {"type": "Feature", "geometry": {"type": "Point", "coordinates": [86.30361971239377, 23.856334421541103]}, "properties": {"city": "dhanbad", "lst_c": 42.46}}, {"type": "Feature", "geometry": {"type": "Point", "coordinates": [86.30766213117231, 23.856334421541103]}, "properties": {"city": "dhanbad", "lst_c": 41.9}}, {"type": "Feature", "geometry": {"type": "Point", "coordinates": [86.31170454995083, 23.856334421541103]}, "properties": {"city": "dhanbad", "lst_c": 41.27}}, {"type": "Feature", "geometry": {"type": "Point", "coordinates": [86.31574696872937, 23.856334421541103]}, "properties": {"city": "dhanbad", "lst_c": 41.22}}, {"type": "Feature", "geometry": {"type": "Point", "coordinates": [86.31978938750791, 23.856334421541103]}, "properties": {"city": "dhanbad", "lst_c": 40.87}}, {"type": "Feature", "geometry": {"type": "Point", "coordinates": [86.32383180628645, 23.856334421541103]}, "properties": {"city": "dhanbad", "lst_c": 43.04}}, {"type": "Feature", "geometry": {"type": "Point", "coordinates": [86.32787422506499, 23.856334421541103]}, "properties": {"city": "dhanbad", "lst_c": 42.38}}, {"type": "Feature", "geometry": {"type": "Point", "coordinates": [86.33191664384353, 23.856334421541103]}, "properties": {"city": "dhanbad", "lst_c": 42.34}}, {"type": "Feature", "geometry": {"type": "Point", "coordinates": [86.33595906262207, 23.856334421541103]}, "properties": {"city": "dhanbad", "lst_c": 42.78}}, {"type": "Feature", "geometry": {"type": "Point", "coordinates": [86.3400014814006, 23.856334421541103]}, "properties": {"city": "dhanbad", "lst_c": 43.04}}, {"type": "Feature", "geometry": {"type": "Point", "coordinates": [86.34404390017914, 23.856334421541103]}, "properties": {"city": "dhanbad", "lst_c": 42.32}}, {"type": "Feature", "geometry": {"type": "Point", "coordinates": [86.34808631895768, 23.856334421541103]}, "properties": {"city": "dhanbad", "lst_c": 43.57}}, {"type": "Feature", "geometry": {"type": "Point", "coordinates": [86.35212873773622, 23.856334421541103]}, "properties": {"city": "dhanbad", "lst_c": 43.51}}, {"type": "Feature", "geometry": {"type": "Point", "coordinates": [86.35617115651476, 23.856334421541103]}, "properties": {"city": "dhanbad", "lst_c": 43.79}}, {"type": "Feature", "geometry": {"type": "Point", "coordinates": [86.36021357529329, 23.856334421541103]}, "properties": {"city": "dhanbad", "lst_c": 43.41}}, {"type": "Feature", "geometry": {"type": "Point", "coordinates": [86.36425599407183, 23.856334421541103]}, "properties": {"city": "dhanbad", "lst_c": 42.42}}, {"type": "Feature", "geometry": {"type": "Point", "coordinates": [86.36829841285036, 23.856334421541103]}, "properties": {"city": "dhanbad", "lst_c": 40.91}}, {"type": "Feature", "geometry": {"type": "Point", "coordinates": [86.3723408316289, 23.856334421541103]}, "properties": {"city": "dhanbad", "lst_c": 41.42}}, {"type": "Feature", "geometry": {"type": "Point", "coordinates": [86.37638325040744, 23.856334421541103]}, "properties": {"city": "dhanbad", "lst_c": 42.55}}, {"type": "Feature", "geometry": {"type": "Point", "coordinates": [86.38042566918598, 23.856334421541103]}, "properties": {"city": "dhanbad", "lst_c": 41.96}}, {"type": "Feature", "geometry": {"type": "Point", "coordinates": [86.38446808796452, 23.856334421541103]}, "properties": {"city": "dhanbad", "lst_c": 42.48}}, {"type": "Feature", "geometry": {"type": "Point", "coordinates": [86.38851050674306, 23.856334421541103]}, "properties": {"city": "dhanbad", "lst_c": 43.31}}, {"type": "Feature", "geometry": {"type": "Point", "coordinates": [86.3925529255216, 23.856334421541103]}, "properties": {"city": "dhanbad", "lst_c": 43.18}}, {"type": "Feature", "geometry": {"type": "Point", "coordinates": [86.39659534430014, 23.856334421541103]}, "properties": {"city": "dhanbad", "lst_c": 42.35}}, {"type": "Feature", "geometry": {"type": "Point", "coordinates": [86.40063776307868, 23.856334421541103]}, "properties": {"city": "dhanbad", "lst_c": 43.04}}, {"type": "Feature", "geometry": {"type": "Point", "coordinates": [86.4046801818572, 23.856334421541103]}, "properties": {"city": "dhanbad", "lst_c": 43.03}}, {"type": "Feature", "geometry": {"type": "Point", "coordinates": [86.40872260063574, 23.856334421541103]}, "properties": {"city": "dhanbad", "lst_c": 43.22}}, {"type": "Feature", "geometry": {"type": "Point", "coordinates": [86.41276501941428, 23.856334421541103]}, "properties": {"city": "dhanbad", "lst_c": 41.74}}, {"type": "Feature", "geometry": {"type": "Point", "coordinates": [86.41680743819282, 23.856334421541103]}, "properties": {"city": "dhanbad", "lst_c": 42.54}}, {"type": "Feature", "geometry": {"type": "Point", "coordinates": [86.42084985697136, 23.856334421541103]}, "properties": {"city": "dhanbad", "lst_c": 41.65}}, {"type": "Feature", "geometry": {"type": "Point", "coordinates": [86.4248922757499, 23.856334421541103]}, "properties": {"city": "dhanbad", "lst_c": 42.41}}, {"type": "Feature", "geometry": {"type": "Point", "coordinates": [86.42893469452844, 23.856334421541103]}, "properties": {"city": "dhanbad", "lst_c": 41.79}}, {"type": "Feature", "geometry": {"type": "Point", "coordinates": [86.43297711330698, 23.856334421541103]}, "properties": {"city": "dhanbad", "lst_c": 42.49}}, {"type": "Feature", "geometry": {"type": "Point", "coordinates": [86.43701953208551, 23.856334421541103]}, "properties": {"city": "dhanbad", "lst_c": 43.7}}, {"type": "Feature", "geometry": {"type": "Point", "coordinates": [86.44106195086405, 23.856334421541103]}, "properties": {"city": "dhanbad", "lst_c": 42.66}}, {"type": "Feature", "geometry": {"type": "Point", "coordinates": [86.44510436964259, 23.856334421541103]}, "properties": {"city": "dhanbad", "lst_c": 42.84}}, {"type": "Feature", "geometry": {"type": "Point", "coordinates": [86.44914678842113, 23.856334421541103]}, "properties": {"city": "dhanbad", "lst_c": 43.34}}, {"type": "Feature", "geometry": {"type": "Point", "coordinates": [86.45318920719966, 23.856334421541103]}, "properties": {"city": "dhanbad", "lst_c": 42.45}}, {"type": "Feature", "geometry": {"type": "Point", "coordinates": [86.4572316259782, 23.856334421541103]}, "properties": {"city": "dhanbad", "lst_c": 41.4}}, {"type": "Feature", "geometry": {"type": "Point", "coordinates": [86.46127404475673, 23.856334421541103]}, "properties": {"city": "dhanbad", "lst_c": 42.95}}, {"type": "Feature", "geometry": {"type": "Point", "coordinates": [86.46531646353527, 23.856334421541103]}, "properties": {"city": "dhanbad", "lst_c": 42.47}}, {"type": "Feature", "geometry": {"type": "Point", "coordinates": [86.46935888231381, 23.856334421541103]}, "properties": {"city": "dhanbad", "lst_c": 41.9}}, {"type": "Feature", "geometry": {"type": "Point", "coordinates": [86.47340130109235, 23.856334421541103]}, "properties": {"city": "dhanbad", "lst_c": 41.25}}, {"type": "Feature", "geometry": {"type": "Point", "coordinates": [86.47744371987089, 23.856334421541103]}, "properties": {"city": "dhanbad", "lst_c": 41.84}}, {"type": "Feature", "geometry": {"type": "Point", "coordinates": [86.48148613864943, 23.856334421541103]}, "properties": {"city": "dhanbad", "lst_c": 42.41}}, {"type": "Feature", "geometry": {"type": "Point", "coordinates": [86.48552855742797, 23.856334421541103]}, "properties": {"city": "dhanbad", "lst_c": 41.93}}, {"type": "Feature", "geometry": {"type": "Point", "coordinates": [86.48957097620651, 23.856334421541103]}, "properties": {"city": "dhanbad", "lst_c": 43.17}}, {"type": "Feature", "geometry": {"type": "Point", "coordinates": [86.49361339498505, 23.856334421541103]}, "properties": {"city": "dhanbad", "lst_c": 41.88}}, {"type": "Feature", "geometry": {"type": "Point", "coordinates": [86.49765581376359, 23.856334421541103]}, "properties": {"city": "dhanbad", "lst_c": 41.36}}, {"type": "Feature", "geometry": {"type": "Point", "coordinates": [86.50169823254211, 23.856334421541103]}, "properties": {"city": "dhanbad", "lst_c": 41.81}}, {"type": "Feature", "geometry": {"type": "Point", "coordinates": [86.50574065132065, 23.856334421541103]}, "properties": {"city": "dhanbad", "lst_c": 42.16}}, {"type": "Feature", "geometry": {"type": "Point", "coordinates": [86.50978307009919, 23.856334421541103]}, "properties": {"city": "dhanbad", "lst_c": 41.62}}, {"type": "Feature", "geometry": {"type": "Point", "coordinates": [86.51382548887773, 23.856334421541103]}, "properties": {"city": "dhanbad", "lst_c": 41.95}}, {"type": "Feature", "geometry": {"type": "Point", "coordinates": [86.51786790765627, 23.856334421541103]}, "properties": {"city": "dhanbad", "lst_c": 41.69}}, {"type": "Feature", "geometry": {"type": "Point", "coordinates": [86.5219103264348, 23.856334421541103]}, "properties": {"city": "dhanbad", "lst_c": 43.0}}, {"type": "Feature", "geometry": {"type": "Point", "coordinates": [86.52595274521335, 23.856334421541103]}, "properties": {"city": "dhanbad", "lst_c": 42.71}}, {"type": "Feature", "geometry": {"type": "Point", "coordinates": [86.52999516399188, 23.856334421541103]}, "properties": {"city": "dhanbad", "lst_c": 43.65}}, {"type": "Feature", "geometry": {"type": "Point", "coordinates": [86.53403758277042, 23.856334421541103]}, "properties": {"city": "dhanbad", "lst_c": 45.08}}, {"type": "Feature", "geometry": {"type": "Point", "coordinates": [86.53808000154896, 23.856334421541103]}, "properties": {"city": "dhanbad", "lst_c": 46.44}}, {"type": "Feature", "geometry": {"type": "Point", "coordinates": [86.5421224203275, 23.856334421541103]}, "properties": {"city": "dhanbad", "lst_c": 45.6}}, {"type": "Feature", "geometry": {"type": "Point", "coordinates": [86.54616483910603, 23.856334421541103]}, "properties": {"city": "dhanbad", "lst_c": 44.79}}, {"type": "Feature", "geometry": {"type": "Point", "coordinates": [86.30361971239377, 23.860376840319642]}, "properties": {"city": "dhanbad", "lst_c": 40.04}}, {"type": "Feature", "geometry": {"type": "Point", "coordinates": [86.30766213117231, 23.860376840319642]}, "properties": {"city": "dhanbad", "lst_c": 41.75}}, {"type": "Feature", "geometry": {"type": "Point", "coordinates": [86.31170454995083, 23.860376840319642]}, "properties": {"city": "dhanbad", "lst_c": 42.21}}, {"type": "Feature", "geometry": {"type": "Point", "coordinates": [86.31574696872937, 23.860376840319642]}, "properties": {"city": "dhanbad", "lst_c": 43.2}}, {"type": "Feature", "geometry": {"type": "Point", "coordinates": [86.31978938750791, 23.860376840319642]}, "properties": {"city": "dhanbad", "lst_c": 42.34}}, {"type": "Feature", "geometry": {"type": "Point", "coordinates": [86.32383180628645, 23.860376840319642]}, "properties": {"city": "dhanbad", "lst_c": 43.71}}, {"type": "Feature", "geometry": {"type": "Point", "coordinates": [86.32787422506499, 23.860376840319642]}, "properties": {"city": "dhanbad", "lst_c": 43.47}}, {"type": "Feature", "geometry": {"type": "Point", "coordinates": [86.33191664384353, 23.860376840319642]}, "properties": {"city": "dhanbad", "lst_c": 42.65}}, {"type": "Feature", "geometry": {"type": "Point", "coordinates": [86.33595906262207, 23.860376840319642]}, "properties": {"city": "dhanbad", "lst_c": 44.64}}, {"type": "Feature", "geometry": {"type": "Point", "coordinates": [86.3400014814006, 23.860376840319642]}, "properties": {"city": "dhanbad", "lst_c": 45.34}}, {"type": "Feature", "geometry": {"type": "Point", "coordinates": [86.34404390017914, 23.860376840319642]}, "properties": {"city": "dhanbad", "lst_c": 43.11}}, {"type": "Feature", "geometry": {"type": "Point", "coordinates": [86.34808631895768, 23.860376840319642]}, "properties": {"city": "dhanbad", "lst_c": 42.62}}, {"type": "Feature", "geometry": {"type": "Point", "coordinates": [86.35212873773622, 23.860376840319642]}, "properties": {"city": "dhanbad", "lst_c": 40.59}}, {"type": "Feature", "geometry": {"type": "Point", "coordinates": [86.35617115651476, 23.860376840319642]}, "properties": {"city": "dhanbad", "lst_c": 42.18}}, {"type": "Feature", "geometry": {"type": "Point", "coordinates": [86.36021357529329, 23.860376840319642]}, "properties": {"city": "dhanbad", "lst_c": 43.31}}, {"type": "Feature", "geometry": {"type": "Point", "coordinates": [86.36425599407183, 23.860376840319642]}, "properties": {"city": "dhanbad", "lst_c": 42.95}}, {"type": "Feature", "geometry": {"type": "Point", "coordinates": [86.36829841285036, 23.860376840319642]}, "properties": {"city": "dhanbad", "lst_c": 42.97}}, {"type": "Feature", "geometry": {"type": "Point", "coordinates": [86.3723408316289, 23.860376840319642]}, "properties": {"city": "dhanbad", "lst_c": 43.63}}, {"type": "Feature", "geometry": {"type": "Point", "coordinates": [86.37638325040744, 23.860376840319642]}, "properties": {"city": "dhanbad", "lst_c": 42.65}}, {"type": "Feature", "geometry": {"type": "Point", "coordinates": [86.38042566918598, 23.860376840319642]}, "properties": {"city": "dhanbad", "lst_c": 43.01}}, {"type": "Feature", "geometry": {"type": "Point", "coordinates": [86.38446808796452, 23.860376840319642]}, "properties": {"city": "dhanbad", "lst_c": 42.14}}, {"type": "Feature", "geometry": {"type": "Point", "coordinates": [86.38851050674306, 23.860376840319642]}, "properties": {"city": "dhanbad", "lst_c": 43.53}}, {"type": "Feature", "geometry": {"type": "Point", "coordinates": [86.3925529255216, 23.860376840319642]}, "properties": {"city": "dhanbad", "lst_c": 43.85}}, {"type": "Feature", "geometry": {"type": "Point", "coordinates": [86.39659534430014, 23.860376840319642]}, "properties": {"city": "dhanbad", "lst_c": 43.53}}, {"type": "Feature", "geometry": {"type": "Point", "coordinates": [86.40063776307868, 23.860376840319642]}, "properties": {"city": "dhanbad", "lst_c": 43.68}}, {"type": "Feature", "geometry": {"type": "Point", "coordinates": [86.4046801818572, 23.860376840319642]}, "properties": {"city": "dhanbad", "lst_c": 41.49}}, {"type": "Feature", "geometry": {"type": "Point", "coordinates": [86.40872260063574, 23.860376840319642]}, "properties": {"city": "dhanbad", "lst_c": 42.89}}, {"type": "Feature", "geometry": {"type": "Point", "coordinates": [86.41276501941428, 23.860376840319642]}, "properties": {"city": "dhanbad", "lst_c": 43.66}}, {"type": "Feature", "geometry": {"type": "Point", "coordinates": [86.41680743819282, 23.860376840319642]}, "properties": {"city": "dhanbad", "lst_c": 43.49}}, {"type": "Feature", "geometry": {"type": "Point", "coordinates": [86.42084985697136, 23.860376840319642]}, "properties": {"city": "dhanbad", "lst_c": 41.67}}, {"type": "Feature", "geometry": {"type": "Point", "coordinates": [86.4248922757499, 23.860376840319642]}, "properties": {"city": "dhanbad", "lst_c": 43.0}}, {"type": "Feature", "geometry": {"type": "Point", "coordinates": [86.42893469452844, 23.860376840319642]}, "properties": {"city": "dhanbad", "lst_c": 42.07}}, {"type": "Feature", "geometry": {"type": "Point", "coordinates": [86.43297711330698, 23.860376840319642]}, "properties": {"city": "dhanbad", "lst_c": 42.89}}, {"type": "Feature", "geometry": {"type": "Point", "coordinates": [86.43701953208551, 23.860376840319642]}, "properties": {"city": "dhanbad", "lst_c": 42.69}}, {"type": "Feature", "geometry": {"type": "Point", "coordinates": [86.44106195086405, 23.860376840319642]}, "properties": {"city": "dhanbad", "lst_c": 43.96}}, {"type": "Feature", "geometry": {"type": "Point", "coordinates": [86.44510436964259, 23.860376840319642]}, "properties": {"city": "dhanbad", "lst_c": 42.38}}, {"type": "Feature", "geometry": {"type": "Point", "coordinates": [86.44914678842113, 23.860376840319642]}, "properties": {"city": "dhanbad", "lst_c": 42.83}}, {"type": "Feature", "geometry": {"type": "Point", "coordinates": [86.45318920719966, 23.860376840319642]}, "properties": {"city": "dhanbad", "lst_c": 43.03}}, {"type": "Feature", "geometry": {"type": "Point", "coordinates": [86.4572316259782, 23.860376840319642]}, "properties": {"city": "dhanbad", "lst_c": 41.89}}, {"type": "Feature", "geometry": {"type": "Point", "coordinates": [86.46127404475673, 23.860376840319642]}, "properties": {"city": "dhanbad", "lst_c": 41.81}}, {"type": "Feature", "geometry": {"type": "Point", "coordinates": [86.46531646353527, 23.860376840319642]}, "properties": {"city": "dhanbad", "lst_c": 40.91}}, {"type": "Feature", "geometry": {"type": "Point", "coordinates": [86.46935888231381, 23.860376840319642]}, "properties": {"city": "dhanbad", "lst_c": 41.14}}, {"type": "Feature", "geometry": {"type": "Point", "coordinates": [86.47340130109235, 23.860376840319642]}, "properties": {"city": "dhanbad", "lst_c": 40.84}}, {"type": "Feature", "geometry": {"type": "Point", "coordinates": [86.47744371987089, 23.860376840319642]}, "properties": {"city": "dhanbad", "lst_c": 43.86}}, {"type": "Feature", "geometry": {"type": "Point", "coordinates": [86.48148613864943, 23.860376840319642]}, "properties": {"city": "dhanbad", "lst_c": 44.64}}, {"type": "Feature", "geometry": {"type": "Point", "coordinates": [86.48552855742797, 23.860376840319642]}, "properties": {"city": "dhanbad", "lst_c": 43.26}}, {"type": "Feature", "geometry": {"type": "Point", "coordinates": [86.48957097620651, 23.860376840319642]}, "properties": {"city": "dhanbad", "lst_c": 43.63}}, {"type": "Feature", "geometry": {"type": "Point", "coordinates": [86.49361339498505, 23.860376840319642]}, "properties": {"city": "dhanbad", "lst_c": 42.42}}, {"type": "Feature", "geometry": {"type": "Point", "coordinates": [86.49765581376359, 23.860376840319642]}, "properties": {"city": "dhanbad", "lst_c": 42.53}}, {"type": "Feature", "geometry": {"type": "Point", "coordinates": [86.50169823254211, 23.860376840319642]}, "properties": {"city": "dhanbad", "lst_c": 41.08}}, {"type": "Feature", "geometry": {"type": "Point", "coordinates": [86.50574065132065, 23.860376840319642]}, "properties": {"city": "dhanbad", "lst_c": 40.93}}, {"type": "Feature", "geometry": {"type": "Point", "coordinates": [86.50978307009919, 23.860376840319642]}, "properties": {"city": "dhanbad", "lst_c": 39.38}}, {"type": "Feature", "geometry": {"type": "Point", "coordinates": [86.51382548887773, 23.860376840319642]}, "properties": {"city": "dhanbad", "lst_c": 42.43}}, {"type": "Feature", "geometry": {"type": "Point", "coordinates": [86.51786790765627, 23.860376840319642]}, "properties": {"city": "dhanbad", "lst_c": 41.96}}, {"type": "Feature", "geometry": {"type": "Point", "coordinates": [86.5219103264348, 23.860376840319642]}, "properties": {"city": "dhanbad", "lst_c": 45.18}}, {"type": "Feature", "geometry": {"type": "Point", "coordinates": [86.52595274521335, 23.860376840319642]}, "properties": {"city": "dhanbad", "lst_c": 47.43}}, {"type": "Feature", "geometry": {"type": "Point", "coordinates": [86.52999516399188, 23.860376840319642]}, "properties": {"city": "dhanbad", "lst_c": 46.78}}, {"type": "Feature", "geometry": {"type": "Point", "coordinates": [86.53403758277042, 23.860376840319642]}, "properties": {"city": "dhanbad", "lst_c": 47.14}}, {"type": "Feature", "geometry": {"type": "Point", "coordinates": [86.53808000154896, 23.860376840319642]}, "properties": {"city": "dhanbad", "lst_c": 48.5}}, {"type": "Feature", "geometry": {"type": "Point", "coordinates": [86.5421224203275, 23.860376840319642]}, "properties": {"city": "dhanbad", "lst_c": 47.03}}, {"type": "Feature", "geometry": {"type": "Point", "coordinates": [86.54616483910603, 23.860376840319642]}, "properties": {"city": "dhanbad", "lst_c": 47.97}}, {"type": "Feature", "geometry": {"type": "Point", "coordinates": [86.30361971239377, 23.86441925909818]}, "properties": {"city": "dhanbad", "lst_c": 42.19}}, {"type": "Feature", "geometry": {"type": "Point", "coordinates": [86.30766213117231, 23.86441925909818]}, "properties": {"city": "dhanbad", "lst_c": 42.0}}, {"type": "Feature", "geometry": {"type": "Point", "coordinates": [86.31170454995083, 23.86441925909818]}, "properties": {"city": "dhanbad", "lst_c": 41.28}}, {"type": "Feature", "geometry": {"type": "Point", "coordinates": [86.31574696872937, 23.86441925909818]}, "properties": {"city": "dhanbad", "lst_c": 42.81}}, {"type": "Feature", "geometry": {"type": "Point", "coordinates": [86.31978938750791, 23.86441925909818]}, "properties": {"city": "dhanbad", "lst_c": 41.65}}, {"type": "Feature", "geometry": {"type": "Point", "coordinates": [86.32383180628645, 23.86441925909818]}, "properties": {"city": "dhanbad", "lst_c": 43.07}}, {"type": "Feature", "geometry": {"type": "Point", "coordinates": [86.32787422506499, 23.86441925909818]}, "properties": {"city": "dhanbad", "lst_c": 43.37}}, {"type": "Feature", "geometry": {"type": "Point", "coordinates": [86.33191664384353, 23.86441925909818]}, "properties": {"city": "dhanbad", "lst_c": 42.77}}, {"type": "Feature", "geometry": {"type": "Point", "coordinates": [86.33595906262207, 23.86441925909818]}, "properties": {"city": "dhanbad", "lst_c": 42.82}}, {"type": "Feature", "geometry": {"type": "Point", "coordinates": [86.3400014814006, 23.86441925909818]}, "properties": {"city": "dhanbad", "lst_c": 44.06}}, {"type": "Feature", "geometry": {"type": "Point", "coordinates": [86.34404390017914, 23.86441925909818]}, "properties": {"city": "dhanbad", "lst_c": 43.23}}, {"type": "Feature", "geometry": {"type": "Point", "coordinates": [86.34808631895768, 23.86441925909818]}, "properties": {"city": "dhanbad", "lst_c": 42.1}}, {"type": "Feature", "geometry": {"type": "Point", "coordinates": [86.35212873773622, 23.86441925909818]}, "properties": {"city": "dhanbad", "lst_c": 41.47}}, {"type": "Feature", "geometry": {"type": "Point", "coordinates": [86.35617115651476, 23.86441925909818]}, "properties": {"city": "dhanbad", "lst_c": 41.47}}, {"type": "Feature", "geometry": {"type": "Point", "coordinates": [86.36021357529329, 23.86441925909818]}, "properties": {"city": "dhanbad", "lst_c": 41.63}}, {"type": "Feature", "geometry": {"type": "Point", "coordinates": [86.36425599407183, 23.86441925909818]}, "properties": {"city": "dhanbad", "lst_c": 42.78}}, {"type": "Feature", "geometry": {"type": "Point", "coordinates": [86.36829841285036, 23.86441925909818]}, "properties": {"city": "dhanbad", "lst_c": 44.12}}, {"type": "Feature", "geometry": {"type": "Point", "coordinates": [86.3723408316289, 23.86441925909818]}, "properties": {"city": "dhanbad", "lst_c": 42.91}}, {"type": "Feature", "geometry": {"type": "Point", "coordinates": [86.37638325040744, 23.86441925909818]}, "properties": {"city": "dhanbad", "lst_c": 43.32}}, {"type": "Feature", "geometry": {"type": "Point", "coordinates": [86.38042566918598, 23.86441925909818]}, "properties": {"city": "dhanbad", "lst_c": 44.53}}, {"type": "Feature", "geometry": {"type": "Point", "coordinates": [86.38446808796452, 23.86441925909818]}, "properties": {"city": "dhanbad", "lst_c": 43.46}}, {"type": "Feature", "geometry": {"type": "Point", "coordinates": [86.38851050674306, 23.86441925909818]}, "properties": {"city": "dhanbad", "lst_c": 43.98}}, {"type": "Feature", "geometry": {"type": "Point", "coordinates": [86.3925529255216, 23.86441925909818]}, "properties": {"city": "dhanbad", "lst_c": 43.27}}, {"type": "Feature", "geometry": {"type": "Point", "coordinates": [86.39659534430014, 23.86441925909818]}, "properties": {"city": "dhanbad", "lst_c": 44.05}}, {"type": "Feature", "geometry": {"type": "Point", "coordinates": [86.40063776307868, 23.86441925909818]}, "properties": {"city": "dhanbad", "lst_c": 42.82}}, {"type": "Feature", "geometry": {"type": "Point", "coordinates": [86.4046801818572, 23.86441925909818]}, "properties": {"city": "dhanbad", "lst_c": 42.86}}, {"type": "Feature", "geometry": {"type": "Point", "coordinates": [86.40872260063574, 23.86441925909818]}, "properties": {"city": "dhanbad", "lst_c": 43.56}}, {"type": "Feature", "geometry": {"type": "Point", "coordinates": [86.41276501941428, 23.86441925909818]}, "properties": {"city": "dhanbad", "lst_c": 44.5}}, {"type": "Feature", "geometry": {"type": "Point", "coordinates": [86.41680743819282, 23.86441925909818]}, "properties": {"city": "dhanbad", "lst_c": 43.16}}, {"type": "Feature", "geometry": {"type": "Point", "coordinates": [86.42084985697136, 23.86441925909818]}, "properties": {"city": "dhanbad", "lst_c": 42.34}}, {"type": "Feature", "geometry": {"type": "Point", "coordinates": [86.4248922757499, 23.86441925909818]}, "properties": {"city": "dhanbad", "lst_c": 42.34}}, {"type": "Feature", "geometry": {"type": "Point", "coordinates": [86.42893469452844, 23.86441925909818]}, "properties": {"city": "dhanbad", "lst_c": 42.32}}, {"type": "Feature", "geometry": {"type": "Point", "coordinates": [86.43297711330698, 23.86441925909818]}, "properties": {"city": "dhanbad", "lst_c": 43.24}}, {"type": "Feature", "geometry": {"type": "Point", "coordinates": [86.43701953208551, 23.86441925909818]}, "properties": {"city": "dhanbad", "lst_c": 42.24}}, {"type": "Feature", "geometry": {"type": "Point", "coordinates": [86.44106195086405, 23.86441925909818]}, "properties": {"city": "dhanbad", "lst_c": 44.25}}, {"type": "Feature", "geometry": {"type": "Point", "coordinates": [86.44510436964259, 23.86441925909818]}, "properties": {"city": "dhanbad", "lst_c": 43.08}}, {"type": "Feature", "geometry": {"type": "Point", "coordinates": [86.44914678842113, 23.86441925909818]}, "properties": {"city": "dhanbad", "lst_c": 43.02}}, {"type": "Feature", "geometry": {"type": "Point", "coordinates": [86.45318920719966, 23.86441925909818]}, "properties": {"city": "dhanbad", "lst_c": 41.96}}, {"type": "Feature", "geometry": {"type": "Point", "coordinates": [86.4572316259782, 23.86441925909818]}, "properties": {"city": "dhanbad", "lst_c": 41.25}}, {"type": "Feature", "geometry": {"type": "Point", "coordinates": [86.46127404475673, 23.86441925909818]}, "properties": {"city": "dhanbad", "lst_c": 42.89}}, {"type": "Feature", "geometry": {"type": "Point", "coordinates": [86.46531646353527, 23.86441925909818]}, "properties": {"city": "dhanbad", "lst_c": 41.17}}, {"type": "Feature", "geometry": {"type": "Point", "coordinates": [86.46935888231381, 23.86441925909818]}, "properties": {"city": "dhanbad", "lst_c": 41.24}}, {"type": "Feature", "geometry": {"type": "Point", "coordinates": [86.47340130109235, 23.86441925909818]}, "properties": {"city": "dhanbad", "lst_c": 40.14}}, {"type": "Feature", "geometry": {"type": "Point", "coordinates": [86.47744371987089, 23.86441925909818]}, "properties": {"city": "dhanbad", "lst_c": 40.95}}, {"type": "Feature", "geometry": {"type": "Point", "coordinates": [86.48148613864943, 23.86441925909818]}, "properties": {"city": "dhanbad", "lst_c": 39.89}}, {"type": "Feature", "geometry": {"type": "Point", "coordinates": [86.48552855742797, 23.86441925909818]}, "properties": {"city": "dhanbad", "lst_c": 40.08}}, {"type": "Feature", "geometry": {"type": "Point", "coordinates": [86.48957097620651, 23.86441925909818]}, "properties": {"city": "dhanbad", "lst_c": 41.4}}, {"type": "Feature", "geometry": {"type": "Point", "coordinates": [86.49361339498505, 23.86441925909818]}, "properties": {"city": "dhanbad", "lst_c": 42.47}}, {"type": "Feature", "geometry": {"type": "Point", "coordinates": [86.49765581376359, 23.86441925909818]}, "properties": {"city": "dhanbad", "lst_c": 41.81}}, {"type": "Feature", "geometry": {"type": "Point", "coordinates": [86.50169823254211, 23.86441925909818]}, "properties": {"city": "dhanbad", "lst_c": 41.63}}, {"type": "Feature", "geometry": {"type": "Point", "coordinates": [86.50574065132065, 23.86441925909818]}, "properties": {"city": "dhanbad", "lst_c": 42.86}}, {"type": "Feature", "geometry": {"type": "Point", "coordinates": [86.50978307009919, 23.86441925909818]}, "properties": {"city": "dhanbad", "lst_c": 43.51}}, {"type": "Feature", "geometry": {"type": "Point", "coordinates": [86.51382548887773, 23.86441925909818]}, "properties": {"city": "dhanbad", "lst_c": 43.77}}, {"type": "Feature", "geometry": {"type": "Point", "coordinates": [86.51786790765627, 23.86441925909818]}, "properties": {"city": "dhanbad", "lst_c": 42.08}}, {"type": "Feature", "geometry": {"type": "Point", "coordinates": [86.5219103264348, 23.86441925909818]}, "properties": {"city": "dhanbad", "lst_c": 43.21}}, {"type": "Feature", "geometry": {"type": "Point", "coordinates": [86.52595274521335, 23.86441925909818]}, "properties": {"city": "dhanbad", "lst_c": 50.04}}, {"type": "Feature", "geometry": {"type": "Point", "coordinates": [86.52999516399188, 23.86441925909818]}, "properties": {"city": "dhanbad", "lst_c": 48.85}}, {"type": "Feature", "geometry": {"type": "Point", "coordinates": [86.53403758277042, 23.86441925909818]}, "properties": {"city": "dhanbad", "lst_c": 51.29}}, {"type": "Feature", "geometry": {"type": "Point", "coordinates": [86.53808000154896, 23.86441925909818]}, "properties": {"city": "dhanbad", "lst_c": 48.89}}, {"type": "Feature", "geometry": {"type": "Point", "coordinates": [86.5421224203275, 23.86441925909818]}, "properties": {"city": "dhanbad", "lst_c": 46.03}}, {"type": "Feature", "geometry": {"type": "Point", "coordinates": [86.54616483910603, 23.86441925909818]}, "properties": {"city": "dhanbad", "lst_c": 46.97}}, {"type": "Feature", "geometry": {"type": "Point", "coordinates": [86.30361971239377, 23.868461677876716]}, "properties": {"city": "dhanbad", "lst_c": 42.32}}, {"type": "Feature", "geometry": {"type": "Point", "coordinates": [86.30766213117231, 23.868461677876716]}, "properties": {"city": "dhanbad", "lst_c": 44.25}}, {"type": "Feature", "geometry": {"type": "Point", "coordinates": [86.31170454995083, 23.868461677876716]}, "properties": {"city": "dhanbad", "lst_c": 41.6}}, {"type": "Feature", "geometry": {"type": "Point", "coordinates": [86.31574696872937, 23.868461677876716]}, "properties": {"city": "dhanbad", "lst_c": 43.73}}, {"type": "Feature", "geometry": {"type": "Point", "coordinates": [86.31978938750791, 23.868461677876716]}, "properties": {"city": "dhanbad", "lst_c": 43.14}}, {"type": "Feature", "geometry": {"type": "Point", "coordinates": [86.32383180628645, 23.868461677876716]}, "properties": {"city": "dhanbad", "lst_c": 43.12}}, {"type": "Feature", "geometry": {"type": "Point", "coordinates": [86.32787422506499, 23.868461677876716]}, "properties": {"city": "dhanbad", "lst_c": 42.2}}, {"type": "Feature", "geometry": {"type": "Point", "coordinates": [86.33191664384353, 23.868461677876716]}, "properties": {"city": "dhanbad", "lst_c": 42.1}}, {"type": "Feature", "geometry": {"type": "Point", "coordinates": [86.33595906262207, 23.868461677876716]}, "properties": {"city": "dhanbad", "lst_c": 42.36}}, {"type": "Feature", "geometry": {"type": "Point", "coordinates": [86.3400014814006, 23.868461677876716]}, "properties": {"city": "dhanbad", "lst_c": 42.65}}, {"type": "Feature", "geometry": {"type": "Point", "coordinates": [86.34404390017914, 23.868461677876716]}, "properties": {"city": "dhanbad", "lst_c": 42.59}}, {"type": "Feature", "geometry": {"type": "Point", "coordinates": [86.34808631895768, 23.868461677876716]}, "properties": {"city": "dhanbad", "lst_c": 40.66}}, {"type": "Feature", "geometry": {"type": "Point", "coordinates": [86.35212873773622, 23.868461677876716]}, "properties": {"city": "dhanbad", "lst_c": 41.61}}, {"type": "Feature", "geometry": {"type": "Point", "coordinates": [86.35617115651476, 23.868461677876716]}, "properties": {"city": "dhanbad", "lst_c": 42.78}}, {"type": "Feature", "geometry": {"type": "Point", "coordinates": [86.36021357529329, 23.868461677876716]}, "properties": {"city": "dhanbad", "lst_c": 43.35}}, {"type": "Feature", "geometry": {"type": "Point", "coordinates": [86.36425599407183, 23.868461677876716]}, "properties": {"city": "dhanbad", "lst_c": 43.09}}, {"type": "Feature", "geometry": {"type": "Point", "coordinates": [86.36829841285036, 23.868461677876716]}, "properties": {"city": "dhanbad", "lst_c": 43.37}}, {"type": "Feature", "geometry": {"type": "Point", "coordinates": [86.3723408316289, 23.868461677876716]}, "properties": {"city": "dhanbad", "lst_c": 44.43}}, {"type": "Feature", "geometry": {"type": "Point", "coordinates": [86.37638325040744, 23.868461677876716]}, "properties": {"city": "dhanbad", "lst_c": 43.33}}, {"type": "Feature", "geometry": {"type": "Point", "coordinates": [86.38042566918598, 23.868461677876716]}, "properties": {"city": "dhanbad", "lst_c": 42.63}}, {"type": "Feature", "geometry": {"type": "Point", "coordinates": [86.38446808796452, 23.868461677876716]}, "properties": {"city": "dhanbad", "lst_c": 43.41}}, {"type": "Feature", "geometry": {"type": "Point", "coordinates": [86.38851050674306, 23.868461677876716]}, "properties": {"city": "dhanbad", "lst_c": 43.52}}, {"type": "Feature", "geometry": {"type": "Point", "coordinates": [86.3925529255216, 23.868461677876716]}, "properties": {"city": "dhanbad", "lst_c": 44.17}}, {"type": "Feature", "geometry": {"type": "Point", "coordinates": [86.39659534430014, 23.868461677876716]}, "properties": {"city": "dhanbad", "lst_c": 44.87}}, {"type": "Feature", "geometry": {"type": "Point", "coordinates": [86.40063776307868, 23.868461677876716]}, "properties": {"city": "dhanbad", "lst_c": 44.14}}, {"type": "Feature", "geometry": {"type": "Point", "coordinates": [86.4046801818572, 23.868461677876716]}, "properties": {"city": "dhanbad", "lst_c": 45.01}}, {"type": "Feature", "geometry": {"type": "Point", "coordinates": [86.40872260063574, 23.868461677876716]}, "properties": {"city": "dhanbad", "lst_c": 44.35}}, {"type": "Feature", "geometry": {"type": "Point", "coordinates": [86.41276501941428, 23.868461677876716]}, "properties": {"city": "dhanbad", "lst_c": 44.23}}, {"type": "Feature", "geometry": {"type": "Point", "coordinates": [86.41680743819282, 23.868461677876716]}, "properties": {"city": "dhanbad", "lst_c": 43.9}}, {"type": "Feature", "geometry": {"type": "Point", "coordinates": [86.42084985697136, 23.868461677876716]}, "properties": {"city": "dhanbad", "lst_c": 42.44}}, {"type": "Feature", "geometry": {"type": "Point", "coordinates": [86.4248922757499, 23.868461677876716]}, "properties": {"city": "dhanbad", "lst_c": 43.14}}, {"type": "Feature", "geometry": {"type": "Point", "coordinates": [86.42893469452844, 23.868461677876716]}, "properties": {"city": "dhanbad", "lst_c": 43.24}}, {"type": "Feature", "geometry": {"type": "Point", "coordinates": [86.43297711330698, 23.868461677876716]}, "properties": {"city": "dhanbad", "lst_c": 43.47}}, {"type": "Feature", "geometry": {"type": "Point", "coordinates": [86.43701953208551, 23.868461677876716]}, "properties": {"city": "dhanbad", "lst_c": 43.12}}, {"type": "Feature", "geometry": {"type": "Point", "coordinates": [86.44106195086405, 23.868461677876716]}, "properties": {"city": "dhanbad", "lst_c": 42.2}}, {"type": "Feature", "geometry": {"type": "Point", "coordinates": [86.44510436964259, 23.868461677876716]}, "properties": {"city": "dhanbad", "lst_c": 43.33}}, {"type": "Feature", "geometry": {"type": "Point", "coordinates": [86.44914678842113, 23.868461677876716]}, "properties": {"city": "dhanbad", "lst_c": 42.56}}, {"type": "Feature", "geometry": {"type": "Point", "coordinates": [86.45318920719966, 23.868461677876716]}, "properties": {"city": "dhanbad", "lst_c": 43.38}}, {"type": "Feature", "geometry": {"type": "Point", "coordinates": [86.4572316259782, 23.868461677876716]}, "properties": {"city": "dhanbad", "lst_c": 42.42}}, {"type": "Feature", "geometry": {"type": "Point", "coordinates": [86.46127404475673, 23.868461677876716]}, "properties": {"city": "dhanbad", "lst_c": 44.37}}, {"type": "Feature", "geometry": {"type": "Point", "coordinates": [86.46531646353527, 23.868461677876716]}, "properties": {"city": "dhanbad", "lst_c": 42.98}}, {"type": "Feature", "geometry": {"type": "Point", "coordinates": [86.46935888231381, 23.868461677876716]}, "properties": {"city": "dhanbad", "lst_c": 41.7}}, {"type": "Feature", "geometry": {"type": "Point", "coordinates": [86.47340130109235, 23.868461677876716]}, "properties": {"city": "dhanbad", "lst_c": 40.5}}, {"type": "Feature", "geometry": {"type": "Point", "coordinates": [86.47744371987089, 23.868461677876716]}, "properties": {"city": "dhanbad", "lst_c": 43.15}}, {"type": "Feature", "geometry": {"type": "Point", "coordinates": [86.48148613864943, 23.868461677876716]}, "properties": {"city": "dhanbad", "lst_c": 41.6}}, {"type": "Feature", "geometry": {"type": "Point", "coordinates": [86.48552855742797, 23.868461677876716]}, "properties": {"city": "dhanbad", "lst_c": 44.07}}, {"type": "Feature", "geometry": {"type": "Point", "coordinates": [86.48957097620651, 23.868461677876716]}, "properties": {"city": "dhanbad", "lst_c": 42.29}}, {"type": "Feature", "geometry": {"type": "Point", "coordinates": [86.49361339498505, 23.868461677876716]}, "properties": {"city": "dhanbad", "lst_c": 42.58}}, {"type": "Feature", "geometry": {"type": "Point", "coordinates": [86.49765581376359, 23.868461677876716]}, "properties": {"city": "dhanbad", "lst_c": 42.33}}, {"type": "Feature", "geometry": {"type": "Point", "coordinates": [86.50169823254211, 23.868461677876716]}, "properties": {"city": "dhanbad", "lst_c": 40.25}}, {"type": "Feature", "geometry": {"type": "Point", "coordinates": [86.50574065132065, 23.868461677876716]}, "properties": {"city": "dhanbad", "lst_c": 43.38}}, {"type": "Feature", "geometry": {"type": "Point", "coordinates": [86.50978307009919, 23.868461677876716]}, "properties": {"city": "dhanbad", "lst_c": 43.19}}, {"type": "Feature", "geometry": {"type": "Point", "coordinates": [86.51382548887773, 23.868461677876716]}, "properties": {"city": "dhanbad", "lst_c": 40.01}}, {"type": "Feature", "geometry": {"type": "Point", "coordinates": [86.51786790765627, 23.868461677876716]}, "properties": {"city": "dhanbad", "lst_c": 43.0}}, {"type": "Feature", "geometry": {"type": "Point", "coordinates": [86.5219103264348, 23.868461677876716]}, "properties": {"city": "dhanbad", "lst_c": 45.23}}, {"type": "Feature", "geometry": {"type": "Point", "coordinates": [86.52595274521335, 23.868461677876716]}, "properties": {"city": "dhanbad", "lst_c": 50.4}}, {"type": "Feature", "geometry": {"type": "Point", "coordinates": [86.52999516399188, 23.868461677876716]}, "properties": {"city": "dhanbad", "lst_c": 49.36}}, {"type": "Feature", "geometry": {"type": "Point", "coordinates": [86.53403758277042, 23.868461677876716]}, "properties": {"city": "dhanbad", "lst_c": 49.44}}, {"type": "Feature", "geometry": {"type": "Point", "coordinates": [86.53808000154896, 23.868461677876716]}, "properties": {"city": "dhanbad", "lst_c": 49.37}}, {"type": "Feature", "geometry": {"type": "Point", "coordinates": [86.5421224203275, 23.868461677876716]}, "properties": {"city": "dhanbad", "lst_c": 46.75}}, {"type": "Feature", "geometry": {"type": "Point", "coordinates": [86.54616483910603, 23.868461677876716]}, "properties": {"city": "dhanbad", "lst_c": 45.23}}, {"type": "Feature", "geometry": {"type": "Point", "coordinates": [86.30361971239377, 23.872504096655256]}, "properties": {"city": "dhanbad", "lst_c": 42.62}}, {"type": "Feature", "geometry": {"type": "Point", "coordinates": [86.30766213117231, 23.872504096655256]}, "properties": {"city": "dhanbad", "lst_c": 42.31}}, {"type": "Feature", "geometry": {"type": "Point", "coordinates": [86.31170454995083, 23.872504096655256]}, "properties": {"city": "dhanbad", "lst_c": 43.1}}, {"type": "Feature", "geometry": {"type": "Point", "coordinates": [86.31574696872937, 23.872504096655256]}, "properties": {"city": "dhanbad", "lst_c": 44.27}}, {"type": "Feature", "geometry": {"type": "Point", "coordinates": [86.31978938750791, 23.872504096655256]}, "properties": {"city": "dhanbad", "lst_c": 41.89}}, {"type": "Feature", "geometry": {"type": "Point", "coordinates": [86.32383180628645, 23.872504096655256]}, "properties": {"city": "dhanbad", "lst_c": 43.26}}, {"type": "Feature", "geometry": {"type": "Point", "coordinates": [86.32787422506499, 23.872504096655256]}, "properties": {"city": "dhanbad", "lst_c": 41.59}}, {"type": "Feature", "geometry": {"type": "Point", "coordinates": [86.33191664384353, 23.872504096655256]}, "properties": {"city": "dhanbad", "lst_c": 41.48}}, {"type": "Feature", "geometry": {"type": "Point", "coordinates": [86.33595906262207, 23.872504096655256]}, "properties": {"city": "dhanbad", "lst_c": 41.98}}, {"type": "Feature", "geometry": {"type": "Point", "coordinates": [86.3400014814006, 23.872504096655256]}, "properties": {"city": "dhanbad", "lst_c": 42.23}}, {"type": "Feature", "geometry": {"type": "Point", "coordinates": [86.34404390017914, 23.872504096655256]}, "properties": {"city": "dhanbad", "lst_c": 41.89}}, {"type": "Feature", "geometry": {"type": "Point", "coordinates": [86.34808631895768, 23.872504096655256]}, "properties": {"city": "dhanbad", "lst_c": 42.16}}, {"type": "Feature", "geometry": {"type": "Point", "coordinates": [86.35212873773622, 23.872504096655256]}, "properties": {"city": "dhanbad", "lst_c": 42.33}}, {"type": "Feature", "geometry": {"type": "Point", "coordinates": [86.35617115651476, 23.872504096655256]}, "properties": {"city": "dhanbad", "lst_c": 42.59}}, {"type": "Feature", "geometry": {"type": "Point", "coordinates": [86.36021357529329, 23.872504096655256]}, "properties": {"city": "dhanbad", "lst_c": 43.19}}, {"type": "Feature", "geometry": {"type": "Point", "coordinates": [86.36425599407183, 23.872504096655256]}, "properties": {"city": "dhanbad", "lst_c": 43.32}}, {"type": "Feature", "geometry": {"type": "Point", "coordinates": [86.36829841285036, 23.872504096655256]}, "properties": {"city": "dhanbad", "lst_c": 44.17}}, {"type": "Feature", "geometry": {"type": "Point", "coordinates": [86.3723408316289, 23.872504096655256]}, "properties": {"city": "dhanbad", "lst_c": 43.24}}, {"type": "Feature", "geometry": {"type": "Point", "coordinates": [86.37638325040744, 23.872504096655256]}, "properties": {"city": "dhanbad", "lst_c": 44.38}}, {"type": "Feature", "geometry": {"type": "Point", "coordinates": [86.38042566918598, 23.872504096655256]}, "properties": {"city": "dhanbad", "lst_c": 41.34}}, {"type": "Feature", "geometry": {"type": "Point", "coordinates": [86.38446808796452, 23.872504096655256]}, "properties": {"city": "dhanbad", "lst_c": 45.03}}, {"type": "Feature", "geometry": {"type": "Point", "coordinates": [86.38851050674306, 23.872504096655256]}, "properties": {"city": "dhanbad", "lst_c": 45.45}}, {"type": "Feature", "geometry": {"type": "Point", "coordinates": [86.3925529255216, 23.872504096655256]}, "properties": {"city": "dhanbad", "lst_c": 43.57}}, {"type": "Feature", "geometry": {"type": "Point", "coordinates": [86.39659534430014, 23.872504096655256]}, "properties": {"city": "dhanbad", "lst_c": 43.1}}, {"type": "Feature", "geometry": {"type": "Point", "coordinates": [86.40063776307868, 23.872504096655256]}, "properties": {"city": "dhanbad", "lst_c": 43.94}}, {"type": "Feature", "geometry": {"type": "Point", "coordinates": [86.4046801818572, 23.872504096655256]}, "properties": {"city": "dhanbad", "lst_c": 44.45}}, {"type": "Feature", "geometry": {"type": "Point", "coordinates": [86.40872260063574, 23.872504096655256]}, "properties": {"city": "dhanbad", "lst_c": 44.11}}, {"type": "Feature", "geometry": {"type": "Point", "coordinates": [86.41276501941428, 23.872504096655256]}, "properties": {"city": "dhanbad", "lst_c": 44.65}}, {"type": "Feature", "geometry": {"type": "Point", "coordinates": [86.41680743819282, 23.872504096655256]}, "properties": {"city": "dhanbad", "lst_c": 43.8}}, {"type": "Feature", "geometry": {"type": "Point", "coordinates": [86.42084985697136, 23.872504096655256]}, "properties": {"city": "dhanbad", "lst_c": 42.73}}, {"type": "Feature", "geometry": {"type": "Point", "coordinates": [86.4248922757499, 23.872504096655256]}, "properties": {"city": "dhanbad", "lst_c": 43.48}}, {"type": "Feature", "geometry": {"type": "Point", "coordinates": [86.42893469452844, 23.872504096655256]}, "properties": {"city": "dhanbad", "lst_c": 45.04}}, {"type": "Feature", "geometry": {"type": "Point", "coordinates": [86.43297711330698, 23.872504096655256]}, "properties": {"city": "dhanbad", "lst_c": 44.36}}, {"type": "Feature", "geometry": {"type": "Point", "coordinates": [86.43701953208551, 23.872504096655256]}, "properties": {"city": "dhanbad", "lst_c": 43.85}}, {"type": "Feature", "geometry": {"type": "Point", "coordinates": [86.44106195086405, 23.872504096655256]}, "properties": {"city": "dhanbad", "lst_c": 43.52}}, {"type": "Feature", "geometry": {"type": "Point", "coordinates": [86.44510436964259, 23.872504096655256]}, "properties": {"city": "dhanbad", "lst_c": 43.84}}, {"type": "Feature", "geometry": {"type": "Point", "coordinates": [86.44914678842113, 23.872504096655256]}, "properties": {"city": "dhanbad", "lst_c": 43.06}}, {"type": "Feature", "geometry": {"type": "Point", "coordinates": [86.45318920719966, 23.872504096655256]}, "properties": {"city": "dhanbad", "lst_c": 43.44}}, {"type": "Feature", "geometry": {"type": "Point", "coordinates": [86.4572316259782, 23.872504096655256]}, "properties": {"city": "dhanbad", "lst_c": 41.79}}, {"type": "Feature", "geometry": {"type": "Point", "coordinates": [86.46127404475673, 23.872504096655256]}, "properties": {"city": "dhanbad", "lst_c": 43.74}}, {"type": "Feature", "geometry": {"type": "Point", "coordinates": [86.46531646353527, 23.872504096655256]}, "properties": {"city": "dhanbad", "lst_c": 43.05}}, {"type": "Feature", "geometry": {"type": "Point", "coordinates": [86.46935888231381, 23.872504096655256]}, "properties": {"city": "dhanbad", "lst_c": 43.77}}, {"type": "Feature", "geometry": {"type": "Point", "coordinates": [86.47340130109235, 23.872504096655256]}, "properties": {"city": "dhanbad", "lst_c": 41.57}}, {"type": "Feature", "geometry": {"type": "Point", "coordinates": [86.47744371987089, 23.872504096655256]}, "properties": {"city": "dhanbad", "lst_c": 42.33}}, {"type": "Feature", "geometry": {"type": "Point", "coordinates": [86.48148613864943, 23.872504096655256]}, "properties": {"city": "dhanbad", "lst_c": 42.13}}, {"type": "Feature", "geometry": {"type": "Point", "coordinates": [86.48552855742797, 23.872504096655256]}, "properties": {"city": "dhanbad", "lst_c": 44.46}}, {"type": "Feature", "geometry": {"type": "Point", "coordinates": [86.48957097620651, 23.872504096655256]}, "properties": {"city": "dhanbad", "lst_c": 43.23}}, {"type": "Feature", "geometry": {"type": "Point", "coordinates": [86.49361339498505, 23.872504096655256]}, "properties": {"city": "dhanbad", "lst_c": 42.83}}, {"type": "Feature", "geometry": {"type": "Point", "coordinates": [86.49765581376359, 23.872504096655256]}, "properties": {"city": "dhanbad", "lst_c": 42.63}}, {"type": "Feature", "geometry": {"type": "Point", "coordinates": [86.50169823254211, 23.872504096655256]}, "properties": {"city": "dhanbad", "lst_c": 41.6}}, {"type": "Feature", "geometry": {"type": "Point", "coordinates": [86.50574065132065, 23.872504096655256]}, "properties": {"city": "dhanbad", "lst_c": 41.9}}, {"type": "Feature", "geometry": {"type": "Point", "coordinates": [86.50978307009919, 23.872504096655256]}, "properties": {"city": "dhanbad", "lst_c": 41.5}}, {"type": "Feature", "geometry": {"type": "Point", "coordinates": [86.51382548887773, 23.872504096655256]}, "properties": {"city": "dhanbad", "lst_c": 42.15}}, {"type": "Feature", "geometry": {"type": "Point", "coordinates": [86.51786790765627, 23.872504096655256]}, "properties": {"city": "dhanbad", "lst_c": 41.54}}, {"type": "Feature", "geometry": {"type": "Point", "coordinates": [86.5219103264348, 23.872504096655256]}, "properties": {"city": "dhanbad", "lst_c": 42.03}}, {"type": "Feature", "geometry": {"type": "Point", "coordinates": [86.52595274521335, 23.872504096655256]}, "properties": {"city": "dhanbad", "lst_c": 47.63}}, {"type": "Feature", "geometry": {"type": "Point", "coordinates": [86.52999516399188, 23.872504096655256]}, "properties": {"city": "dhanbad", "lst_c": 49.24}}, {"type": "Feature", "geometry": {"type": "Point", "coordinates": [86.53403758277042, 23.872504096655256]}, "properties": {"city": "dhanbad", "lst_c": 48.8}}, {"type": "Feature", "geometry": {"type": "Point", "coordinates": [86.53808000154896, 23.872504096655256]}, "properties": {"city": "dhanbad", "lst_c": 48.77}}, {"type": "Feature", "geometry": {"type": "Point", "coordinates": [86.5421224203275, 23.872504096655256]}, "properties": {"city": "dhanbad", "lst_c": 46.46}}, {"type": "Feature", "geometry": {"type": "Point", "coordinates": [86.54616483910603, 23.872504096655256]}, "properties": {"city": "dhanbad", "lst_c": 45.56}}, {"type": "Feature", "geometry": {"type": "Point", "coordinates": [86.30361971239377, 23.876546515433795]}, "properties": {"city": "dhanbad", "lst_c": 42.5}}, {"type": "Feature", "geometry": {"type": "Point", "coordinates": [86.30766213117231, 23.876546515433795]}, "properties": {"city": "dhanbad", "lst_c": 40.78}}, {"type": "Feature", "geometry": {"type": "Point", "coordinates": [86.31170454995083, 23.876546515433795]}, "properties": {"city": "dhanbad", "lst_c": 43.59}}, {"type": "Feature", "geometry": {"type": "Point", "coordinates": [86.31574696872937, 23.876546515433795]}, "properties": {"city": "dhanbad", "lst_c": 42.84}}, {"type": "Feature", "geometry": {"type": "Point", "coordinates": [86.31978938750791, 23.876546515433795]}, "properties": {"city": "dhanbad", "lst_c": 44.48}}, {"type": "Feature", "geometry": {"type": "Point", "coordinates": [86.32383180628645, 23.876546515433795]}, "properties": {"city": "dhanbad", "lst_c": 43.05}}, {"type": "Feature", "geometry": {"type": "Point", "coordinates": [86.32787422506499, 23.876546515433795]}, "properties": {"city": "dhanbad", "lst_c": 42.93}}, {"type": "Feature", "geometry": {"type": "Point", "coordinates": [86.33191664384353, 23.876546515433795]}, "properties": {"city": "dhanbad", "lst_c": 43.15}}, {"type": "Feature", "geometry": {"type": "Point", "coordinates": [86.33595906262207, 23.876546515433795]}, "properties": {"city": "dhanbad", "lst_c": 42.8}}, {"type": "Feature", "geometry": {"type": "Point", "coordinates": [86.3400014814006, 23.876546515433795]}, "properties": {"city": "dhanbad", "lst_c": 41.76}}, {"type": "Feature", "geometry": {"type": "Point", "coordinates": [86.34404390017914, 23.876546515433795]}, "properties": {"city": "dhanbad", "lst_c": 43.68}}, {"type": "Feature", "geometry": {"type": "Point", "coordinates": [86.34808631895768, 23.876546515433795]}, "properties": {"city": "dhanbad", "lst_c": 43.47}}, {"type": "Feature", "geometry": {"type": "Point", "coordinates": [86.35212873773622, 23.876546515433795]}, "properties": {"city": "dhanbad", "lst_c": 42.38}}, {"type": "Feature", "geometry": {"type": "Point", "coordinates": [86.35617115651476, 23.876546515433795]}, "properties": {"city": "dhanbad", "lst_c": 42.9}}, {"type": "Feature", "geometry": {"type": "Point", "coordinates": [86.36021357529329, 23.876546515433795]}, "properties": {"city": "dhanbad", "lst_c": 42.8}}, {"type": "Feature", "geometry": {"type": "Point", "coordinates": [86.36425599407183, 23.876546515433795]}, "properties": {"city": "dhanbad", "lst_c": 41.33}}, {"type": "Feature", "geometry": {"type": "Point", "coordinates": [86.36829841285036, 23.876546515433795]}, "properties": {"city": "dhanbad", "lst_c": 42.24}}, {"type": "Feature", "geometry": {"type": "Point", "coordinates": [86.3723408316289, 23.876546515433795]}, "properties": {"city": "dhanbad", "lst_c": 43.28}}, {"type": "Feature", "geometry": {"type": "Point", "coordinates": [86.37638325040744, 23.876546515433795]}, "properties": {"city": "dhanbad", "lst_c": 43.65}}, {"type": "Feature", "geometry": {"type": "Point", "coordinates": [86.38042566918598, 23.876546515433795]}, "properties": {"city": "dhanbad", "lst_c": 43.71}}, {"type": "Feature", "geometry": {"type": "Point", "coordinates": [86.38446808796452, 23.876546515433795]}, "properties": {"city": "dhanbad", "lst_c": 42.99}}, {"type": "Feature", "geometry": {"type": "Point", "coordinates": [86.38851050674306, 23.876546515433795]}, "properties": {"city": "dhanbad", "lst_c": 44.26}}, {"type": "Feature", "geometry": {"type": "Point", "coordinates": [86.3925529255216, 23.876546515433795]}, "properties": {"city": "dhanbad", "lst_c": 42.51}}, {"type": "Feature", "geometry": {"type": "Point", "coordinates": [86.39659534430014, 23.876546515433795]}, "properties": {"city": "dhanbad", "lst_c": 44.52}}, {"type": "Feature", "geometry": {"type": "Point", "coordinates": [86.40063776307868, 23.876546515433795]}, "properties": {"city": "dhanbad", "lst_c": 43.16}}, {"type": "Feature", "geometry": {"type": "Point", "coordinates": [86.4046801818572, 23.876546515433795]}, "properties": {"city": "dhanbad", "lst_c": 43.17}}, {"type": "Feature", "geometry": {"type": "Point", "coordinates": [86.40872260063574, 23.876546515433795]}, "properties": {"city": "dhanbad", "lst_c": 43.09}}, {"type": "Feature", "geometry": {"type": "Point", "coordinates": [86.41276501941428, 23.876546515433795]}, "properties": {"city": "dhanbad", "lst_c": 44.49}}, {"type": "Feature", "geometry": {"type": "Point", "coordinates": [86.41680743819282, 23.876546515433795]}, "properties": {"city": "dhanbad", "lst_c": 44.06}}, {"type": "Feature", "geometry": {"type": "Point", "coordinates": [86.42084985697136, 23.876546515433795]}, "properties": {"city": "dhanbad", "lst_c": 43.26}}, {"type": "Feature", "geometry": {"type": "Point", "coordinates": [86.4248922757499, 23.876546515433795]}, "properties": {"city": "dhanbad", "lst_c": 44.77}}, {"type": "Feature", "geometry": {"type": "Point", "coordinates": [86.42893469452844, 23.876546515433795]}, "properties": {"city": "dhanbad", "lst_c": 44.12}}, {"type": "Feature", "geometry": {"type": "Point", "coordinates": [86.43297711330698, 23.876546515433795]}, "properties": {"city": "dhanbad", "lst_c": 43.83}}, {"type": "Feature", "geometry": {"type": "Point", "coordinates": [86.43701953208551, 23.876546515433795]}, "properties": {"city": "dhanbad", "lst_c": 42.74}}, {"type": "Feature", "geometry": {"type": "Point", "coordinates": [86.44106195086405, 23.876546515433795]}, "properties": {"city": "dhanbad", "lst_c": 42.11}}, {"type": "Feature", "geometry": {"type": "Point", "coordinates": [86.44510436964259, 23.876546515433795]}, "properties": {"city": "dhanbad", "lst_c": 43.32}}, {"type": "Feature", "geometry": {"type": "Point", "coordinates": [86.44914678842113, 23.876546515433795]}, "properties": {"city": "dhanbad", "lst_c": 43.19}}, {"type": "Feature", "geometry": {"type": "Point", "coordinates": [86.45318920719966, 23.876546515433795]}, "properties": {"city": "dhanbad", "lst_c": 43.03}}, {"type": "Feature", "geometry": {"type": "Point", "coordinates": [86.4572316259782, 23.876546515433795]}, "properties": {"city": "dhanbad", "lst_c": 42.4}}, {"type": "Feature", "geometry": {"type": "Point", "coordinates": [86.46127404475673, 23.876546515433795]}, "properties": {"city": "dhanbad", "lst_c": 42.3}}, {"type": "Feature", "geometry": {"type": "Point", "coordinates": [86.46531646353527, 23.876546515433795]}, "properties": {"city": "dhanbad", "lst_c": 42.38}}, {"type": "Feature", "geometry": {"type": "Point", "coordinates": [86.46935888231381, 23.876546515433795]}, "properties": {"city": "dhanbad", "lst_c": 41.56}}, {"type": "Feature", "geometry": {"type": "Point", "coordinates": [86.47340130109235, 23.876546515433795]}, "properties": {"city": "dhanbad", "lst_c": 40.47}}, {"type": "Feature", "geometry": {"type": "Point", "coordinates": [86.47744371987089, 23.876546515433795]}, "properties": {"city": "dhanbad", "lst_c": 41.86}}, {"type": "Feature", "geometry": {"type": "Point", "coordinates": [86.48148613864943, 23.876546515433795]}, "properties": {"city": "dhanbad", "lst_c": 41.09}}, {"type": "Feature", "geometry": {"type": "Point", "coordinates": [86.48552855742797, 23.876546515433795]}, "properties": {"city": "dhanbad", "lst_c": 42.2}}, {"type": "Feature", "geometry": {"type": "Point", "coordinates": [86.48957097620651, 23.876546515433795]}, "properties": {"city": "dhanbad", "lst_c": 41.93}}, {"type": "Feature", "geometry": {"type": "Point", "coordinates": [86.49361339498505, 23.876546515433795]}, "properties": {"city": "dhanbad", "lst_c": 42.61}}, {"type": "Feature", "geometry": {"type": "Point", "coordinates": [86.49765581376359, 23.876546515433795]}, "properties": {"city": "dhanbad", "lst_c": 42.21}}, {"type": "Feature", "geometry": {"type": "Point", "coordinates": [86.50169823254211, 23.876546515433795]}, "properties": {"city": "dhanbad", "lst_c": 42.13}}, {"type": "Feature", "geometry": {"type": "Point", "coordinates": [86.50574065132065, 23.876546515433795]}, "properties": {"city": "dhanbad", "lst_c": 42.9}}, {"type": "Feature", "geometry": {"type": "Point", "coordinates": [86.50978307009919, 23.876546515433795]}, "properties": {"city": "dhanbad", "lst_c": 42.77}}, {"type": "Feature", "geometry": {"type": "Point", "coordinates": [86.51382548887773, 23.876546515433795]}, "properties": {"city": "dhanbad", "lst_c": 41.29}}, {"type": "Feature", "geometry": {"type": "Point", "coordinates": [86.51786790765627, 23.876546515433795]}, "properties": {"city": "dhanbad", "lst_c": 41.09}}, {"type": "Feature", "geometry": {"type": "Point", "coordinates": [86.5219103264348, 23.876546515433795]}, "properties": {"city": "dhanbad", "lst_c": 42.91}}, {"type": "Feature", "geometry": {"type": "Point", "coordinates": [86.52595274521335, 23.876546515433795]}, "properties": {"city": "dhanbad", "lst_c": 43.64}}, {"type": "Feature", "geometry": {"type": "Point", "coordinates": [86.52999516399188, 23.876546515433795]}, "properties": {"city": "dhanbad", "lst_c": 48.28}}, {"type": "Feature", "geometry": {"type": "Point", "coordinates": [86.53403758277042, 23.876546515433795]}, "properties": {"city": "dhanbad", "lst_c": 48.77}}, {"type": "Feature", "geometry": {"type": "Point", "coordinates": [86.53808000154896, 23.876546515433795]}, "properties": {"city": "dhanbad", "lst_c": 47.82}}, {"type": "Feature", "geometry": {"type": "Point", "coordinates": [86.5421224203275, 23.876546515433795]}, "properties": {"city": "dhanbad", "lst_c": 49.01}}, {"type": "Feature", "geometry": {"type": "Point", "coordinates": [86.54616483910603, 23.876546515433795]}, "properties": {"city": "dhanbad", "lst_c": 43.97}}, {"type": "Feature", "geometry": {"type": "Point", "coordinates": [86.30361971239377, 23.88058893421233]}, "properties": {"city": "dhanbad", "lst_c": 43.28}}, {"type": "Feature", "geometry": {"type": "Point", "coordinates": [86.30766213117231, 23.88058893421233]}, "properties": {"city": "dhanbad", "lst_c": 42.96}}, {"type": "Feature", "geometry": {"type": "Point", "coordinates": [86.31170454995083, 23.88058893421233]}, "properties": {"city": "dhanbad", "lst_c": 43.94}}, {"type": "Feature", "geometry": {"type": "Point", "coordinates": [86.31574696872937, 23.88058893421233]}, "properties": {"city": "dhanbad", "lst_c": 43.96}}, {"type": "Feature", "geometry": {"type": "Point", "coordinates": [86.31978938750791, 23.88058893421233]}, "properties": {"city": "dhanbad", "lst_c": 43.03}}, {"type": "Feature", "geometry": {"type": "Point", "coordinates": [86.32383180628645, 23.88058893421233]}, "properties": {"city": "dhanbad", "lst_c": 44.31}}, {"type": "Feature", "geometry": {"type": "Point", "coordinates": [86.32787422506499, 23.88058893421233]}, "properties": {"city": "dhanbad", "lst_c": 45.08}}, {"type": "Feature", "geometry": {"type": "Point", "coordinates": [86.33191664384353, 23.88058893421233]}, "properties": {"city": "dhanbad", "lst_c": 44.38}}, {"type": "Feature", "geometry": {"type": "Point", "coordinates": [86.33595906262207, 23.88058893421233]}, "properties": {"city": "dhanbad", "lst_c": 44.47}}, {"type": "Feature", "geometry": {"type": "Point", "coordinates": [86.3400014814006, 23.88058893421233]}, "properties": {"city": "dhanbad", "lst_c": 44.33}}, {"type": "Feature", "geometry": {"type": "Point", "coordinates": [86.34404390017914, 23.88058893421233]}, "properties": {"city": "dhanbad", "lst_c": 42.55}}, {"type": "Feature", "geometry": {"type": "Point", "coordinates": [86.34808631895768, 23.88058893421233]}, "properties": {"city": "dhanbad", "lst_c": 44.03}}, {"type": "Feature", "geometry": {"type": "Point", "coordinates": [86.35212873773622, 23.88058893421233]}, "properties": {"city": "dhanbad", "lst_c": 42.61}}, {"type": "Feature", "geometry": {"type": "Point", "coordinates": [86.35617115651476, 23.88058893421233]}, "properties": {"city": "dhanbad", "lst_c": 42.75}}, {"type": "Feature", "geometry": {"type": "Point", "coordinates": [86.36021357529329, 23.88058893421233]}, "properties": {"city": "dhanbad", "lst_c": 42.59}}, {"type": "Feature", "geometry": {"type": "Point", "coordinates": [86.36425599407183, 23.88058893421233]}, "properties": {"city": "dhanbad", "lst_c": 42.97}}, {"type": "Feature", "geometry": {"type": "Point", "coordinates": [86.36829841285036, 23.88058893421233]}, "properties": {"city": "dhanbad", "lst_c": 42.39}}, {"type": "Feature", "geometry": {"type": "Point", "coordinates": [86.3723408316289, 23.88058893421233]}, "properties": {"city": "dhanbad", "lst_c": 44.48}}, {"type": "Feature", "geometry": {"type": "Point", "coordinates": [86.37638325040744, 23.88058893421233]}, "properties": {"city": "dhanbad", "lst_c": 44.39}}, {"type": "Feature", "geometry": {"type": "Point", "coordinates": [86.38042566918598, 23.88058893421233]}, "properties": {"city": "dhanbad", "lst_c": 42.73}}, {"type": "Feature", "geometry": {"type": "Point", "coordinates": [86.38446808796452, 23.88058893421233]}, "properties": {"city": "dhanbad", "lst_c": 42.91}}, {"type": "Feature", "geometry": {"type": "Point", "coordinates": [86.38851050674306, 23.88058893421233]}, "properties": {"city": "dhanbad", "lst_c": 43.11}}, {"type": "Feature", "geometry": {"type": "Point", "coordinates": [86.3925529255216, 23.88058893421233]}, "properties": {"city": "dhanbad", "lst_c": 42.92}}, {"type": "Feature", "geometry": {"type": "Point", "coordinates": [86.39659534430014, 23.88058893421233]}, "properties": {"city": "dhanbad", "lst_c": 44.1}}, {"type": "Feature", "geometry": {"type": "Point", "coordinates": [86.40063776307868, 23.88058893421233]}, "properties": {"city": "dhanbad", "lst_c": 43.68}}, {"type": "Feature", "geometry": {"type": "Point", "coordinates": [86.4046801818572, 23.88058893421233]}, "properties": {"city": "dhanbad", "lst_c": 43.0}}, {"type": "Feature", "geometry": {"type": "Point", "coordinates": [86.40872260063574, 23.88058893421233]}, "properties": {"city": "dhanbad", "lst_c": 42.06}}, {"type": "Feature", "geometry": {"type": "Point", "coordinates": [86.41276501941428, 23.88058893421233]}, "properties": {"city": "dhanbad", "lst_c": 43.04}}, {"type": "Feature", "geometry": {"type": "Point", "coordinates": [86.41680743819282, 23.88058893421233]}, "properties": {"city": "dhanbad", "lst_c": 43.63}}, {"type": "Feature", "geometry": {"type": "Point", "coordinates": [86.42084985697136, 23.88058893421233]}, "properties": {"city": "dhanbad", "lst_c": 43.23}}, {"type": "Feature", "geometry": {"type": "Point", "coordinates": [86.4248922757499, 23.88058893421233]}, "properties": {"city": "dhanbad", "lst_c": 43.81}}, {"type": "Feature", "geometry": {"type": "Point", "coordinates": [86.42893469452844, 23.88058893421233]}, "properties": {"city": "dhanbad", "lst_c": 43.65}}, {"type": "Feature", "geometry": {"type": "Point", "coordinates": [86.43297711330698, 23.88058893421233]}, "properties": {"city": "dhanbad", "lst_c": 43.25}}, {"type": "Feature", "geometry": {"type": "Point", "coordinates": [86.43701953208551, 23.88058893421233]}, "properties": {"city": "dhanbad", "lst_c": 44.4}}, {"type": "Feature", "geometry": {"type": "Point", "coordinates": [86.44106195086405, 23.88058893421233]}, "properties": {"city": "dhanbad", "lst_c": 44.11}}, {"type": "Feature", "geometry": {"type": "Point", "coordinates": [86.44510436964259, 23.88058893421233]}, "properties": {"city": "dhanbad", "lst_c": 43.43}}, {"type": "Feature", "geometry": {"type": "Point", "coordinates": [86.44914678842113, 23.88058893421233]}, "properties": {"city": "dhanbad", "lst_c": 45.07}}, {"type": "Feature", "geometry": {"type": "Point", "coordinates": [86.45318920719966, 23.88058893421233]}, "properties": {"city": "dhanbad", "lst_c": 44.02}}, {"type": "Feature", "geometry": {"type": "Point", "coordinates": [86.4572316259782, 23.88058893421233]}, "properties": {"city": "dhanbad", "lst_c": 44.3}}, {"type": "Feature", "geometry": {"type": "Point", "coordinates": [86.46127404475673, 23.88058893421233]}, "properties": {"city": "dhanbad", "lst_c": 43.31}}, {"type": "Feature", "geometry": {"type": "Point", "coordinates": [86.46531646353527, 23.88058893421233]}, "properties": {"city": "dhanbad", "lst_c": 41.02}}, {"type": "Feature", "geometry": {"type": "Point", "coordinates": [86.46935888231381, 23.88058893421233]}, "properties": {"city": "dhanbad", "lst_c": 42.24}}, {"type": "Feature", "geometry": {"type": "Point", "coordinates": [86.47340130109235, 23.88058893421233]}, "properties": {"city": "dhanbad", "lst_c": 42.87}}, {"type": "Feature", "geometry": {"type": "Point", "coordinates": [86.47744371987089, 23.88058893421233]}, "properties": {"city": "dhanbad", "lst_c": 42.79}}, {"type": "Feature", "geometry": {"type": "Point", "coordinates": [86.48148613864943, 23.88058893421233]}, "properties": {"city": "dhanbad", "lst_c": 42.08}}, {"type": "Feature", "geometry": {"type": "Point", "coordinates": [86.48552855742797, 23.88058893421233]}, "properties": {"city": "dhanbad", "lst_c": 42.34}}, {"type": "Feature", "geometry": {"type": "Point", "coordinates": [86.48957097620651, 23.88058893421233]}, "properties": {"city": "dhanbad", "lst_c": 41.82}}, {"type": "Feature", "geometry": {"type": "Point", "coordinates": [86.49361339498505, 23.88058893421233]}, "properties": {"city": "dhanbad", "lst_c": 41.52}}, {"type": "Feature", "geometry": {"type": "Point", "coordinates": [86.49765581376359, 23.88058893421233]}, "properties": {"city": "dhanbad", "lst_c": 41.14}}, {"type": "Feature", "geometry": {"type": "Point", "coordinates": [86.50169823254211, 23.88058893421233]}, "properties": {"city": "dhanbad", "lst_c": 41.67}}, {"type": "Feature", "geometry": {"type": "Point", "coordinates": [86.50574065132065, 23.88058893421233]}, "properties": {"city": "dhanbad", "lst_c": 43.0}}, {"type": "Feature", "geometry": {"type": "Point", "coordinates": [86.50978307009919, 23.88058893421233]}, "properties": {"city": "dhanbad", "lst_c": 42.38}}, {"type": "Feature", "geometry": {"type": "Point", "coordinates": [86.51382548887773, 23.88058893421233]}, "properties": {"city": "dhanbad", "lst_c": 44.08}}, {"type": "Feature", "geometry": {"type": "Point", "coordinates": [86.51786790765627, 23.88058893421233]}, "properties": {"city": "dhanbad", "lst_c": 40.84}}, {"type": "Feature", "geometry": {"type": "Point", "coordinates": [86.5219103264348, 23.88058893421233]}, "properties": {"city": "dhanbad", "lst_c": 42.48}}, {"type": "Feature", "geometry": {"type": "Point", "coordinates": [86.52595274521335, 23.88058893421233]}, "properties": {"city": "dhanbad", "lst_c": 43.12}}, {"type": "Feature", "geometry": {"type": "Point", "coordinates": [86.52999516399188, 23.88058893421233]}, "properties": {"city": "dhanbad", "lst_c": 45.79}}, {"type": "Feature", "geometry": {"type": "Point", "coordinates": [86.53403758277042, 23.88058893421233]}, "properties": {"city": "dhanbad", "lst_c": 47.42}}, {"type": "Feature", "geometry": {"type": "Point", "coordinates": [86.53808000154896, 23.88058893421233]}, "properties": {"city": "dhanbad", "lst_c": 48.18}}, {"type": "Feature", "geometry": {"type": "Point", "coordinates": [86.5421224203275, 23.88058893421233]}, "properties": {"city": "dhanbad", "lst_c": 48.19}}, {"type": "Feature", "geometry": {"type": "Point", "coordinates": [86.54616483910603, 23.88058893421233]}, "properties": {"city": "dhanbad", "lst_c": 48.42}}, {"type": "Feature", "geometry": {"type": "Point", "coordinates": [86.30361971239377, 23.88463135299087]}, "properties": {"city": "dhanbad", "lst_c": 43.57}}, {"type": "Feature", "geometry": {"type": "Point", "coordinates": [86.30766213117231, 23.88463135299087]}, "properties": {"city": "dhanbad", "lst_c": 43.75}}, {"type": "Feature", "geometry": {"type": "Point", "coordinates": [86.31170454995083, 23.88463135299087]}, "properties": {"city": "dhanbad", "lst_c": 43.65}}, {"type": "Feature", "geometry": {"type": "Point", "coordinates": [86.31574696872937, 23.88463135299087]}, "properties": {"city": "dhanbad", "lst_c": 45.35}}, {"type": "Feature", "geometry": {"type": "Point", "coordinates": [86.31978938750791, 23.88463135299087]}, "properties": {"city": "dhanbad", "lst_c": 43.81}}, {"type": "Feature", "geometry": {"type": "Point", "coordinates": [86.32383180628645, 23.88463135299087]}, "properties": {"city": "dhanbad", "lst_c": 44.23}}, {"type": "Feature", "geometry": {"type": "Point", "coordinates": [86.32787422506499, 23.88463135299087]}, "properties": {"city": "dhanbad", "lst_c": 46.11}}, {"type": "Feature", "geometry": {"type": "Point", "coordinates": [86.33191664384353, 23.88463135299087]}, "properties": {"city": "dhanbad", "lst_c": 44.58}}, {"type": "Feature", "geometry": {"type": "Point", "coordinates": [86.33595906262207, 23.88463135299087]}, "properties": {"city": "dhanbad", "lst_c": 43.58}}, {"type": "Feature", "geometry": {"type": "Point", "coordinates": [86.3400014814006, 23.88463135299087]}, "properties": {"city": "dhanbad", "lst_c": 43.91}}, {"type": "Feature", "geometry": {"type": "Point", "coordinates": [86.34404390017914, 23.88463135299087]}, "properties": {"city": "dhanbad", "lst_c": 44.57}}, {"type": "Feature", "geometry": {"type": "Point", "coordinates": [86.34808631895768, 23.88463135299087]}, "properties": {"city": "dhanbad", "lst_c": 43.31}}, {"type": "Feature", "geometry": {"type": "Point", "coordinates": [86.35212873773622, 23.88463135299087]}, "properties": {"city": "dhanbad", "lst_c": 42.16}}, {"type": "Feature", "geometry": {"type": "Point", "coordinates": [86.35617115651476, 23.88463135299087]}, "properties": {"city": "dhanbad", "lst_c": 42.82}}, {"type": "Feature", "geometry": {"type": "Point", "coordinates": [86.36021357529329, 23.88463135299087]}, "properties": {"city": "dhanbad", "lst_c": 42.73}}, {"type": "Feature", "geometry": {"type": "Point", "coordinates": [86.36425599407183, 23.88463135299087]}, "properties": {"city": "dhanbad", "lst_c": 43.68}}, {"type": "Feature", "geometry": {"type": "Point", "coordinates": [86.36829841285036, 23.88463135299087]}, "properties": {"city": "dhanbad", "lst_c": 43.91}}, {"type": "Feature", "geometry": {"type": "Point", "coordinates": [86.3723408316289, 23.88463135299087]}, "properties": {"city": "dhanbad", "lst_c": 43.14}}, {"type": "Feature", "geometry": {"type": "Point", "coordinates": [86.37638325040744, 23.88463135299087]}, "properties": {"city": "dhanbad", "lst_c": 42.64}}, {"type": "Feature", "geometry": {"type": "Point", "coordinates": [86.38042566918598, 23.88463135299087]}, "properties": {"city": "dhanbad", "lst_c": 43.94}}, {"type": "Feature", "geometry": {"type": "Point", "coordinates": [86.38446808796452, 23.88463135299087]}, "properties": {"city": "dhanbad", "lst_c": 44.14}}, {"type": "Feature", "geometry": {"type": "Point", "coordinates": [86.38851050674306, 23.88463135299087]}, "properties": {"city": "dhanbad", "lst_c": 44.38}}, {"type": "Feature", "geometry": {"type": "Point", "coordinates": [86.3925529255216, 23.88463135299087]}, "properties": {"city": "dhanbad", "lst_c": 43.26}}, {"type": "Feature", "geometry": {"type": "Point", "coordinates": [86.39659534430014, 23.88463135299087]}, "properties": {"city": "dhanbad", "lst_c": 43.74}}, {"type": "Feature", "geometry": {"type": "Point", "coordinates": [86.40063776307868, 23.88463135299087]}, "properties": {"city": "dhanbad", "lst_c": 44.98}}, {"type": "Feature", "geometry": {"type": "Point", "coordinates": [86.4046801818572, 23.88463135299087]}, "properties": {"city": "dhanbad", "lst_c": 43.49}}, {"type": "Feature", "geometry": {"type": "Point", "coordinates": [86.40872260063574, 23.88463135299087]}, "properties": {"city": "dhanbad", "lst_c": 43.32}}, {"type": "Feature", "geometry": {"type": "Point", "coordinates": [86.41276501941428, 23.88463135299087]}, "properties": {"city": "dhanbad", "lst_c": 44.72}}, {"type": "Feature", "geometry": {"type": "Point", "coordinates": [86.41680743819282, 23.88463135299087]}, "properties": {"city": "dhanbad", "lst_c": 42.04}}, {"type": "Feature", "geometry": {"type": "Point", "coordinates": [86.42084985697136, 23.88463135299087]}, "properties": {"city": "dhanbad", "lst_c": 43.69}}, {"type": "Feature", "geometry": {"type": "Point", "coordinates": [86.4248922757499, 23.88463135299087]}, "properties": {"city": "dhanbad", "lst_c": 43.63}}, {"type": "Feature", "geometry": {"type": "Point", "coordinates": [86.42893469452844, 23.88463135299087]}, "properties": {"city": "dhanbad", "lst_c": 43.75}}, {"type": "Feature", "geometry": {"type": "Point", "coordinates": [86.43297711330698, 23.88463135299087]}, "properties": {"city": "dhanbad", "lst_c": 41.96}}, {"type": "Feature", "geometry": {"type": "Point", "coordinates": [86.43701953208551, 23.88463135299087]}, "properties": {"city": "dhanbad", "lst_c": 43.18}}, {"type": "Feature", "geometry": {"type": "Point", "coordinates": [86.44106195086405, 23.88463135299087]}, "properties": {"city": "dhanbad", "lst_c": 43.11}}, {"type": "Feature", "geometry": {"type": "Point", "coordinates": [86.44510436964259, 23.88463135299087]}, "properties": {"city": "dhanbad", "lst_c": 42.47}}, {"type": "Feature", "geometry": {"type": "Point", "coordinates": [86.44914678842113, 23.88463135299087]}, "properties": {"city": "dhanbad", "lst_c": 44.25}}, {"type": "Feature", "geometry": {"type": "Point", "coordinates": [86.45318920719966, 23.88463135299087]}, "properties": {"city": "dhanbad", "lst_c": 44.23}}, {"type": "Feature", "geometry": {"type": "Point", "coordinates": [86.4572316259782, 23.88463135299087]}, "properties": {"city": "dhanbad", "lst_c": 45.3}}, {"type": "Feature", "geometry": {"type": "Point", "coordinates": [86.46127404475673, 23.88463135299087]}, "properties": {"city": "dhanbad", "lst_c": 42.44}}, {"type": "Feature", "geometry": {"type": "Point", "coordinates": [86.46531646353527, 23.88463135299087]}, "properties": {"city": "dhanbad", "lst_c": 43.27}}, {"type": "Feature", "geometry": {"type": "Point", "coordinates": [86.46935888231381, 23.88463135299087]}, "properties": {"city": "dhanbad", "lst_c": 44.19}}, {"type": "Feature", "geometry": {"type": "Point", "coordinates": [86.47340130109235, 23.88463135299087]}, "properties": {"city": "dhanbad", "lst_c": 43.66}}, {"type": "Feature", "geometry": {"type": "Point", "coordinates": [86.47744371987089, 23.88463135299087]}, "properties": {"city": "dhanbad", "lst_c": 42.42}}, {"type": "Feature", "geometry": {"type": "Point", "coordinates": [86.48148613864943, 23.88463135299087]}, "properties": {"city": "dhanbad", "lst_c": 43.16}}, {"type": "Feature", "geometry": {"type": "Point", "coordinates": [86.48552855742797, 23.88463135299087]}, "properties": {"city": "dhanbad", "lst_c": 42.78}}, {"type": "Feature", "geometry": {"type": "Point", "coordinates": [86.48957097620651, 23.88463135299087]}, "properties": {"city": "dhanbad", "lst_c": 42.28}}, {"type": "Feature", "geometry": {"type": "Point", "coordinates": [86.49361339498505, 23.88463135299087]}, "properties": {"city": "dhanbad", "lst_c": 42.94}}, {"type": "Feature", "geometry": {"type": "Point", "coordinates": [86.49765581376359, 23.88463135299087]}, "properties": {"city": "dhanbad", "lst_c": 43.7}}, {"type": "Feature", "geometry": {"type": "Point", "coordinates": [86.50169823254211, 23.88463135299087]}, "properties": {"city": "dhanbad", "lst_c": 41.69}}, {"type": "Feature", "geometry": {"type": "Point", "coordinates": [86.50574065132065, 23.88463135299087]}, "properties": {"city": "dhanbad", "lst_c": 41.56}}, {"type": "Feature", "geometry": {"type": "Point", "coordinates": [86.50978307009919, 23.88463135299087]}, "properties": {"city": "dhanbad", "lst_c": 41.53}}, {"type": "Feature", "geometry": {"type": "Point", "coordinates": [86.51382548887773, 23.88463135299087]}, "properties": {"city": "dhanbad", "lst_c": 42.8}}, {"type": "Feature", "geometry": {"type": "Point", "coordinates": [86.51786790765627, 23.88463135299087]}, "properties": {"city": "dhanbad", "lst_c": 41.34}}, {"type": "Feature", "geometry": {"type": "Point", "coordinates": [86.5219103264348, 23.88463135299087]}, "properties": {"city": "dhanbad", "lst_c": 42.5}}, {"type": "Feature", "geometry": {"type": "Point", "coordinates": [86.52595274521335, 23.88463135299087]}, "properties": {"city": "dhanbad", "lst_c": 42.36}}, {"type": "Feature", "geometry": {"type": "Point", "coordinates": [86.52999516399188, 23.88463135299087]}, "properties": {"city": "dhanbad", "lst_c": 46.04}}, {"type": "Feature", "geometry": {"type": "Point", "coordinates": [86.53403758277042, 23.88463135299087]}, "properties": {"city": "dhanbad", "lst_c": 46.3}}, {"type": "Feature", "geometry": {"type": "Point", "coordinates": [86.53808000154896, 23.88463135299087]}, "properties": {"city": "dhanbad", "lst_c": 49.66}}, {"type": "Feature", "geometry": {"type": "Point", "coordinates": [86.5421224203275, 23.88463135299087]}, "properties": {"city": "dhanbad", "lst_c": 49.83}}, {"type": "Feature", "geometry": {"type": "Point", "coordinates": [86.54616483910603, 23.88463135299087]}, "properties": {"city": "dhanbad", "lst_c": 48.31}}, {"type": "Feature", "geometry": {"type": "Point", "coordinates": [86.30361971239377, 23.888673771769405]}, "properties": {"city": "dhanbad", "lst_c": 43.66}}, {"type": "Feature", "geometry": {"type": "Point", "coordinates": [86.30766213117231, 23.888673771769405]}, "properties": {"city": "dhanbad", "lst_c": 43.59}}, {"type": "Feature", "geometry": {"type": "Point", "coordinates": [86.31170454995083, 23.888673771769405]}, "properties": {"city": "dhanbad", "lst_c": 44.53}}, {"type": "Feature", "geometry": {"type": "Point", "coordinates": [86.31574696872937, 23.888673771769405]}, "properties": {"city": "dhanbad", "lst_c": 41.58}}, {"type": "Feature", "geometry": {"type": "Point", "coordinates": [86.31978938750791, 23.888673771769405]}, "properties": {"city": "dhanbad", "lst_c": 43.53}}, {"type": "Feature", "geometry": {"type": "Point", "coordinates": [86.32383180628645, 23.888673771769405]}, "properties": {"city": "dhanbad", "lst_c": 45.26}}, {"type": "Feature", "geometry": {"type": "Point", "coordinates": [86.32787422506499, 23.888673771769405]}, "properties": {"city": "dhanbad", "lst_c": 45.75}}, {"type": "Feature", "geometry": {"type": "Point", "coordinates": [86.33191664384353, 23.888673771769405]}, "properties": {"city": "dhanbad", "lst_c": 43.93}}, {"type": "Feature", "geometry": {"type": "Point", "coordinates": [86.33595906262207, 23.888673771769405]}, "properties": {"city": "dhanbad", "lst_c": 43.81}}, {"type": "Feature", "geometry": {"type": "Point", "coordinates": [86.3400014814006, 23.888673771769405]}, "properties": {"city": "dhanbad", "lst_c": 43.77}}, {"type": "Feature", "geometry": {"type": "Point", "coordinates": [86.34404390017914, 23.888673771769405]}, "properties": {"city": "dhanbad", "lst_c": 43.61}}, {"type": "Feature", "geometry": {"type": "Point", "coordinates": [86.34808631895768, 23.888673771769405]}, "properties": {"city": "dhanbad", "lst_c": 43.58}}, {"type": "Feature", "geometry": {"type": "Point", "coordinates": [86.35212873773622, 23.888673771769405]}, "properties": {"city": "dhanbad", "lst_c": 45.27}}, {"type": "Feature", "geometry": {"type": "Point", "coordinates": [86.35617115651476, 23.888673771769405]}, "properties": {"city": "dhanbad", "lst_c": 44.56}}, {"type": "Feature", "geometry": {"type": "Point", "coordinates": [86.36021357529329, 23.888673771769405]}, "properties": {"city": "dhanbad", "lst_c": 40.61}}, {"type": "Feature", "geometry": {"type": "Point", "coordinates": [86.36425599407183, 23.888673771769405]}, "properties": {"city": "dhanbad", "lst_c": 42.94}}, {"type": "Feature", "geometry": {"type": "Point", "coordinates": [86.36829841285036, 23.888673771769405]}, "properties": {"city": "dhanbad", "lst_c": 44.01}}, {"type": "Feature", "geometry": {"type": "Point", "coordinates": [86.3723408316289, 23.888673771769405]}, "properties": {"city": "dhanbad", "lst_c": 42.3}}, {"type": "Feature", "geometry": {"type": "Point", "coordinates": [86.37638325040744, 23.888673771769405]}, "properties": {"city": "dhanbad", "lst_c": 43.59}}, {"type": "Feature", "geometry": {"type": "Point", "coordinates": [86.38042566918598, 23.888673771769405]}, "properties": {"city": "dhanbad", "lst_c": 43.67}}, {"type": "Feature", "geometry": {"type": "Point", "coordinates": [86.38446808796452, 23.888673771769405]}, "properties": {"city": "dhanbad", "lst_c": 43.12}}, {"type": "Feature", "geometry": {"type": "Point", "coordinates": [86.38851050674306, 23.888673771769405]}, "properties": {"city": "dhanbad", "lst_c": 45.82}}, {"type": "Feature", "geometry": {"type": "Point", "coordinates": [86.3925529255216, 23.888673771769405]}, "properties": {"city": "dhanbad", "lst_c": 44.84}}, {"type": "Feature", "geometry": {"type": "Point", "coordinates": [86.39659534430014, 23.888673771769405]}, "properties": {"city": "dhanbad", "lst_c": 45.55}}, {"type": "Feature", "geometry": {"type": "Point", "coordinates": [86.40063776307868, 23.888673771769405]}, "properties": {"city": "dhanbad", "lst_c": 44.95}}, {"type": "Feature", "geometry": {"type": "Point", "coordinates": [86.4046801818572, 23.888673771769405]}, "properties": {"city": "dhanbad", "lst_c": 44.12}}, {"type": "Feature", "geometry": {"type": "Point", "coordinates": [86.40872260063574, 23.888673771769405]}, "properties": {"city": "dhanbad", "lst_c": 43.47}}, {"type": "Feature", "geometry": {"type": "Point", "coordinates": [86.41276501941428, 23.888673771769405]}, "properties": {"city": "dhanbad", "lst_c": 43.25}}, {"type": "Feature", "geometry": {"type": "Point", "coordinates": [86.41680743819282, 23.888673771769405]}, "properties": {"city": "dhanbad", "lst_c": 42.55}}, {"type": "Feature", "geometry": {"type": "Point", "coordinates": [86.42084985697136, 23.888673771769405]}, "properties": {"city": "dhanbad", "lst_c": 44.77}}, {"type": "Feature", "geometry": {"type": "Point", "coordinates": [86.4248922757499, 23.888673771769405]}, "properties": {"city": "dhanbad", "lst_c": 45.17}}, {"type": "Feature", "geometry": {"type": "Point", "coordinates": [86.42893469452844, 23.888673771769405]}, "properties": {"city": "dhanbad", "lst_c": 43.06}}, {"type": "Feature", "geometry": {"type": "Point", "coordinates": [86.43297711330698, 23.888673771769405]}, "properties": {"city": "dhanbad", "lst_c": 42.29}}, {"type": "Feature", "geometry": {"type": "Point", "coordinates": [86.43701953208551, 23.888673771769405]}, "properties": {"city": "dhanbad", "lst_c": 42.32}}, {"type": "Feature", "geometry": {"type": "Point", "coordinates": [86.44106195086405, 23.888673771769405]}, "properties": {"city": "dhanbad", "lst_c": 43.06}}, {"type": "Feature", "geometry": {"type": "Point", "coordinates": [86.44510436964259, 23.888673771769405]}, "properties": {"city": "dhanbad", "lst_c": 44.01}}, {"type": "Feature", "geometry": {"type": "Point", "coordinates": [86.44914678842113, 23.888673771769405]}, "properties": {"city": "dhanbad", "lst_c": 45.51}}, {"type": "Feature", "geometry": {"type": "Point", "coordinates": [86.45318920719966, 23.888673771769405]}, "properties": {"city": "dhanbad", "lst_c": 43.49}}, {"type": "Feature", "geometry": {"type": "Point", "coordinates": [86.4572316259782, 23.888673771769405]}, "properties": {"city": "dhanbad", "lst_c": 44.17}}, {"type": "Feature", "geometry": {"type": "Point", "coordinates": [86.46127404475673, 23.888673771769405]}, "properties": {"city": "dhanbad", "lst_c": 43.15}}, {"type": "Feature", "geometry": {"type": "Point", "coordinates": [86.46531646353527, 23.888673771769405]}, "properties": {"city": "dhanbad", "lst_c": 43.24}}, {"type": "Feature", "geometry": {"type": "Point", "coordinates": [86.46935888231381, 23.888673771769405]}, "properties": {"city": "dhanbad", "lst_c": 42.78}}, {"type": "Feature", "geometry": {"type": "Point", "coordinates": [86.47340130109235, 23.888673771769405]}, "properties": {"city": "dhanbad", "lst_c": 42.78}}, {"type": "Feature", "geometry": {"type": "Point", "coordinates": [86.47744371987089, 23.888673771769405]}, "properties": {"city": "dhanbad", "lst_c": 44.02}}, {"type": "Feature", "geometry": {"type": "Point", "coordinates": [86.48148613864943, 23.888673771769405]}, "properties": {"city": "dhanbad", "lst_c": 42.48}}, {"type": "Feature", "geometry": {"type": "Point", "coordinates": [86.48552855742797, 23.888673771769405]}, "properties": {"city": "dhanbad", "lst_c": 42.39}}, {"type": "Feature", "geometry": {"type": "Point", "coordinates": [86.48957097620651, 23.888673771769405]}, "properties": {"city": "dhanbad", "lst_c": 42.22}}, {"type": "Feature", "geometry": {"type": "Point", "coordinates": [86.49361339498505, 23.888673771769405]}, "properties": {"city": "dhanbad", "lst_c": 42.79}}, {"type": "Feature", "geometry": {"type": "Point", "coordinates": [86.49765581376359, 23.888673771769405]}, "properties": {"city": "dhanbad", "lst_c": 42.71}}, {"type": "Feature", "geometry": {"type": "Point", "coordinates": [86.50169823254211, 23.888673771769405]}, "properties": {"city": "dhanbad", "lst_c": 42.27}}, {"type": "Feature", "geometry": {"type": "Point", "coordinates": [86.50574065132065, 23.888673771769405]}, "properties": {"city": "dhanbad", "lst_c": 42.78}}, {"type": "Feature", "geometry": {"type": "Point", "coordinates": [86.50978307009919, 23.888673771769405]}, "properties": {"city": "dhanbad", "lst_c": 42.32}}, {"type": "Feature", "geometry": {"type": "Point", "coordinates": [86.51382548887773, 23.888673771769405]}, "properties": {"city": "dhanbad", "lst_c": 42.02}}, {"type": "Feature", "geometry": {"type": "Point", "coordinates": [86.51786790765627, 23.888673771769405]}, "properties": {"city": "dhanbad", "lst_c": 40.85}}, {"type": "Feature", "geometry": {"type": "Point", "coordinates": [86.5219103264348, 23.888673771769405]}, "properties": {"city": "dhanbad", "lst_c": 43.46}}, {"type": "Feature", "geometry": {"type": "Point", "coordinates": [86.52595274521335, 23.888673771769405]}, "properties": {"city": "dhanbad", "lst_c": 43.72}}, {"type": "Feature", "geometry": {"type": "Point", "coordinates": [86.52999516399188, 23.888673771769405]}, "properties": {"city": "dhanbad", "lst_c": 44.33}}, {"type": "Feature", "geometry": {"type": "Point", "coordinates": [86.53403758277042, 23.888673771769405]}, "properties": {"city": "dhanbad", "lst_c": 46.16}}, {"type": "Feature", "geometry": {"type": "Point", "coordinates": [86.53808000154896, 23.888673771769405]}, "properties": {"city": "dhanbad", "lst_c": 46.48}}, {"type": "Feature", "geometry": {"type": "Point", "coordinates": [86.5421224203275, 23.888673771769405]}, "properties": {"city": "dhanbad", "lst_c": 48.57}}, {"type": "Feature", "geometry": {"type": "Point", "coordinates": [86.54616483910603, 23.888673771769405]}, "properties": {"city": "dhanbad", "lst_c": 47.72}}, {"type": "Feature", "geometry": {"type": "Point", "coordinates": [86.30361971239377, 23.892716190547944]}, "properties": {"city": "dhanbad", "lst_c": 40.6}}, {"type": "Feature", "geometry": {"type": "Point", "coordinates": [86.30766213117231, 23.892716190547944]}, "properties": {"city": "dhanbad", "lst_c": 41.22}}, {"type": "Feature", "geometry": {"type": "Point", "coordinates": [86.31170454995083, 23.892716190547944]}, "properties": {"city": "dhanbad", "lst_c": 40.67}}, {"type": "Feature", "geometry": {"type": "Point", "coordinates": [86.31574696872937, 23.892716190547944]}, "properties": {"city": "dhanbad", "lst_c": 40.99}}, {"type": "Feature", "geometry": {"type": "Point", "coordinates": [86.31978938750791, 23.892716190547944]}, "properties": {"city": "dhanbad", "lst_c": 41.8}}, {"type": "Feature", "geometry": {"type": "Point", "coordinates": [86.32383180628645, 23.892716190547944]}, "properties": {"city": "dhanbad", "lst_c": 40.98}}, {"type": "Feature", "geometry": {"type": "Point", "coordinates": [86.32787422506499, 23.892716190547944]}, "properties": {"city": "dhanbad", "lst_c": 41.9}}, {"type": "Feature", "geometry": {"type": "Point", "coordinates": [86.33191664384353, 23.892716190547944]}, "properties": {"city": "dhanbad", "lst_c": 44.27}}, {"type": "Feature", "geometry": {"type": "Point", "coordinates": [86.33595906262207, 23.892716190547944]}, "properties": {"city": "dhanbad", "lst_c": 43.09}}, {"type": "Feature", "geometry": {"type": "Point", "coordinates": [86.3400014814006, 23.892716190547944]}, "properties": {"city": "dhanbad", "lst_c": 44.19}}, {"type": "Feature", "geometry": {"type": "Point", "coordinates": [86.34404390017914, 23.892716190547944]}, "properties": {"city": "dhanbad", "lst_c": 43.47}}, {"type": "Feature", "geometry": {"type": "Point", "coordinates": [86.34808631895768, 23.892716190547944]}, "properties": {"city": "dhanbad", "lst_c": 45.19}}, {"type": "Feature", "geometry": {"type": "Point", "coordinates": [86.35212873773622, 23.892716190547944]}, "properties": {"city": "dhanbad", "lst_c": 42.9}}, {"type": "Feature", "geometry": {"type": "Point", "coordinates": [86.35617115651476, 23.892716190547944]}, "properties": {"city": "dhanbad", "lst_c": 43.55}}, {"type": "Feature", "geometry": {"type": "Point", "coordinates": [86.36021357529329, 23.892716190547944]}, "properties": {"city": "dhanbad", "lst_c": 45.16}}, {"type": "Feature", "geometry": {"type": "Point", "coordinates": [86.36425599407183, 23.892716190547944]}, "properties": {"city": "dhanbad", "lst_c": 42.63}}, {"type": "Feature", "geometry": {"type": "Point", "coordinates": [86.36829841285036, 23.892716190547944]}, "properties": {"city": "dhanbad", "lst_c": 41.54}}, {"type": "Feature", "geometry": {"type": "Point", "coordinates": [86.3723408316289, 23.892716190547944]}, "properties": {"city": "dhanbad", "lst_c": 44.15}}, {"type": "Feature", "geometry": {"type": "Point", "coordinates": [86.37638325040744, 23.892716190547944]}, "properties": {"city": "dhanbad", "lst_c": 40.9}}, {"type": "Feature", "geometry": {"type": "Point", "coordinates": [86.38042566918598, 23.892716190547944]}, "properties": {"city": "dhanbad", "lst_c": 43.52}}, {"type": "Feature", "geometry": {"type": "Point", "coordinates": [86.38446808796452, 23.892716190547944]}, "properties": {"city": "dhanbad", "lst_c": 42.42}}, {"type": "Feature", "geometry": {"type": "Point", "coordinates": [86.38851050674306, 23.892716190547944]}, "properties": {"city": "dhanbad", "lst_c": 44.64}}, {"type": "Feature", "geometry": {"type": "Point", "coordinates": [86.3925529255216, 23.892716190547944]}, "properties": {"city": "dhanbad", "lst_c": 44.98}}, {"type": "Feature", "geometry": {"type": "Point", "coordinates": [86.39659534430014, 23.892716190547944]}, "properties": {"city": "dhanbad", "lst_c": 43.13}}, {"type": "Feature", "geometry": {"type": "Point", "coordinates": [86.40063776307868, 23.892716190547944]}, "properties": {"city": "dhanbad", "lst_c": 44.48}}, {"type": "Feature", "geometry": {"type": "Point", "coordinates": [86.4046801818572, 23.892716190547944]}, "properties": {"city": "dhanbad", "lst_c": 44.27}}, {"type": "Feature", "geometry": {"type": "Point", "coordinates": [86.40872260063574, 23.892716190547944]}, "properties": {"city": "dhanbad", "lst_c": 43.88}}, {"type": "Feature", "geometry": {"type": "Point", "coordinates": [86.41276501941428, 23.892716190547944]}, "properties": {"city": "dhanbad", "lst_c": 44.13}}, {"type": "Feature", "geometry": {"type": "Point", "coordinates": [86.41680743819282, 23.892716190547944]}, "properties": {"city": "dhanbad", "lst_c": 43.56}}, {"type": "Feature", "geometry": {"type": "Point", "coordinates": [86.42084985697136, 23.892716190547944]}, "properties": {"city": "dhanbad", "lst_c": 43.87}}, {"type": "Feature", "geometry": {"type": "Point", "coordinates": [86.4248922757499, 23.892716190547944]}, "properties": {"city": "dhanbad", "lst_c": 44.62}}, {"type": "Feature", "geometry": {"type": "Point", "coordinates": [86.42893469452844, 23.892716190547944]}, "properties": {"city": "dhanbad", "lst_c": 42.87}}, {"type": "Feature", "geometry": {"type": "Point", "coordinates": [86.43297711330698, 23.892716190547944]}, "properties": {"city": "dhanbad", "lst_c": 43.76}}, {"type": "Feature", "geometry": {"type": "Point", "coordinates": [86.43701953208551, 23.892716190547944]}, "properties": {"city": "dhanbad", "lst_c": 42.63}}, {"type": "Feature", "geometry": {"type": "Point", "coordinates": [86.44106195086405, 23.892716190547944]}, "properties": {"city": "dhanbad", "lst_c": 43.18}}, {"type": "Feature", "geometry": {"type": "Point", "coordinates": [86.44510436964259, 23.892716190547944]}, "properties": {"city": "dhanbad", "lst_c": 43.28}}, {"type": "Feature", "geometry": {"type": "Point", "coordinates": [86.44914678842113, 23.892716190547944]}, "properties": {"city": "dhanbad", "lst_c": 45.2}}, {"type": "Feature", "geometry": {"type": "Point", "coordinates": [86.45318920719966, 23.892716190547944]}, "properties": {"city": "dhanbad", "lst_c": 44.08}}, {"type": "Feature", "geometry": {"type": "Point", "coordinates": [86.4572316259782, 23.892716190547944]}, "properties": {"city": "dhanbad", "lst_c": 42.91}}, {"type": "Feature", "geometry": {"type": "Point", "coordinates": [86.46127404475673, 23.892716190547944]}, "properties": {"city": "dhanbad", "lst_c": 43.55}}, {"type": "Feature", "geometry": {"type": "Point", "coordinates": [86.46531646353527, 23.892716190547944]}, "properties": {"city": "dhanbad", "lst_c": 42.47}}, {"type": "Feature", "geometry": {"type": "Point", "coordinates": [86.46935888231381, 23.892716190547944]}, "properties": {"city": "dhanbad", "lst_c": 43.47}}, {"type": "Feature", "geometry": {"type": "Point", "coordinates": [86.47340130109235, 23.892716190547944]}, "properties": {"city": "dhanbad", "lst_c": 40.69}}, {"type": "Feature", "geometry": {"type": "Point", "coordinates": [86.47744371987089, 23.892716190547944]}, "properties": {"city": "dhanbad", "lst_c": 43.67}}, {"type": "Feature", "geometry": {"type": "Point", "coordinates": [86.48148613864943, 23.892716190547944]}, "properties": {"city": "dhanbad", "lst_c": 41.59}}, {"type": "Feature", "geometry": {"type": "Point", "coordinates": [86.48552855742797, 23.892716190547944]}, "properties": {"city": "dhanbad", "lst_c": 42.41}}, {"type": "Feature", "geometry": {"type": "Point", "coordinates": [86.48957097620651, 23.892716190547944]}, "properties": {"city": "dhanbad", "lst_c": 43.3}}, {"type": "Feature", "geometry": {"type": "Point", "coordinates": [86.49361339498505, 23.892716190547944]}, "properties": {"city": "dhanbad", "lst_c": 42.86}}, {"type": "Feature", "geometry": {"type": "Point", "coordinates": [86.49765581376359, 23.892716190547944]}, "properties": {"city": "dhanbad", "lst_c": 42.41}}, {"type": "Feature", "geometry": {"type": "Point", "coordinates": [86.50169823254211, 23.892716190547944]}, "properties": {"city": "dhanbad", "lst_c": 43.36}}, {"type": "Feature", "geometry": {"type": "Point", "coordinates": [86.50574065132065, 23.892716190547944]}, "properties": {"city": "dhanbad", "lst_c": 42.93}}, {"type": "Feature", "geometry": {"type": "Point", "coordinates": [86.50978307009919, 23.892716190547944]}, "properties": {"city": "dhanbad", "lst_c": 43.6}}, {"type": "Feature", "geometry": {"type": "Point", "coordinates": [86.51382548887773, 23.892716190547944]}, "properties": {"city": "dhanbad", "lst_c": 42.7}}, {"type": "Feature", "geometry": {"type": "Point", "coordinates": [86.51786790765627, 23.892716190547944]}, "properties": {"city": "dhanbad", "lst_c": 42.32}}, {"type": "Feature", "geometry": {"type": "Point", "coordinates": [86.5219103264348, 23.892716190547944]}, "properties": {"city": "dhanbad", "lst_c": 43.98}}, {"type": "Feature", "geometry": {"type": "Point", "coordinates": [86.52595274521335, 23.892716190547944]}, "properties": {"city": "dhanbad", "lst_c": 43.38}}, {"type": "Feature", "geometry": {"type": "Point", "coordinates": [86.52999516399188, 23.892716190547944]}, "properties": {"city": "dhanbad", "lst_c": 44.61}}, {"type": "Feature", "geometry": {"type": "Point", "coordinates": [86.53403758277042, 23.892716190547944]}, "properties": {"city": "dhanbad", "lst_c": 46.76}}, {"type": "Feature", "geometry": {"type": "Point", "coordinates": [86.53808000154896, 23.892716190547944]}, "properties": {"city": "dhanbad", "lst_c": 47.17}}, {"type": "Feature", "geometry": {"type": "Point", "coordinates": [86.5421224203275, 23.892716190547944]}, "properties": {"city": "dhanbad", "lst_c": 48.79}}, {"type": "Feature", "geometry": {"type": "Point", "coordinates": [86.54616483910603, 23.892716190547944]}, "properties": {"city": "dhanbad", "lst_c": 47.69}}, {"type": "Feature", "geometry": {"type": "Point", "coordinates": [86.30361971239377, 23.896758609326483]}, "properties": {"city": "dhanbad", "lst_c": 36.84}}, {"type": "Feature", "geometry": {"type": "Point", "coordinates": [86.30766213117231, 23.896758609326483]}, "properties": {"city": "dhanbad", "lst_c": 37.22}}, {"type": "Feature", "geometry": {"type": "Point", "coordinates": [86.31170454995083, 23.896758609326483]}, "properties": {"city": "dhanbad", "lst_c": 38.97}}, {"type": "Feature", "geometry": {"type": "Point", "coordinates": [86.31574696872937, 23.896758609326483]}, "properties": {"city": "dhanbad", "lst_c": 38.29}}, {"type": "Feature", "geometry": {"type": "Point", "coordinates": [86.31978938750791, 23.896758609326483]}, "properties": {"city": "dhanbad", "lst_c": 38.98}}, {"type": "Feature", "geometry": {"type": "Point", "coordinates": [86.32383180628645, 23.896758609326483]}, "properties": {"city": "dhanbad", "lst_c": 41.33}}, {"type": "Feature", "geometry": {"type": "Point", "coordinates": [86.32787422506499, 23.896758609326483]}, "properties": {"city": "dhanbad", "lst_c": 42.14}}, {"type": "Feature", "geometry": {"type": "Point", "coordinates": [86.33191664384353, 23.896758609326483]}, "properties": {"city": "dhanbad", "lst_c": 44.28}}, {"type": "Feature", "geometry": {"type": "Point", "coordinates": [86.33595906262207, 23.896758609326483]}, "properties": {"city": "dhanbad", "lst_c": 45.46}}, {"type": "Feature", "geometry": {"type": "Point", "coordinates": [86.3400014814006, 23.896758609326483]}, "properties": {"city": "dhanbad", "lst_c": 44.21}}, {"type": "Feature", "geometry": {"type": "Point", "coordinates": [86.34404390017914, 23.896758609326483]}, "properties": {"city": "dhanbad", "lst_c": 44.56}}, {"type": "Feature", "geometry": {"type": "Point", "coordinates": [86.34808631895768, 23.896758609326483]}, "properties": {"city": "dhanbad", "lst_c": 45.14}}, {"type": "Feature", "geometry": {"type": "Point", "coordinates": [86.35212873773622, 23.896758609326483]}, "properties": {"city": "dhanbad", "lst_c": 41.5}}, {"type": "Feature", "geometry": {"type": "Point", "coordinates": [86.35617115651476, 23.896758609326483]}, "properties": {"city": "dhanbad", "lst_c": 42.22}}, {"type": "Feature", "geometry": {"type": "Point", "coordinates": [86.36021357529329, 23.896758609326483]}, "properties": {"city": "dhanbad", "lst_c": 43.06}}, {"type": "Feature", "geometry": {"type": "Point", "coordinates": [86.36425599407183, 23.896758609326483]}, "properties": {"city": "dhanbad", "lst_c": 42.55}}, {"type": "Feature", "geometry": {"type": "Point", "coordinates": [86.36829841285036, 23.896758609326483]}, "properties": {"city": "dhanbad", "lst_c": 42.65}}, {"type": "Feature", "geometry": {"type": "Point", "coordinates": [86.3723408316289, 23.896758609326483]}, "properties": {"city": "dhanbad", "lst_c": 43.04}}, {"type": "Feature", "geometry": {"type": "Point", "coordinates": [86.37638325040744, 23.896758609326483]}, "properties": {"city": "dhanbad", "lst_c": 44.1}}, {"type": "Feature", "geometry": {"type": "Point", "coordinates": [86.38042566918598, 23.896758609326483]}, "properties": {"city": "dhanbad", "lst_c": 42.34}}, {"type": "Feature", "geometry": {"type": "Point", "coordinates": [86.38446808796452, 23.896758609326483]}, "properties": {"city": "dhanbad", "lst_c": 42.35}}, {"type": "Feature", "geometry": {"type": "Point", "coordinates": [86.38851050674306, 23.896758609326483]}, "properties": {"city": "dhanbad", "lst_c": 45.3}}, {"type": "Feature", "geometry": {"type": "Point", "coordinates": [86.3925529255216, 23.896758609326483]}, "properties": {"city": "dhanbad", "lst_c": 46.4}}, {"type": "Feature", "geometry": {"type": "Point", "coordinates": [86.39659534430014, 23.896758609326483]}, "properties": {"city": "dhanbad", "lst_c": 43.66}}, {"type": "Feature", "geometry": {"type": "Point", "coordinates": [86.40063776307868, 23.896758609326483]}, "properties": {"city": "dhanbad", "lst_c": 44.84}}, {"type": "Feature", "geometry": {"type": "Point", "coordinates": [86.4046801818572, 23.896758609326483]}, "properties": {"city": "dhanbad", "lst_c": 44.34}}, {"type": "Feature", "geometry": {"type": "Point", "coordinates": [86.40872260063574, 23.896758609326483]}, "properties": {"city": "dhanbad", "lst_c": 43.3}}, {"type": "Feature", "geometry": {"type": "Point", "coordinates": [86.41276501941428, 23.896758609326483]}, "properties": {"city": "dhanbad", "lst_c": 41.5}}, {"type": "Feature", "geometry": {"type": "Point", "coordinates": [86.41680743819282, 23.896758609326483]}, "properties": {"city": "dhanbad", "lst_c": 43.1}}, {"type": "Feature", "geometry": {"type": "Point", "coordinates": [86.42084985697136, 23.896758609326483]}, "properties": {"city": "dhanbad", "lst_c": 42.9}}, {"type": "Feature", "geometry": {"type": "Point", "coordinates": [86.4248922757499, 23.896758609326483]}, "properties": {"city": "dhanbad", "lst_c": 41.9}}, {"type": "Feature", "geometry": {"type": "Point", "coordinates": [86.42893469452844, 23.896758609326483]}, "properties": {"city": "dhanbad", "lst_c": 42.14}}, {"type": "Feature", "geometry": {"type": "Point", "coordinates": [86.43297711330698, 23.896758609326483]}, "properties": {"city": "dhanbad", "lst_c": 43.46}}, {"type": "Feature", "geometry": {"type": "Point", "coordinates": [86.43701953208551, 23.896758609326483]}, "properties": {"city": "dhanbad", "lst_c": 42.1}}, {"type": "Feature", "geometry": {"type": "Point", "coordinates": [86.44106195086405, 23.896758609326483]}, "properties": {"city": "dhanbad", "lst_c": 42.51}}, {"type": "Feature", "geometry": {"type": "Point", "coordinates": [86.44510436964259, 23.896758609326483]}, "properties": {"city": "dhanbad", "lst_c": 42.58}}, {"type": "Feature", "geometry": {"type": "Point", "coordinates": [86.44914678842113, 23.896758609326483]}, "properties": {"city": "dhanbad", "lst_c": 44.87}}, {"type": "Feature", "geometry": {"type": "Point", "coordinates": [86.45318920719966, 23.896758609326483]}, "properties": {"city": "dhanbad", "lst_c": 43.85}}, {"type": "Feature", "geometry": {"type": "Point", "coordinates": [86.4572316259782, 23.896758609326483]}, "properties": {"city": "dhanbad", "lst_c": 42.97}}, {"type": "Feature", "geometry": {"type": "Point", "coordinates": [86.46127404475673, 23.896758609326483]}, "properties": {"city": "dhanbad", "lst_c": 42.56}}, {"type": "Feature", "geometry": {"type": "Point", "coordinates": [86.46531646353527, 23.896758609326483]}, "properties": {"city": "dhanbad", "lst_c": 44.16}}, {"type": "Feature", "geometry": {"type": "Point", "coordinates": [86.46935888231381, 23.896758609326483]}, "properties": {"city": "dhanbad", "lst_c": 42.28}}, {"type": "Feature", "geometry": {"type": "Point", "coordinates": [86.47340130109235, 23.896758609326483]}, "properties": {"city": "dhanbad", "lst_c": 42.41}}, {"type": "Feature", "geometry": {"type": "Point", "coordinates": [86.47744371987089, 23.896758609326483]}, "properties": {"city": "dhanbad", "lst_c": 44.16}}, {"type": "Feature", "geometry": {"type": "Point", "coordinates": [86.48148613864943, 23.896758609326483]}, "properties": {"city": "dhanbad", "lst_c": 43.46}}, {"type": "Feature", "geometry": {"type": "Point", "coordinates": [86.48552855742797, 23.896758609326483]}, "properties": {"city": "dhanbad", "lst_c": 43.32}}, {"type": "Feature", "geometry": {"type": "Point", "coordinates": [86.48957097620651, 23.896758609326483]}, "properties": {"city": "dhanbad", "lst_c": 43.6}}, {"type": "Feature", "geometry": {"type": "Point", "coordinates": [86.49361339498505, 23.896758609326483]}, "properties": {"city": "dhanbad", "lst_c": 43.71}}, {"type": "Feature", "geometry": {"type": "Point", "coordinates": [86.49765581376359, 23.896758609326483]}, "properties": {"city": "dhanbad", "lst_c": 42.22}}, {"type": "Feature", "geometry": {"type": "Point", "coordinates": [86.50169823254211, 23.896758609326483]}, "properties": {"city": "dhanbad", "lst_c": 41.51}}, {"type": "Feature", "geometry": {"type": "Point", "coordinates": [86.50574065132065, 23.896758609326483]}, "properties": {"city": "dhanbad", "lst_c": 41.82}}, {"type": "Feature", "geometry": {"type": "Point", "coordinates": [86.50978307009919, 23.896758609326483]}, "properties": {"city": "dhanbad", "lst_c": 43.23}}, {"type": "Feature", "geometry": {"type": "Point", "coordinates": [86.51382548887773, 23.896758609326483]}, "properties": {"city": "dhanbad", "lst_c": 43.54}}, {"type": "Feature", "geometry": {"type": "Point", "coordinates": [86.51786790765627, 23.896758609326483]}, "properties": {"city": "dhanbad", "lst_c": 44.0}}, {"type": "Feature", "geometry": {"type": "Point", "coordinates": [86.5219103264348, 23.896758609326483]}, "properties": {"city": "dhanbad", "lst_c": 42.5}}, {"type": "Feature", "geometry": {"type": "Point", "coordinates": [86.52595274521335, 23.896758609326483]}, "properties": {"city": "dhanbad", "lst_c": 43.21}}, {"type": "Feature", "geometry": {"type": "Point", "coordinates": [86.52999516399188, 23.896758609326483]}, "properties": {"city": "dhanbad", "lst_c": 43.83}}, {"type": "Feature", "geometry": {"type": "Point", "coordinates": [86.53403758277042, 23.896758609326483]}, "properties": {"city": "dhanbad", "lst_c": 47.66}}, {"type": "Feature", "geometry": {"type": "Point", "coordinates": [86.53808000154896, 23.896758609326483]}, "properties": {"city": "dhanbad", "lst_c": 46.0}}, {"type": "Feature", "geometry": {"type": "Point", "coordinates": [86.5421224203275, 23.896758609326483]}, "properties": {"city": "dhanbad", "lst_c": 47.92}}, {"type": "Feature", "geometry": {"type": "Point", "coordinates": [86.54616483910603, 23.896758609326483]}, "properties": {"city": "dhanbad", "lst_c": 46.69}}]}