{"type": "FeatureCollection", "features": [{"type": "Feature", "geometry": {"type": "Point", "coordinates": [72.80194099207735, 18.952880443174696]}, "properties": {"city": "mumbai", "lst_c": 36.46}}, {"type": "Feature", "geometry": {"type": "Point", "coordinates": [72.80598341085589, 18.952880443174696]}, "properties": {"city": "mumbai", "lst_c": 36.19}}, {"type": "Feature", "geometry": {"type": "Point", "coordinates": [72.81002582963443, 18.952880443174696]}, "properties": {"city": "mumbai", "lst_c": 33.11}}, {"type": "Feature", "geometry": {"type": "Point", "coordinates": [72.81406824841297, 18.952880443174696]}, "properties": {"city": "mumbai", "lst_c": 38.77}}, {"type": "Feature", "geometry": {"type": "Point", "coordinates": [72.8181106671915, 18.952880443174696]}, "properties": {"city": "mumbai", "lst_c": 41.79}}, {"type": "Feature", "geometry": {"type": "Point", "coordinates": [72.82215308597004, 18.952880443174696]}, "properties": {"city": "mumbai", "lst_c": 41.94}}, {"type": "Feature", "geometry": {"type": "Point", "coordinates": [72.82619550474858, 18.952880443174696]}, "properties": {"city": "mumbai", "lst_c": 43.0}}, {"type": "Feature", "geometry": {"type": "Point", "coordinates": [72.83023792352712, 18.952880443174696]}, "properties": {"city": "mumbai", "lst_c": 44.67}}, {"type": "Feature", "geometry": {"type": "Point", "coordinates": [72.83428034230566, 18.952880443174696]}, "properties": {"city": "mumbai", "lst_c": 43.64}}, {"type": "Feature", "geometry": {"type": "Point", "coordinates": [72.8383227610842, 18.952880443174696]}, "properties": {"city": "mumbai", "lst_c": 45.23}}, {"type": "Feature", "geometry": {"type": "Point", "coordinates": [72.84236517986274, 18.952880443174696]}, "properties": {"city": "mumbai", "lst_c": 46.24}}, {"type": "Feature", "geometry": {"type": "Point", "coordinates": [72.84640759864126, 18.952880443174696]}, "properties": {"city": "mumbai", "lst_c": 38.53}}, {"type": "Feature", "geometry": {"type": "Point", "coordinates": [72.8504500174198, 18.952880443174696]}, "properties": {"city": "mumbai", "lst_c": 30.21}}, {"type": "Feature", "geometry": {"type": "Point", "coordinates": [72.85449243619834, 18.952880443174696]}, "properties": {"city": "mumbai", "lst_c": 29.67}}, {"type": "Feature", "geometry": {"type": "Point", "coordinates": [72.85853485497688, 18.952880443174696]}, "properties": {"city": "mumbai", "lst_c": 29.33}}, {"type": "Feature", "geometry": {"type": "Point", "coordinates": [72.86257727375542, 18.952880443174696]}, "properties": {"city": "mumbai", "lst_c": 29.68}}, {"type": "Feature", "geometry": {"type": "Point", "coordinates": [72.86661969253396, 18.952880443174696]}, "properties": {"city": "mumbai", "lst_c": 29.71}}, {"type": "Feature", "geometry": {"type": "Point", "coordinates": [72.8706621113125, 18.952880443174696]}, "properties": {"city": "mumbai", "lst_c": 29.83}}, {"type": "Feature", "geometry": {"type": "Point", "coordinates": [72.87470453009104, 18.952880443174696]}, "properties": {"city": "mumbai", "lst_c": 29.64}}, {"type": "Feature", "geometry": {"type": "Point", "coordinates": [72.87874694886958, 18.952880443174696]}, "properties": {"city": "mumbai", "lst_c": 29.65}}, {"type": "Feature", "geometry": {"type": "Point", "coordinates": [72.88278936764812, 18.952880443174696]}, "properties": {"city": "mumbai", "lst_c": 29.65}}, {"type": "Feature", "geometry": {"type": "Point", "coordinates": [72.88683178642665, 18.952880443174696]}, "properties": {"city": "mumbai", "lst_c": 29.57}}, {"type": "Feature", "geometry": {"type": "Point", "coordinates": [72.8908742052052, 18.952880443174696]}, "properties": {"city": "mumbai", "lst_c": 29.64}}, {"type": "Feature", "geometry": {"type": "Point", "coordinates": [72.89491662398372, 18.952880443174696]}, "properties": {"city": "mumbai", "lst_c": 29.6}}, {"type": "Feature", "geometry": {"type": "Point", "coordinates": [72.89895904276226, 18.952880443174696]}, "properties": {"city": "mumbai", "lst_c": 29.78}}, {"type": "Feature", "geometry": {"type": "Point", "coordinates": [72.9030014615408, 18.952880443174696]}, "properties": {"city": "mumbai", "lst_c": 29.71}}, {"type": "Feature", "geometry": {"type": "Point", "coordinates": [72.90704388031934, 18.952880443174696]}, "properties": {"city": "mumbai", "lst_c": 29.45}}, {"type": "Feature", "geometry": {"type": "Point", "coordinates": [72.91108629909787, 18.952880443174696]}, "properties": {"city": "mumbai", "lst_c": 29.12}}, {"type": "Feature", "geometry": {"type": "Point", "coordinates": [72.91512871787641, 18.952880443174696]}, "properties": {"city": "mumbai", "lst_c": 29.53}}, {"type": "Feature", "geometry": {"type": "Point", "coordinates": [72.91917113665495, 18.952880443174696]}, "properties": {"city": "mumbai", "lst_c": 29.35}}, {"type": "Feature", "geometry": {"type": "Point", "coordinates": [72.92321355543349, 18.952880443174696]}, "properties": {"city": "mumbai", "lst_c": 29.44}}, {"type": "Feature", "geometry": {"type": "Point", "coordinates": [72.92725597421203, 18.952880443174696]}, "properties": {"city": "mumbai", "lst_c": 29.63}}, {"type": "Feature", "geometry": {"type": "Point", "coordinates": [72.93129839299057, 18.952880443174696]}, "properties": {"city": "mumbai", "lst_c": 30.0}}, {"type": "Feature", "geometry": {"type": "Point", "coordinates": [72.93534081176911, 18.952880443174696]}, "properties": {"city": "mumbai", "lst_c": 32.86}}, {"type": "Feature", "geometry": {"type": "Point", "coordinates": [72.93938323054765, 18.952880443174696]}, "properties": {"city": "mumbai", "lst_c": 30.03}}, {"type": "Feature", "geometry": {"type": "Point", "coordinates": [72.94342564932617, 18.952880443174696]}, "properties": {"city": "mumbai", "lst_c": 31.22}}, {"type": "Feature", "geometry": {"type": "Point", "coordinates": [72.94746806810471, 18.952880443174696]}, "properties": {"city": "mumbai", "lst_c": 35.19}}, {"type": "Feature", "geometry": {"type": "Point", "coordinates": [72.80194099207735, 18.956922861953235]}, "properties": {"city": "mumbai", "lst_c": 37.74}}, {"type": "Feature", "geometry": {"type": "Point", "coordinates": [72.80598341085589, 18.956922861953235]}, "properties": {"city": "mumbai", "lst_c": 37.12}}, {"type": "Feature", "geometry": {"type": "Point", "coordinates": [72.81002582963443, 18.956922861953235]}, "properties": {"city": "mumbai", "lst_c": 42.95}}, {"type": "Feature", "geometry": {"type": "Point", "coordinates": [72.81406824841297, 18.956922861953235]}, "properties": {"city": "mumbai", "lst_c": 42.39}}, {"type": "Feature", "geometry": {"type": "Point", "coordinates": [72.8181106671915, 18.956922861953235]}, "properties": {"city": "mumbai", "lst_c": 42.27}}, {"type": "Feature", "geometry": {"type": "Point", "coordinates": [72.82215308597004, 18.956922861953235]}, "properties": {"city": "mumbai", "lst_c": 40.18}}, {"type": "Feature", "geometry": {"type": "Point", "coordinates": [72.82619550474858, 18.956922861953235]}, "properties": {"city": "mumbai", "lst_c": 42.41}}, {"type": "Feature", "geometry": {"type": "Point", "coordinates": [72.83023792352712, 18.956922861953235]}, "properties": {"city": "mumbai", "lst_c": 44.32}}, {"type": "Feature", "geometry": {"type": "Point", "coordinates": [72.83428034230566, 18.956922861953235]}, "properties": {"city": "mumbai", "lst_c": 43.23}}, {"type": "Feature", "geometry": {"type": "Point", "coordinates": [72.8383227610842, 18.956922861953235]}, "properties": {"city": "mumbai", "lst_c": 43.73}}, {"type": "Feature", "geometry": {"type": "Point", "coordinates": [72.84236517986274, 18.956922861953235]}, "properties": {"city": "mumbai", "lst_c": 45.74}}, {"type": "Feature", "geometry": {"type": "Point", "coordinates": [72.84640759864126, 18.956922861953235]}, "properties": {"city": "mumbai", "lst_c": 42.84}}, {"type": "Feature", "geometry": {"type": "Point", "coordinates": [72.8504500174198, 18.956922861953235]}, "properties": {"city": "mumbai", "lst_c": 31.6}}, {"type": "Feature", "geometry": {"type": "Point", "coordinates": [72.85449243619834, 18.956922861953235]}, "properties": {"city": "mumbai", "lst_c": 29.95}}, {"type": "Feature", "geometry": {"type": "Point", "coordinates": [72.85853485497688, 18.956922861953235]}, "properties": {"city": "mumbai", "lst_c": 29.49}}, {"type": "Feature", "geometry": {"type": "Point", "coordinates": [72.86257727375542, 18.956922861953235]}, "properties": {"city": "mumbai", "lst_c": 29.61}}, {"type": "Feature", "geometry": {"type": "Point", "coordinates": [72.86661969253396, 18.956922861953235]}, "properties": {"city": "mumbai", "lst_c": 29.71}}, {"type": "Feature", "geometry": {"type": "Point", "coordinates": [72.8706621113125, 18.956922861953235]}, "properties": {"city": "mumbai", "lst_c": 30.11}}, {"type": "Feature", "geometry": {"type": "Point", "coordinates": [72.87470453009104, 18.956922861953235]}, "properties": {"city": "mumbai", "lst_c": 29.81}}, {"type": "Feature", "geometry": {"type": "Point", "coordinates": [72.87874694886958, 18.956922861953235]}, "properties": {"city": "mumbai", "lst_c": 29.54}}, {"type": "Feature", "geometry": {"type": "Point", "coordinates": [72.88278936764812, 18.956922861953235]}, "properties": {"city": "mumbai", "lst_c": 29.54}}, {"type": "Feature", "geometry": {"type": "Point", "coordinates": [72.88683178642665, 18.956922861953235]}, "properties": {"city": "mumbai", "lst_c": 29.71}}, {"type": "Feature", "geometry": {"type": "Point", "coordinates": [72.8908742052052, 18.956922861953235]}, "properties": {"city": "mumbai", "lst_c": 29.72}}, {"type": "Feature", "geometry": {"type": "Point", "coordinates": [72.89491662398372, 18.956922861953235]}, "properties": {"city": "mumbai", "lst_c": 29.77}}, {"type": "Feature", "geometry": {"type": "Point", "coordinates": [72.89895904276226, 18.956922861953235]}, "properties": {"city": "mumbai", "lst_c": 29.79}}, {"type": "Feature", "geometry": {"type": "Point", "coordinates": [72.9030014615408, 18.956922861953235]}, "properties": {"city": "mumbai", "lst_c": 33.32}}, {"type": "Feature", "geometry": {"type": "Point", "coordinates": [72.90704388031934, 18.956922861953235]}, "properties": {"city": "mumbai", "lst_c": 31.13}}, {"type": "Feature", "geometry": {"type": "Point", "coordinates": [72.91108629909787, 18.956922861953235]}, "properties": {"city": "mumbai", "lst_c": 29.6}}, {"type": "Feature", "geometry": {"type": "Point", "coordinates": [72.91512871787641, 18.956922861953235]}, "properties": {"city": "mumbai", "lst_c": 29.56}}, {"type": "Feature", "geometry": {"type": "Point", "coordinates": [72.91917113665495, 18.956922861953235]}, "properties": {"city": "mumbai", "lst_c": 29.48}}, {"type": "Feature", "geometry": {"type": "Point", "coordinates": [72.92321355543349, 18.956922861953235]}, "properties": {"city": "mumbai", "lst_c": 29.6}}, {"type": "Feature", "geometry": {"type": "Point", "coordinates": [72.92725597421203, 18.956922861953235]}, "properties": {"city": "mumbai", "lst_c": 33.4}}, {"type": "Feature", "geometry": {"type": "Point", "coordinates": [72.93129839299057, 18.956922861953235]}, "properties": {"city": "mumbai", "lst_c": 37.31}}, {"type": "Feature", "geometry": {"type": "Point", "coordinates": [72.93534081176911, 18.956922861953235]}, "properties": {"city": "mumbai", "lst_c": 41.32}}, {"type": "Feature", "geometry": {"type": "Point", "coordinates": [72.93938323054765, 18.956922861953235]}, "properties": {"city": "mumbai", "lst_c": 29.94}}, {"type": "Feature", "geometry": {"type": "Point", "coordinates": [72.94342564932617, 18.956922861953235]}, "properties": {"city": "mumbai", "lst_c": 30.16}}, {"type": "Feature", "geometry": {"type": "Point", "coordinates": [72.94746806810471, 18.956922861953235]}, "properties": {"city": "mumbai", "lst_c": 31.64}}, {"type": "Feature", "geometry": {"type": "Point", "coordinates": [72.80194099207735, 18.96096528073177]}, "properties": {"city": "mumbai", "lst_c": 38.46}}, {"type": "Feature", "geometry": {"type": "Point", "coordinates": [72.80598341085589, 18.96096528073177]}, "properties": {"city": "mumbai", "lst_c": 36.72}}, {"type": "Feature", "geometry": {"type": "Point", "coordinates": [72.81002582963443, 18.96096528073177]}, "properties": {"city": "mumbai", "lst_c": 39.32}}, {"type": "Feature", "geometry": {"type": "Point", "coordinates": [72.81406824841297, 18.96096528073177]}, "properties": {"city": "mumbai", "lst_c": 41.62}}, {"type": "Feature", "geometry": {"type": "Point", "coordinates": [72.8181106671915, 18.96096528073177]}, "properties": {"city": "mumbai", "lst_c": 43.04}}, {"type": "Feature", "geometry": {"type": "Point", "coordinates": [72.82215308597004, 18.96096528073177]}, "properties": {"city": "mumbai", "lst_c": 41.68}}, {"type": "Feature", "geometry": {"type": "Point", "coordinates": [72.82619550474858, 18.96096528073177]}, "properties": {"city": "mumbai", "lst_c": 44.44}}, {"type": "Feature", "geometry": {"type": "Point", "coordinates": [72.83023792352712, 18.96096528073177]}, "properties": {"city": "mumbai", "lst_c": 43.18}}, {"type": "Feature", "geometry": {"type": "Point", "coordinates": [72.83428034230566, 18.96096528073177]}, "properties": {"city": "mumbai", "lst_c": 44.28}}, {"type": "Feature", "geometry": {"type": "Point", "coordinates": [72.8383227610842, 18.96096528073177]}, "properties": {"city": "mumbai", "lst_c": 42.61}}, {"type": "Feature", "geometry": {"type": "Point", "coordinates": [72.84236517986274, 18.96096528073177]}, "properties": {"city": "mumbai", "lst_c": 46.07}}, {"type": "Feature", "geometry": {"type": "Point", "coordinates": [72.84640759864126, 18.96096528073177]}, "properties": {"city": "mumbai", "lst_c": 44.54}}, {"type": "Feature", "geometry": {"type": "Point", "coordinates": [72.8504500174198, 18.96096528073177]}, "properties": {"city": "mumbai", "lst_c": 30.74}}, {"type": "Feature", "geometry": {"type": "Point", "coordinates": [72.85449243619834, 18.96096528073177]}, "properties": {"city": "mumbai", "lst_c": 29.84}}, {"type": "Feature", "geometry": {"type": "Point", "coordinates": [72.85853485497688, 18.96096528073177]}, "properties": {"city": "mumbai", "lst_c": 29.54}}, {"type": "Feature", "geometry": {"type": "Point", "coordinates": [72.86257727375542, 18.96096528073177]}, "properties": {"city": "mumbai", "lst_c": 29.73}}, {"type": "Feature", "geometry": {"type": "Point", "coordinates": [72.86661969253396, 18.96096528073177]}, "properties": {"city": "mumbai", "lst_c": 29.8}}, {"type": "Feature", "geometry": {"type": "Point", "coordinates": [72.8706621113125, 18.96096528073177]}, "properties": {"city": "mumbai", "lst_c": 29.68}}, {"type": "Feature", "geometry": {"type": "Point", "coordinates": [72.87470453009104, 18.96096528073177]}, "properties": {"city": "mumbai", "lst_c": 29.54}}, {"type": "Feature", "geometry": {"type": "Point", "coordinates": [72.87874694886958, 18.96096528073177]}, "properties": {"city": "mumbai", "lst_c": 29.54}}, {"type": "Feature", "geometry": {"type": "Point", "coordinates": [72.88278936764812, 18.96096528073177]}, "properties": {"city": "mumbai", "lst_c": 29.58}}, {"type": "Feature", "geometry": {"type": "Point", "coordinates": [72.88683178642665, 18.96096528073177]}, "properties": {"city": "mumbai", "lst_c": 29.46}}, {"type": "Feature", "geometry": {"type": "Point", "coordinates": [72.8908742052052, 18.96096528073177]}, "properties": {"city": "mumbai", "lst_c": 29.63}}, {"type": "Feature", "geometry": {"type": "Point", "coordinates": [72.89491662398372, 18.96096528073177]}, "properties": {"city": "mumbai", "lst_c": 29.88}}, {"type": "Feature", "geometry": {"type": "Point", "coordinates": [72.89895904276226, 18.96096528073177]}, "properties": {"city": "mumbai", "lst_c": 33.55}}, {"type": "Feature", "geometry": {"type": "Point", "coordinates": [72.9030014615408, 18.96096528073177]}, "properties": {"city": "mumbai", "lst_c": 36.64}}, {"type": "Feature", "geometry": {"type": "Point", "coordinates": [72.90704388031934, 18.96096528073177]}, "properties": {"city": "mumbai", "lst_c": 30.18}}, {"type": "Feature", "geometry": {"type": "Point", "coordinates": [72.91108629909787, 18.96096528073177]}, "properties": {"city": "mumbai", "lst_c": 29.56}}, {"type": "Feature", "geometry": {"type": "Point", "coordinates": [72.91512871787641, 18.96096528073177]}, "properties": {"city": "mumbai", "lst_c": 29.33}}, {"type": "Feature", "geometry": {"type": "Point", "coordinates": [72.91917113665495, 18.96096528073177]}, "properties": {"city": "mumbai", "lst_c": 29.26}}, {"type": "Feature", "geometry": {"type": "Point", "coordinates": [72.92321355543349, 18.96096528073177]}, "properties": {"city": "mumbai", "lst_c": 30.1}}, {"type": "Feature", "geometry": {"type": "Point", "coordinates": [72.92725597421203, 18.96096528073177]}, "properties": {"city": "mumbai", "lst_c": 35.35}}, {"type": "Feature", "geometry": {"type": "Point", "coordinates": [72.93129839299057, 18.96096528073177]}, "properties": {"city": "mumbai", "lst_c": 38.59}}, {"type": "Feature", "geometry": {"type": "Point", "coordinates": [72.93534081176911, 18.96096528073177]}, "properties": {"city": "mumbai", "lst_c": 40.04}}, {"type": "Feature", "geometry": {"type": "Point", "coordinates": [72.93938323054765, 18.96096528073177]}, "properties": {"city": "mumbai", "lst_c": 32.92}}, {"type": "Feature", "geometry": {"type": "Point", "coordinates": [72.94342564932617, 18.96096528073177]}, "properties": {"city": "mumbai", "lst_c": 29.73}}, {"type": "Feature", "geometry": {"type": "Point", "coordinates": [72.94746806810471, 18.96096528073177]}, "properties": {"city": "mumbai", "lst_c": 30.21}}, {"type": "Feature", "geometry": {"type": "Point", "coordinates": [72.80194099207735, 18.96500769951031]}, "properties": {"city": "mumbai", "lst_c": 40.95}}, {"type": "Feature", "geometry": {"type": "Point", "coordinates": [72.80598341085589, 18.96500769951031]}, "properties": {"city": "mumbai", "lst_c": 38.85}}, {"type": "Feature", "geometry": {"type": "Point", "coordinates": [72.81002582963443, 18.96500769951031]}, "properties": {"city": "mumbai", "lst_c": 40.64}}, {"type": "Feature", "geometry": {"type": "Point", "coordinates": [72.81406824841297, 18.96500769951031]}, "properties": {"city": "mumbai", "lst_c": 40.33}}, {"type": "Feature", "geometry": {"type": "Point", "coordinates": [72.8181106671915, 18.96500769951031]}, "properties": {"city": "mumbai", "lst_c": 41.8}}, {"type": "Feature", "geometry": {"type": "Point", "coordinates": [72.82215308597004, 18.96500769951031]}, "properties": {"city": "mumbai", "lst_c": 41.9}}, {"type": "Feature", "geometry": {"type": "Point", "coordinates": [72.82619550474858, 18.96500769951031]}, "properties": {"city": "mumbai", "lst_c": 44.77}}, {"type": "Feature", "geometry": {"type": "Point", "coordinates": [72.83023792352712, 18.96500769951031]}, "properties": {"city": "mumbai", "lst_c": 43.86}}, {"type": "Feature", "geometry": {"type": "Point", "coordinates": [72.83428034230566, 18.96500769951031]}, "properties": {"city": "mumbai", "lst_c": 41.83}}, {"type": "Feature", "geometry": {"type": "Point", "coordinates": [72.8383227610842, 18.96500769951031]}, "properties": {"city": "mumbai", "lst_c": 42.88}}, {"type": "Feature", "geometry": {"type": "Point", "coordinates": [72.84236517986274, 18.96500769951031]}, "properties": {"city": "mumbai", "lst_c": 43.68}}, {"type": "Feature", "geometry": {"type": "Point", "coordinates": [72.84640759864126, 18.96500769951031]}, "properties": {"city": "mumbai", "lst_c": 41.76}}, {"type": "Feature", "geometry": {"type": "Point", "coordinates": [72.8504500174198, 18.96500769951031]}, "properties": {"city": "mumbai", "lst_c": 33.97}}, {"type": "Feature", "geometry": {"type": "Point", "coordinates": [72.85449243619834, 18.96500769951031]}, "properties": {"city": "mumbai", "lst_c": 29.94}}, {"type": "Feature", "geometry": {"type": "Point", "coordinates": [72.85853485497688, 18.96500769951031]}, "properties": {"city": "mumbai", "lst_c": 29.77}}, {"type": "Feature", "geometry": {"type": "Point", "coordinates": [72.86257727375542, 18.96500769951031]}, "properties": {"city": "mumbai", "lst_c": 30.02}}, {"type": "Feature", "geometry": {"type": "Point", "coordinates": [72.86661969253396, 18.96500769951031]}, "properties": {"city": "mumbai", "lst_c": 30.01}}, {"type": "Feature", "geometry": {"type": "Point", "coordinates": [72.8706621113125, 18.96500769951031]}, "properties": {"city": "mumbai", "lst_c": 29.75}}, {"type": "Feature", "geometry": {"type": "Point", "coordinates": [72.87470453009104, 18.96500769951031]}, "properties": {"city": "mumbai", "lst_c": 29.84}}, {"type": "Feature", "geometry": {"type": "Point", "coordinates": [72.87874694886958, 18.96500769951031]}, "properties": {"city": "mumbai", "lst_c": 29.66}}, {"type": "Feature", "geometry": {"type": "Point", "coordinates": [72.88278936764812, 18.96500769951031]}, "properties": {"city": "mumbai", "lst_c": 29.54}}, {"type": "Feature", "geometry": {"type": "Point", "coordinates": [72.88683178642665, 18.96500769951031]}, "properties": {"city": "mumbai", "lst_c": 29.55}}, {"type": "Feature", "geometry": {"type": "Point", "coordinates": [72.8908742052052, 18.96500769951031]}, "properties": {"city": "mumbai", "lst_c": 29.27}}, {"type": "Feature", "geometry": {"type": "Point", "coordinates": [72.89491662398372, 18.96500769951031]}, "properties": {"city": "mumbai", "lst_c": 29.73}}, {"type": "Feature", "geometry": {"type": "Point", "coordinates": [72.89895904276226, 18.96500769951031]}, "properties": {"city": "mumbai", "lst_c": 29.75}}, {"type": "Feature", "geometry": {"type": "Point", "coordinates": [72.9030014615408, 18.96500769951031]}, "properties": {"city": "mumbai", "lst_c": 29.7}}, {"type": "Feature", "geometry": {"type": "Point", "coordinates": [72.90704388031934, 18.96500769951031]}, "properties": {"city": "mumbai", "lst_c": 29.37}}, {"type": "Feature", "geometry": {"type": "Point", "coordinates": [72.91108629909787, 18.96500769951031]}, "properties": {"city": "mumbai", "lst_c": 29.23}}, {"type": "Feature", "geometry": {"type": "Point", "coordinates": [72.91512871787641, 18.96500769951031]}, "properties": {"city": "mumbai", "lst_c": 29.03}}, {"type": "Feature", "geometry": {"type": "Point", "coordinates": [72.91917113665495, 18.96500769951031]}, "properties": {"city": "mumbai", "lst_c": 29.31}}, {"type": "Feature", "geometry": {"type": "Point", "coordinates": [72.92321355543349, 18.96500769951031]}, "properties": {"city": "mumbai", "lst_c": 29.69}}, {"type": "Feature", "geometry": {"type": "Point", "coordinates": [72.92725597421203, 18.96500769951031]}, "properties": {"city": "mumbai", "lst_c": 35.75}}, {"type": "Feature", "geometry": {"type": "Point", "coordinates": [72.93129839299057, 18.96500769951031]}, "properties": {"city": "mumbai", "lst_c": 36.14}}, {"type": "Feature", "geometry": {"type": "Point", "coordinates": [72.93534081176911, 18.96500769951031]}, "properties": {"city": "mumbai", "lst_c": 34.96}}, {"type": "Feature", "geometry": {"type": "Point", "coordinates": [72.93938323054765, 18.96500769951031]}, "properties": {"city": "mumbai", "lst_c": 40.49}}, {"type": "Feature", "geometry": {"type": "Point", "coordinates": [72.94342564932617, 18.96500769951031]}, "properties": {"city": "mumbai", "lst_c": 30.41}}, {"type": "Feature", "geometry": {"type": "Point", "coordinates": [72.94746806810471, 18.96500769951031]}, "properties": {"city": "mumbai", "lst_c": 29.63}}, {"type": "Feature", "geometry": {"type": "Point", "coordinates": [72.80194099207735, 18.96905011828885]}, "properties": {"city": "mumbai", "lst_c": 41.42}}, {"type": "Feature", "geometry": {"type": "Point", "coordinates": [72.80598341085589, 18.96905011828885]}, "properties": {"city": "mumbai", "lst_c": 37.8}}, {"type": "Feature", "geometry": {"type": "Point", "coordinates": [72.81002582963443, 18.96905011828885]}, "properties": {"city": "mumbai", "lst_c": 37.1}}, {"type": "Feature", "geometry": {"type": "Point", "coordinates": [72.81406824841297, 18.96905011828885]}, "properties": {"city": "mumbai", "lst_c": 40.02}}, {"type": "Feature", "geometry": {"type": "Point", "coordinates": [72.8181106671915, 18.96905011828885]}, "properties": {"city": "mumbai", "lst_c": 40.52}}, {"type": "Feature", "geometry": {"type": "Point", "coordinates": [72.82215308597004, 18.96905011828885]}, "properties": {"city": "mumbai", "lst_c": 40.49}}, {"type": "Feature", "geometry": {"type": "Point", "coordinates": [72.82619550474858, 18.96905011828885]}, "properties": {"city": "mumbai", "lst_c": 43.61}}, {"type": "Feature", "geometry": {"type": "Point", "coordinates": [72.83023792352712, 18.96905011828885]}, "properties": {"city": "mumbai", "lst_c": 41.56}}, {"type": "Feature", "geometry": {"type": "Point", "coordinates": [72.83428034230566, 18.96905011828885]}, "properties": {"city": "mumbai", "lst_c": 42.31}}, {"type": "Feature", "geometry": {"type": "Point", "coordinates": [72.8383227610842, 18.96905011828885]}, "properties": {"city": "mumbai", "lst_c": 39.89}}, {"type": "Feature", "geometry": {"type": "Point", "coordinates": [72.84236517986274, 18.96905011828885]}, "properties": {"city": "mumbai", "lst_c": 40.65}}, {"type": "Feature", "geometry": {"type": "Point", "coordinates": [72.84640759864126, 18.96905011828885]}, "properties": {"city": "mumbai", "lst_c": 43.59}}, {"type": "Feature", "geometry": {"type": "Point", "coordinates": [72.8504500174198, 18.96905011828885]}, "properties": {"city": "mumbai", "lst_c": 41.25}}, {"type": "Feature", "geometry": {"type": "Point", "coordinates": [72.85449243619834, 18.96905011828885]}, "properties": {"city": "mumbai", "lst_c": 30.17}}, {"type": "Feature", "geometry": {"type": "Point", "coordinates": [72.85853485497688, 18.96905011828885]}, "properties": {"city": "mumbai", "lst_c": 29.66}}, {"type": "Feature", "geometry": {"type": "Point", "coordinates": [72.86257727375542, 18.96905011828885]}, "properties": {"city": "mumbai", "lst_c": 29.47}}, {"type": "Feature", "geometry": {"type": "Point", "coordinates": [72.86661969253396, 18.96905011828885]}, "properties": {"city": "mumbai", "lst_c": 29.63}}, {"type": "Feature", "geometry": {"type": "Point", "coordinates": [72.8706621113125, 18.96905011828885]}, "properties": {"city": "mumbai", "lst_c": 29.9}}, {"type": "Feature", "geometry": {"type": "Point", "coordinates": [72.87470453009104, 18.96905011828885]}, "properties": {"city": "mumbai", "lst_c": 30.1}}, {"type": "Feature", "geometry": {"type": "Point", "coordinates": [72.87874694886958, 18.96905011828885]}, "properties": {"city": "mumbai", "lst_c": 29.59}}, {"type": "Feature", "geometry": {"type": "Point", "coordinates": [72.88278936764812, 18.96905011828885]}, "properties": {"city": "mumbai", "lst_c": 29.6}}, {"type": "Feature", "geometry": {"type": "Point", "coordinates": [72.88683178642665, 18.96905011828885]}, "properties": {"city": "mumbai", "lst_c": 29.28}}, {"type": "Feature", "geometry": {"type": "Point", "coordinates": [72.8908742052052, 18.96905011828885]}, "properties": {"city": "mumbai", "lst_c": 29.32}}, {"type": "Feature", "geometry": {"type": "Point", "coordinates": [72.89491662398372, 18.96905011828885]}, "properties": {"city": "mumbai", "lst_c": 29.51}}, {"type": "Feature", "geometry": {"type": "Point", "coordinates": [72.89895904276226, 18.96905011828885]}, "properties": {"city": "mumbai", "lst_c": 29.37}}, {"type": "Feature", "geometry": {"type": "Point", "coordinates": [72.9030014615408, 18.96905011828885]}, "properties": {"city": "mumbai", "lst_c": 29.41}}, {"type": "Feature", "geometry": {"type": "Point", "coordinates": [72.90704388031934, 18.96905011828885]}, "properties": {"city": "mumbai", "lst_c": 29.24}}, {"type": "Feature", "geometry": {"type": "Point", "coordinates": [72.91108629909787, 18.96905011828885]}, "properties": {"city": "mumbai", "lst_c": 29.19}}, {"type": "Feature", "geometry": {"type": "Point", "coordinates": [72.91512871787641, 18.96905011828885]}, "properties": {"city": "mumbai", "lst_c": 29.23}}, {"type": "Feature", "geometry": {"type": "Point", "coordinates": [72.91917113665495, 18.96905011828885]}, "properties": {"city": "mumbai", "lst_c": 29.2}}, {"type": "Feature", "geometry": {"type": "Point", "coordinates": [72.92321355543349, 18.96905011828885]}, "properties": {"city": "mumbai", "lst_c": 29.34}}, {"type": "Feature", "geometry": {"type": "Point", "coordinates": [72.92725597421203, 18.96905011828885]}, "properties": {"city": "mumbai", "lst_c": 30.1}}, {"type": "Feature", "geometry": {"type": "Point", "coordinates": [72.93129839299057, 18.96905011828885]}, "properties": {"city": "mumbai", "lst_c": 33.75}}, {"type": "Feature", "geometry": {"type": "Point", "coordinates": [72.93534081176911, 18.96905011828885]}, "properties": {"city": "mumbai", "lst_c": 35.04}}, {"type": "Feature", "geometry": {"type": "Point", "coordinates": [72.93938323054765, 18.96905011828885]}, "properties": {"city": "mumbai", "lst_c": 39.32}}, {"type": "Feature", "geometry": {"type": "Point", "coordinates": [72.94342564932617, 18.96905011828885]}, "properties": {"city": "mumbai", "lst_c": 30.53}}, {"type": "Feature", "geometry": {"type": "Point", "coordinates": [72.94746806810471, 18.96905011828885]}, "properties": {"city": "mumbai", "lst_c": 29.56}}, {"type": "Feature", "geometry": {"type": "Point", "coordinates": [72.80194099207735, 18.973092537067384]}, "properties": {"city": "mumbai", "lst_c": 38.66}}, {"type": "Feature", "geometry": {"type": "Point", "coordinates": [72.80598341085589, 18.973092537067384]}, "properties": {"city": "mumbai", "lst_c": 39.07}}, {"type": "Feature", "geometry": {"type": "Point", "coordinates": [72.81002582963443, 18.973092537067384]}, "properties": {"city": "mumbai", "lst_c": 37.89}}, {"type": "Feature", "geometry": {"type": "Point", "coordinates": [72.81406824841297, 18.973092537067384]}, "properties": {"city": "mumbai", "lst_c": 38.69}}, {"type": "Feature", "geometry": {"type": "Point", "coordinates": [72.8181106671915, 18.973092537067384]}, "properties": {"city": "mumbai", "lst_c": 41.31}}, {"type": "Feature", "geometry": {"type": "Point", "coordinates": [72.82215308597004, 18.973092537067384]}, "properties": {"city": "mumbai", "lst_c": 40.18}}, {"type": "Feature", "geometry": {"type": "Point", "coordinates": [72.82619550474858, 18.973092537067384]}, "properties": {"city": "mumbai", "lst_c": 40.62}}, {"type": "Feature", "geometry": {"type": "Point", "coordinates": [72.83023792352712, 18.973092537067384]}, "properties": {"city": "mumbai", "lst_c": 43.08}}, {"type": "Feature", "geometry": {"type": "Point", "coordinates": [72.83428034230566, 18.973092537067384]}, "properties": {"city": "mumbai", "lst_c": 41.66}}, {"type": "Feature", "geometry": {"type": "Point", "coordinates": [72.8383227610842, 18.973092537067384]}, "properties": {"city": "mumbai", "lst_c": 41.57}}, {"type": "Feature", "geometry": {"type": "Point", "coordinates": [72.84236517986274, 18.973092537067384]}, "properties": {"city": "mumbai", "lst_c": 42.44}}, {"type": "Feature", "geometry": {"type": "Point", "coordinates": [72.84640759864126, 18.973092537067384]}, "properties": {"city": "mumbai", "lst_c": 45.55}}, {"type": "Feature", "geometry": {"type": "Point", "coordinates": [72.8504500174198, 18.973092537067384]}, "properties": {"city": "mumbai", "lst_c": 44.32}}, {"type": "Feature", "geometry": {"type": "Point", "coordinates": [72.85449243619834, 18.973092537067384]}, "properties": {"city": "mumbai", "lst_c": 33.79}}, {"type": "Feature", "geometry": {"type": "Point", "coordinates": [72.85853485497688, 18.973092537067384]}, "properties": {"city": "mumbai", "lst_c": 30.26}}, {"type": "Feature", "geometry": {"type": "Point", "coordinates": [72.86257727375542, 18.973092537067384]}, "properties": {"city": "mumbai", "lst_c": 29.85}}, {"type": "Feature", "geometry": {"type": "Point", "coordinates": [72.86661969253396, 18.973092537067384]}, "properties": {"city": "mumbai", "lst_c": 29.85}}, {"type": "Feature", "geometry": {"type": "Point", "coordinates": [72.8706621113125, 18.973092537067384]}, "properties": {"city": "mumbai", "lst_c": 29.42}}, {"type": "Feature", "geometry": {"type": "Point", "coordinates": [72.87470453009104, 18.973092537067384]}, "properties": {"city": "mumbai", "lst_c": 30.43}}, {"type": "Feature", "geometry": {"type": "Point", "coordinates": [72.87874694886958, 18.973092537067384]}, "properties": {"city": "mumbai", "lst_c": 30.43}}, {"type": "Feature", "geometry": {"type": "Point", "coordinates": [72.88278936764812, 18.973092537067384]}, "properties": {"city": "mumbai", "lst_c": 29.44}}, {"type": "Feature", "geometry": {"type": "Point", "coordinates": [72.88683178642665, 18.973092537067384]}, "properties": {"city": "mumbai", "lst_c": 29.47}}, {"type": "Feature", "geometry": {"type": "Point", "coordinates": [72.8908742052052, 18.973092537067384]}, "properties": {"city": "mumbai", "lst_c": 29.2}}, {"type": "Feature", "geometry": {"type": "Point", "coordinates": [72.89491662398372, 18.973092537067384]}, "properties": {"city": "mumbai", "lst_c": 29.41}}, {"type": "Feature", "geometry": {"type": "Point", "coordinates": [72.89895904276226, 18.973092537067384]}, "properties": {"city": "mumbai", "lst_c": 29.04}}, {"type": "Feature", "geometry": {"type": "Point", "coordinates": [72.9030014615408, 18.973092537067384]}, "properties": {"city": "mumbai", "lst_c": 29.14}}, {"type": "Feature", "geometry": {"type": "Point", "coordinates": [72.90704388031934, 18.973092537067384]}, "properties": {"city": "mumbai", "lst_c": 29.41}}, {"type": "Feature", "geometry": {"type": "Point", "coordinates": [72.91108629909787, 18.973092537067384]}, "properties": {"city": "mumbai", "lst_c": 29.19}}, {"type": "Feature", "geometry": {"type": "Point", "coordinates": [72.91512871787641, 18.973092537067384]}, "properties": {"city": "mumbai", "lst_c": 29.13}}, {"type": "Feature", "geometry": {"type": "Point", "coordinates": [72.91917113665495, 18.973092537067384]}, "properties": {"city": "mumbai", "lst_c": 29.1}}, {"type": "Feature", "geometry": {"type": "Point", "coordinates": [72.92321355543349, 18.973092537067384]}, "properties": {"city": "mumbai", "lst_c": 29.22}}, {"type": "Feature", "geometry": {"type": "Point", "coordinates": [72.92725597421203, 18.973092537067384]}, "properties": {"city": "mumbai", "lst_c": 29.48}}, {"type": "Feature", "geometry": {"type": "Point", "coordinates": [72.93129839299057, 18.973092537067384]}, "properties": {"city": "mumbai", "lst_c": 29.92}}, {"type": "Feature", "geometry": {"type": "Point", "coordinates": [72.93534081176911, 18.973092537067384]}, "properties": {"city": "mumbai", "lst_c": 29.7}}, {"type": "Feature", "geometry": {"type": "Point", "coordinates": [72.93938323054765, 18.973092537067384]}, "properties": {"city": "mumbai", "lst_c": 30.55}}, {"type": "Feature", "geometry": {"type": "Point", "coordinates": [72.94342564932617, 18.973092537067384]}, "properties": {"city": "mumbai", "lst_c": 30.03}}, {"type": "Feature", "geometry": {"type": "Point", "coordinates": [72.94746806810471, 18.973092537067384]}, "properties": {"city": "mumbai", "lst_c": 29.84}}, {"type": "Feature", "geometry": {"type": "Point", "coordinates": [72.80194099207735, 18.977134955845923]}, "properties": {"city": "mumbai", "lst_c": 31.03}}, {"type": "Feature", "geometry": {"type": "Point", "coordinates": [72.80598341085589, 18.977134955845923]}, "properties": {"city": "mumbai", "lst_c": 39.96}}, {"type": "Feature", "geometry": {"type": "Point", "coordinates": [72.81002582963443, 18.977134955845923]}, "properties": {"city": "mumbai", "lst_c": 40.94}}, {"type": "Feature", "geometry": {"type": "Point", "coordinates": [72.81406824841297, 18.977134955845923]}, "properties": {"city": "mumbai", "lst_c": 37.78}}, {"type": "Feature", "geometry": {"type": "Point", "coordinates": [72.8181106671915, 18.977134955845923]}, "properties": {"city": "mumbai", "lst_c": 38.97}}, {"type": "Feature", "geometry": {"type": "Point", "coordinates": [72.82215308597004, 18.977134955845923]}, "properties": {"city": "mumbai", "lst_c": 40.56}}, {"type": "Feature", "geometry": {"type": "Point", "coordinates": [72.82619550474858, 18.977134955845923]}, "properties": {"city": "mumbai", "lst_c": 39.15}}, {"type": "Feature", "geometry": {"type": "Point", "coordinates": [72.83023792352712, 18.977134955845923]}, "properties": {"city": "mumbai", "lst_c": 42.71}}, {"type": "Feature", "geometry": {"type": "Point", "coordinates": [72.83428034230566, 18.977134955845923]}, "properties": {"city": "mumbai", "lst_c": 41.6}}, {"type": "Feature", "geometry": {"type": "Point", "coordinates": [72.8383227610842, 18.977134955845923]}, "properties": {"city": "mumbai", "lst_c": 38.9}}, {"type": "Feature", "geometry": {"type": "Point", "coordinates": [72.84236517986274, 18.977134955845923]}, "properties": {"city": "mumbai", "lst_c": 42.53}}, {"type": "Feature", "geometry": {"type": "Point", "coordinates": [72.84640759864126, 18.977134955845923]}, "properties": {"city": "mumbai", "lst_c": 45.16}}, {"type": "Feature", "geometry": {"type": "Point", "coordinates": [72.8504500174198, 18.977134955845923]}, "properties": {"city": "mumbai", "lst_c": 43.41}}, {"type": "Feature", "geometry": {"type": "Point", "coordinates": [72.85449243619834, 18.977134955845923]}, "properties": {"city": "mumbai", "lst_c": 37.32}}, {"type": "Feature", "geometry": {"type": "Point", "coordinates": [72.85853485497688, 18.977134955845923]}, "properties": {"city": "mumbai", "lst_c": 32.7}}, {"type": "Feature", "geometry": {"type": "Point", "coordinates": [72.86257727375542, 18.977134955845923]}, "properties": {"city": "mumbai", "lst_c": 29.7}}, {"type": "Feature", "geometry": {"type": "Point", "coordinates": [72.86661969253396, 18.977134955845923]}, "properties": {"city": "mumbai", "lst_c": 30.27}}, {"type": "Feature", "geometry": {"type": "Point", "coordinates": [72.8706621113125, 18.977134955845923]}, "properties": {"city": "mumbai", "lst_c": 29.89}}, {"type": "Feature", "geometry": {"type": "Point", "coordinates": [72.87470453009104, 18.977134955845923]}, "properties": {"city": "mumbai", "lst_c": 30.28}}, {"type": "Feature", "geometry": {"type": "Point", "coordinates": [72.87874694886958, 18.977134955845923]}, "properties": {"city": "mumbai", "lst_c": 30.35}}, {"type": "Feature", "geometry": {"type": "Point", "coordinates": [72.88278936764812, 18.977134955845923]}, "properties": {"city": "mumbai", "lst_c": 30.48}}, {"type": "Feature", "geometry": {"type": "Point", "coordinates": [72.88683178642665, 18.977134955845923]}, "properties": {"city": "mumbai", "lst_c": 29.82}}, {"type": "Feature", "geometry": {"type": "Point", "coordinates": [72.8908742052052, 18.977134955845923]}, "properties": {"city": "mumbai", "lst_c": 29.3}}, {"type": "Feature", "geometry": {"type": "Point", "coordinates": [72.89491662398372, 18.977134955845923]}, "properties": {"city": "mumbai", "lst_c": 29.82}}, {"type": "Feature", "geometry": {"type": "Point", "coordinates": [72.89895904276226, 18.977134955845923]}, "properties": {"city": "mumbai", "lst_c": 29.23}}, {"type": "Feature", "geometry": {"type": "Point", "coordinates": [72.9030014615408, 18.977134955845923]}, "properties": {"city": "mumbai", "lst_c": 29.11}}, {"type": "Feature", "geometry": {"type": "Point", "coordinates": [72.90704388031934, 18.977134955845923]}, "properties": {"city": "mumbai", "lst_c": 28.99}}, {"type": "Feature", "geometry": {"type": "Point", "coordinates": [72.91108629909787, 18.977134955845923]}, "properties": {"city": "mumbai", "lst_c": 29.32}}, {"type": "Feature", "geometry": {"type": "Point", "coordinates": [72.91512871787641, 18.977134955845923]}, "properties": {"city": "mumbai", "lst_c": 30.6}}, {"type": "Feature", "geometry": {"type": "Point", "coordinates": [72.91917113665495, 18.977134955845923]}, "properties": {"city": "mumbai", "lst_c": 29.08}}, {"type": "Feature", "geometry": {"type": "Point", "coordinates": [72.92321355543349, 18.977134955845923]}, "properties": {"city": "mumbai", "lst_c": 29.26}}, {"type": "Feature", "geometry": {"type": "Point", "coordinates": [72.92725597421203, 18.977134955845923]}, "properties": {"city": "mumbai", "lst_c": 29.59}}, {"type": "Feature", "geometry": {"type": "Point", "coordinates": [72.93129839299057, 18.977134955845923]}, "properties": {"city": "mumbai", "lst_c": 29.74}}, {"type": "Feature", "geometry": {"type": "Point", "coordinates": [72.93534081176911, 18.977134955845923]}, "properties": {"city": "mumbai", "lst_c": 29.92}}, {"type": "Feature", "geometry": {"type": "Point", "coordinates": [72.93938323054765, 18.977134955845923]}, "properties": {"city": "mumbai", "lst_c": 30.37}}, {"type": "Feature", "geometry": {"type": "Point", "coordinates": [72.94342564932617, 18.977134955845923]}, "properties": {"city": "mumbai", "lst_c": 30.16}}, {"type": "Feature", "geometry": {"type": "Point", "coordinates": [72.94746806810471, 18.977134955845923]}, "properties": {"city": "mumbai", "lst_c": 29.52}}, {"type": "Feature", "geometry": {"type": "Point", "coordinates": [72.80194099207735, 18.981177374624462]}, "properties": {"city": "mumbai", "lst_c": 30.3}}, {"type": "Feature", "geometry": {"type": "Point", "coordinates": [72.80598341085589, 18.981177374624462]}, "properties": {"city": "mumbai", "lst_c": 30.72}}, {"type": "Feature", "geometry": {"type": "Point", "coordinates": [72.81002582963443, 18.981177374624462]}, "properties": {"city": "mumbai", "lst_c": 33.05}}, {"type": "Feature", "geometry": {"type": "Point", "coordinates": [72.81406824841297, 18.981177374624462]}, "properties": {"city": "mumbai", "lst_c": 40.68}}, {"type": "Feature", "geometry": {"type": "Point", "coordinates": [72.8181106671915, 18.981177374624462]}, "properties": {"city": "mumbai", "lst_c": 41.88}}, {"type": "Feature", "geometry": {"type": "Point", "coordinates": [72.82215308597004, 18.981177374624462]}, "properties": {"city": "mumbai", "lst_c": 41.17}}, {"type": "Feature", "geometry": {"type": "Point", "coordinates": [72.82619550474858, 18.981177374624462]}, "properties": {"city": "mumbai", "lst_c": 40.55}}, {"type": "Feature", "geometry": {"type": "Point", "coordinates": [72.83023792352712, 18.981177374624462]}, "properties": {"city": "mumbai", "lst_c": 38.58}}, {"type": "Feature", "geometry": {"type": "Point", "coordinates": [72.83428034230566, 18.981177374624462]}, "properties": {"city": "mumbai", "lst_c": 40.13}}, {"type": "Feature", "geometry": {"type": "Point", "coordinates": [72.8383227610842, 18.981177374624462]}, "properties": {"city": "mumbai", "lst_c": 42.86}}, {"type": "Feature", "geometry": {"type": "Point", "coordinates": [72.84236517986274, 18.981177374624462]}, "properties": {"city": "mumbai", "lst_c": 43.03}}, {"type": "Feature", "geometry": {"type": "Point", "coordinates": [72.84640759864126, 18.981177374624462]}, "properties": {"city": "mumbai", "lst_c": 45.43}}, {"type": "Feature", "geometry": {"type": "Point", "coordinates": [72.8504500174198, 18.981177374624462]}, "properties": {"city": "mumbai", "lst_c": 45.89}}, {"type": "Feature", "geometry": {"type": "Point", "coordinates": [72.85449243619834, 18.981177374624462]}, "properties": {"city": "mumbai", "lst_c": 44.97}}, {"type": "Feature", "geometry": {"type": "Point", "coordinates": [72.85853485497688, 18.981177374624462]}, "properties": {"city": "mumbai", "lst_c": 44.57}}, {"type": "Feature", "geometry": {"type": "Point", "coordinates": [72.86257727375542, 18.981177374624462]}, "properties": {"city": "mumbai", "lst_c": 31.35}}, {"type": "Feature", "geometry": {"type": "Point", "coordinates": [72.86661969253396, 18.981177374624462]}, "properties": {"city": "mumbai", "lst_c": 30.3}}, {"type": "Feature", "geometry": {"type": "Point", "coordinates": [72.8706621113125, 18.981177374624462]}, "properties": {"city": "mumbai", "lst_c": 30.33}}, {"type": "Feature", "geometry": {"type": "Point", "coordinates": [72.87470453009104, 18.981177374624462]}, "properties": {"city": "mumbai", "lst_c": 29.71}}, {"type": "Feature", "geometry": {"type": "Point", "coordinates": [72.87874694886958, 18.981177374624462]}, "properties": {"city": "mumbai", "lst_c": 29.67}}, {"type": "Feature", "geometry": {"type": "Point", "coordinates": [72.88278936764812, 18.981177374624462]}, "properties": {"city": "mumbai", "lst_c": 29.99}}, {"type": "Feature", "geometry": {"type": "Point", "coordinates": [72.88683178642665, 18.981177374624462]}, "properties": {"city": "mumbai", "lst_c": 30.36}}, {"type": "Feature", "geometry": {"type": "Point", "coordinates": [72.8908742052052, 18.981177374624462]}, "properties": {"city": "mumbai", "lst_c": 29.18}}, {"type": "Feature", "geometry": {"type": "Point", "coordinates": [72.89491662398372, 18.981177374624462]}, "properties": {"city": "mumbai", "lst_c": 29.07}}, {"type": "Feature", "geometry": {"type": "Point", "coordinates": [72.89895904276226, 18.981177374624462]}, "properties": {"city": "mumbai", "lst_c": 29.17}}, {"type": "Feature", "geometry": {"type": "Point", "coordinates": [72.9030014615408, 18.981177374624462]}, "properties": {"city": "mumbai", "lst_c": 29.11}}, {"type": "Feature", "geometry": {"type": "Point", "coordinates": [72.90704388031934, 18.981177374624462]}, "properties": {"city": "mumbai", "lst_c": 29.08}}, {"type": "Feature", "geometry": {"type": "Point", "coordinates": [72.91108629909787, 18.981177374624462]}, "properties": {"city": "mumbai", "lst_c": 29.5}}, {"type": "Feature", "geometry": {"type": "Point", "coordinates": [72.91512871787641, 18.981177374624462]}, "properties": {"city": "mumbai", "lst_c": 29.62}}, {"type": "Feature", "geometry": {"type": "Point", "coordinates": [72.91917113665495, 18.981177374624462]}, "properties": {"city": "mumbai", "lst_c": 30.17}}, {"type": "Feature", "geometry": {"type": "Point", "coordinates": [72.92321355543349, 18.981177374624462]}, "properties": {"city": "mumbai", "lst_c": 29.36}}, {"type": "Feature", "geometry": {"type": "Point", "coordinates": [72.92725597421203, 18.981177374624462]}, "properties": {"city": "mumbai", "lst_c": 29.52}}, {"type": "Feature", "geometry": {"type": "Point", "coordinates": [72.93129839299057, 18.981177374624462]}, "properties": {"city": "mumbai", "lst_c": 29.56}}, {"type": "Feature", "geometry": {"type": "Point", "coordinates": [72.93534081176911, 18.981177374624462]}, "properties": {"city": "mumbai", "lst_c": 29.6}}, {"type": "Feature", "geometry": {"type": "Point", "coordinates": [72.93938323054765, 18.981177374624462]}, "properties": {"city": "mumbai", "lst_c": 30.25}}, {"type": "Feature", "geometry": {"type": "Point", "coordinates": [72.94342564932617, 18.981177374624462]}, "properties": {"city": "mumbai", "lst_c": 30.25}}, {"type": "Feature", "geometry": {"type": "Point", "coordinates": [72.94746806810471, 18.981177374624462]}, "properties": {"city": "mumbai", "lst_c": 29.79}}, {"type": "Feature", "geometry": {"type": "Point", "coordinates": [72.80194099207735, 18.985219793402997]}, "properties": {"city": "mumbai", "lst_c": 30.19}}, {"type": "Feature", "geometry": {"type": "Point", "coordinates": [72.80598341085589, 18.985219793402997]}, "properties": {"city": "mumbai", "lst_c": 30.5}}, {"type": "Feature", "geometry": {"type": "Point", "coordinates": [72.81002582963443, 18.985219793402997]}, "properties": {"city": "mumbai", "lst_c": 32.53}}, {"type": "Feature", "geometry": {"type": "Point", "coordinates": [72.81406824841297, 18.985219793402997]}, "properties": {"city": "mumbai", "lst_c": 42.26}}, {"type": "Feature", "geometry": {"type": "Point", "coordinates": [72.8181106671915, 18.985219793402997]}, "properties": {"city": "mumbai", "lst_c": 41.96}}, {"type": "Feature", "geometry": {"type": "Point", "coordinates": [72.82215308597004, 18.985219793402997]}, "properties": {"city": "mumbai", "lst_c": 47.68}}, {"type": "Feature", "geometry": {"type": "Point", "coordinates": [72.82619550474858, 18.985219793402997]}, "properties": {"city": "mumbai", "lst_c": 40.45}}, {"type": "Feature", "geometry": {"type": "Point", "coordinates": [72.83023792352712, 18.985219793402997]}, "properties": {"city": "mumbai", "lst_c": 40.83}}, {"type": "Feature", "geometry": {"type": "Point", "coordinates": [72.83428034230566, 18.985219793402997]}, "properties": {"city": "mumbai", "lst_c": 39.77}}, {"type": "Feature", "geometry": {"type": "Point", "coordinates": [72.8383227610842, 18.985219793402997]}, "properties": {"city": "mumbai", "lst_c": 42.49}}, {"type": "Feature", "geometry": {"type": "Point", "coordinates": [72.84236517986274, 18.985219793402997]}, "properties": {"city": "mumbai", "lst_c": 42.52}}, {"type": "Feature", "geometry": {"type": "Point", "coordinates": [72.84640759864126, 18.985219793402997]}, "properties": {"city": "mumbai", "lst_c": 44.01}}, {"type": "Feature", "geometry": {"type": "Point", "coordinates": [72.8504500174198, 18.985219793402997]}, "properties": {"city": "mumbai", "lst_c": 47.63}}, {"type": "Feature", "geometry": {"type": "Point", "coordinates": [72.85449243619834, 18.985219793402997]}, "properties": {"city": "mumbai", "lst_c": 44.14}}, {"type": "Feature", "geometry": {"type": "Point", "coordinates": [72.85853485497688, 18.985219793402997]}, "properties": {"city": "mumbai", "lst_c": 42.84}}, {"type": "Feature", "geometry": {"type": "Point", "coordinates": [72.86257727375542, 18.985219793402997]}, "properties": {"city": "mumbai", "lst_c": 31.77}}, {"type": "Feature", "geometry": {"type": "Point", "coordinates": [72.86661969253396, 18.985219793402997]}, "properties": {"city": "mumbai", "lst_c": 29.9}}, {"type": "Feature", "geometry": {"type": "Point", "coordinates": [72.8706621113125, 18.985219793402997]}, "properties": {"city": "mumbai", "lst_c": 29.39}}, {"type": "Feature", "geometry": {"type": "Point", "coordinates": [72.87470453009104, 18.985219793402997]}, "properties": {"city": "mumbai", "lst_c": 29.29}}, {"type": "Feature", "geometry": {"type": "Point", "coordinates": [72.87874694886958, 18.985219793402997]}, "properties": {"city": "mumbai", "lst_c": 29.89}}, {"type": "Feature", "geometry": {"type": "Point", "coordinates": [72.88278936764812, 18.985219793402997]}, "properties": {"city": "mumbai", "lst_c": 30.02}}, {"type": "Feature", "geometry": {"type": "Point", "coordinates": [72.88683178642665, 18.985219793402997]}, "properties": {"city": "mumbai", "lst_c": 30.5}}, {"type": "Feature", "geometry": {"type": "Point", "coordinates": [72.8908742052052, 18.985219793402997]}, "properties": {"city": "mumbai", "lst_c": 30.19}}, {"type": "Feature", "geometry": {"type": "Point", "coordinates": [72.89491662398372, 18.985219793402997]}, "properties": {"city": "mumbai", "lst_c": 30.52}}, {"type": "Feature", "geometry": {"type": "Point", "coordinates": [72.89895904276226, 18.985219793402997]}, "properties": {"city": "mumbai", "lst_c": 30.12}}, {"type": "Feature", "geometry": {"type": "Point", "coordinates": [72.9030014615408, 18.985219793402997]}, "properties": {"city": "mumbai", "lst_c": 28.93}}, {"type": "Feature", "geometry": {"type": "Point", "coordinates": [72.90704388031934, 18.985219793402997]}, "properties": {"city": "mumbai", "lst_c": 29.39}}, {"type": "Feature", "geometry": {"type": "Point", "coordinates": [72.91108629909787, 18.985219793402997]}, "properties": {"city": "mumbai", "lst_c": 29.63}}, {"type": "Feature", "geometry": {"type": "Point", "coordinates": [72.91512871787641, 18.985219793402997]}, "properties": {"city": "mumbai", "lst_c": 29.45}}, {"type": "Feature", "geometry": {"type": "Point", "coordinates": [72.91917113665495, 18.985219793402997]}, "properties": {"city": "mumbai", "lst_c": 28.77}}, {"type": "Feature", "geometry": {"type": "Point", "coordinates": [72.92321355543349, 18.985219793402997]}, "properties": {"city": "mumbai", "lst_c": 29.02}}, {"type": "Feature", "geometry": {"type": "Point", "coordinates": [72.92725597421203, 18.985219793402997]}, "properties": {"city": "mumbai", "lst_c": 29.24}}, {"type": "Feature", "geometry": {"type": "Point", "coordinates": [72.93129839299057, 18.985219793402997]}, "properties": {"city": "mumbai", "lst_c": 29.59}}, {"type": "Feature", "geometry": {"type": "Point", "coordinates": [72.93534081176911, 18.985219793402997]}, "properties": {"city": "mumbai", "lst_c": 29.95}}, {"type": "Feature", "geometry": {"type": "Point", "coordinates": [72.93938323054765, 18.985219793402997]}, "properties": {"city": "mumbai", "lst_c": 29.99}}, {"type": "Feature", "geometry": {"type": "Point", "coordinates": [72.94342564932617, 18.985219793402997]}, "properties": {"city": "mumbai", "lst_c": 30.01}}, {"type": "Feature", "geometry": {"type": "Point", "coordinates": [72.94746806810471, 18.985219793402997]}, "properties": {"city": "mumbai", "lst_c": 30.17}}, {"type": "Feature", "geometry": {"type": "Point", "coordinates": [72.80194099207735, 18.989262212181536]}, "properties": {"city": "mumbai", "lst_c": 30.42}}, {"type": "Feature", "geometry": {"type": "Point", "coordinates": [72.80598341085589, 18.989262212181536]}, "properties": {"city": "mumbai", "lst_c": 30.58}}, {"type": "Feature", "geometry": {"type": "Point", "coordinates": [72.81002582963443, 18.989262212181536]}, "properties": {"city": "mumbai", "lst_c": 35.66}}, {"type": "Feature", "geometry": {"type": "Point", "coordinates": [72.81406824841297, 18.989262212181536]}, "properties": {"city": "mumbai", "lst_c": 40.97}}, {"type": "Feature", "geometry": {"type": "Point", "coordinates": [72.8181106671915, 18.989262212181536]}, "properties": {"city": "mumbai", "lst_c": 40.76}}, {"type": "Feature", "geometry": {"type": "Point", "coordinates": [72.82215308597004, 18.989262212181536]}, "properties": {"city": "mumbai", "lst_c": 41.03}}, {"type": "Feature", "geometry": {"type": "Point", "coordinates": [72.82619550474858, 18.989262212181536]}, "properties": {"city": "mumbai", "lst_c": 41.46}}, {"type": "Feature", "geometry": {"type": "Point", "coordinates": [72.83023792352712, 18.989262212181536]}, "properties": {"city": "mumbai", "lst_c": 41.71}}, {"type": "Feature", "geometry": {"type": "Point", "coordinates": [72.83428034230566, 18.989262212181536]}, "properties": {"city": "mumbai", "lst_c": 41.44}}, {"type": "Feature", "geometry": {"type": "Point", "coordinates": [72.8383227610842, 18.989262212181536]}, "properties": {"city": "mumbai", "lst_c": 41.86}}, {"type": "Feature", "geometry": {"type": "Point", "coordinates": [72.84236517986274, 18.989262212181536]}, "properties": {"city": "mumbai", "lst_c": 42.54}}, {"type": "Feature", "geometry": {"type": "Point", "coordinates": [72.84640759864126, 18.989262212181536]}, "properties": {"city": "mumbai", "lst_c": 44.86}}, {"type": "Feature", "geometry": {"type": "Point", "coordinates": [72.8504500174198, 18.989262212181536]}, "properties": {"city": "mumbai", "lst_c": 45.68}}, {"type": "Feature", "geometry": {"type": "Point", "coordinates": [72.85449243619834, 18.989262212181536]}, "properties": {"city": "mumbai", "lst_c": 43.31}}, {"type": "Feature", "geometry": {"type": "Point", "coordinates": [72.85853485497688, 18.989262212181536]}, "properties": {"city": "mumbai", "lst_c": 34.43}}, {"type": "Feature", "geometry": {"type": "Point", "coordinates": [72.86257727375542, 18.989262212181536]}, "properties": {"city": "mumbai", "lst_c": 31.37}}, {"type": "Feature", "geometry": {"type": "Point", "coordinates": [72.86661969253396, 18.989262212181536]}, "properties": {"city": "mumbai", "lst_c": 29.51}}, {"type": "Feature", "geometry": {"type": "Point", "coordinates": [72.8706621113125, 18.989262212181536]}, "properties": {"city": "mumbai", "lst_c": 29.51}}, {"type": "Feature", "geometry": {"type": "Point", "coordinates": [72.87470453009104, 18.989262212181536]}, "properties": {"city": "mumbai", "lst_c": 29.71}}, {"type": "Feature", "geometry": {"type": "Point", "coordinates": [72.87874694886958, 18.989262212181536]}, "properties": {"city": "mumbai", "lst_c": 29.91}}, {"type": "Feature", "geometry": {"type": "Point", "coordinates": [72.88278936764812, 18.989262212181536]}, "properties": {"city": "mumbai", "lst_c": 30.31}}, {"type": "Feature", "geometry": {"type": "Point", "coordinates": [72.88683178642665, 18.989262212181536]}, "properties": {"city": "mumbai", "lst_c": 31.0}}, {"type": "Feature", "geometry": {"type": "Point", "coordinates": [72.8908742052052, 18.989262212181536]}, "properties": {"city": "mumbai", "lst_c": 31.96}}, {"type": "Feature", "geometry": {"type": "Point", "coordinates": [72.89491662398372, 18.989262212181536]}, "properties": {"city": "mumbai", "lst_c": 32.77}}, {"type": "Feature", "geometry": {"type": "Point", "coordinates": [72.89895904276226, 18.989262212181536]}, "properties": {"city": "mumbai", "lst_c": 30.99}}, {"type": "Feature", "geometry": {"type": "Point", "coordinates": [72.9030014615408, 18.989262212181536]}, "properties": {"city": "mumbai", "lst_c": 30.2}}, {"type": "Feature", "geometry": {"type": "Point", "coordinates": [72.90704388031934, 18.989262212181536]}, "properties": {"city": "mumbai", "lst_c": 30.5}}, {"type": "Feature", "geometry": {"type": "Point", "coordinates": [72.91108629909787, 18.989262212181536]}, "properties": {"city": "mumbai", "lst_c": 29.1}}, {"type": "Feature", "geometry": {"type": "Point", "coordinates": [72.91512871787641, 18.989262212181536]}, "properties": {"city": "mumbai", "lst_c": 29.53}}, {"type": "Feature", "geometry": {"type": "Point", "coordinates": [72.91917113665495, 18.989262212181536]}, "properties": {"city": "mumbai", "lst_c": 29.77}}, {"type": "Feature", "geometry": {"type": "Point", "coordinates": [72.92321355543349, 18.989262212181536]}, "properties": {"city": "mumbai", "lst_c": 30.92}}, {"type": "Feature", "geometry": {"type": "Point", "coordinates": [72.92725597421203, 18.989262212181536]}, "properties": {"city": "mumbai", "lst_c": 31.76}}, {"type": "Feature", "geometry": {"type": "Point", "coordinates": [72.93129839299057, 18.989262212181536]}, "properties": {"city": "mumbai", "lst_c": 31.23}}, {"type": "Feature", "geometry": {"type": "Point", "coordinates": [72.93534081176911, 18.989262212181536]}, "properties": {"city": "mumbai", "lst_c": 31.73}}, {"type": "Feature", "geometry": {"type": "Point", "coordinates": [72.93938323054765, 18.989262212181536]}, "properties": {"city": "mumbai", "lst_c": 32.76}}, {"type": "Feature", "geometry": {"type": "Point", "coordinates": [72.94342564932617, 18.989262212181536]}, "properties": {"city": "mumbai", "lst_c": 31.94}}, {"type": "Feature", "geometry": {"type": "Point", "coordinates": [72.94746806810471, 18.989262212181536]}, "properties": {"city": "mumbai", "lst_c": 32.49}}, {"type": "Feature", "geometry": {"type": "Point", "coordinates": [72.80194099207735, 18.993304630960075]}, "properties": {"city": "mumbai", "lst_c": 30.13}}, {"type": "Feature", "geometry": {"type": "Point", "coordinates": [72.80598341085589, 18.993304630960075]}, "properties": {"city": "mumbai", "lst_c": 30.53}}, {"type": "Feature", "geometry": {"type": "Point", "coordinates": [72.81002582963443, 18.993304630960075]}, "properties": {"city": "mumbai", "lst_c": 32.3}}, {"type": "Feature", "geometry": {"type": "Point", "coordinates": [72.81406824841297, 18.993304630960075]}, "properties": {"city": "mumbai", "lst_c": 40.25}}, {"type": "Feature", "geometry": {"type": "Point", "coordinates": [72.8181106671915, 18.993304630960075]}, "properties": {"city": "mumbai", "lst_c": 43.65}}, {"type": "Feature", "geometry": {"type": "Point", "coordinates": [72.82215308597004, 18.993304630960075]}, "properties": {"city": "mumbai", "lst_c": 41.57}}, {"type": "Feature", "geometry": {"type": "Point", "coordinates": [72.82619550474858, 18.993304630960075]}, "properties": {"city": "mumbai", "lst_c": 40.84}}, {"type": "Feature", "geometry": {"type": "Point", "coordinates": [72.83023792352712, 18.993304630960075]}, "properties": {"city": "mumbai", "lst_c": 41.58}}, {"type": "Feature", "geometry": {"type": "Point", "coordinates": [72.83428034230566, 18.993304630960075]}, "properties": {"city": "mumbai", "lst_c": 42.02}}, {"type": "Feature", "geometry": {"type": "Point", "coordinates": [72.8383227610842, 18.993304630960075]}, "properties": {"city": "mumbai", "lst_c": 40.39}}, {"type": "Feature", "geometry": {"type": "Point", "coordinates": [72.84236517986274, 18.993304630960075]}, "properties": {"city": "mumbai", "lst_c": 42.4}}, {"type": "Feature", "geometry": {"type": "Point", "coordinates": [72.84640759864126, 18.993304630960075]}, "properties": {"city": "mumbai", "lst_c": 43.07}}, {"type": "Feature", "geometry": {"type": "Point", "coordinates": [72.8504500174198, 18.993304630960075]}, "properties": {"city": "mumbai", "lst_c": 43.9}}, {"type": "Feature", "geometry": {"type": "Point", "coordinates": [72.85449243619834, 18.993304630960075]}, "properties": {"city": "mumbai", "lst_c": 45.77}}, {"type": "Feature", "geometry": {"type": "Point", "coordinates": [72.85853485497688, 18.993304630960075]}, "properties": {"city": "mumbai", "lst_c": 34.25}}, {"type": "Feature", "geometry": {"type": "Point", "coordinates": [72.86257727375542, 18.993304630960075]}, "properties": {"city": "mumbai", "lst_c": 31.95}}, {"type": "Feature", "geometry": {"type": "Point", "coordinates": [72.86661969253396, 18.993304630960075]}, "properties": {"city": "mumbai", "lst_c": 31.04}}, {"type": "Feature", "geometry": {"type": "Point", "coordinates": [72.8706621113125, 18.993304630960075]}, "properties": {"city": "mumbai", "lst_c": 29.66}}, {"type": "Feature", "geometry": {"type": "Point", "coordinates": [72.87470453009104, 18.993304630960075]}, "properties": {"city": "mumbai", "lst_c": 30.61}}, {"type": "Feature", "geometry": {"type": "Point", "coordinates": [72.87874694886958, 18.993304630960075]}, "properties": {"city": "mumbai", "lst_c": 30.38}}, {"type": "Feature", "geometry": {"type": "Point", "coordinates": [72.88278936764812, 18.993304630960075]}, "properties": {"city": "mumbai", "lst_c": 31.91}}, {"type": "Feature", "geometry": {"type": "Point", "coordinates": [72.88683178642665, 18.993304630960075]}, "properties": {"city": "mumbai", "lst_c": 34.66}}, {"type": "Feature", "geometry": {"type": "Point", "coordinates": [72.8908742052052, 18.993304630960075]}, "properties": {"city": "mumbai", "lst_c": 33.19}}, {"type": "Feature", "geometry": {"type": "Point", "coordinates": [72.89491662398372, 18.993304630960075]}, "properties": {"city": "mumbai", "lst_c": 33.17}}, {"type": "Feature", "geometry": {"type": "Point", "coordinates": [72.89895904276226, 18.993304630960075]}, "properties": {"city": "mumbai", "lst_c": 32.51}}, {"type": "Feature", "geometry": {"type": "Point", "coordinates": [72.9030014615408, 18.993304630960075]}, "properties": {"city": "mumbai", "lst_c": 33.69}}, {"type": "Feature", "geometry": {"type": "Point", "coordinates": [72.90704388031934, 18.993304630960075]}, "properties": {"city": "mumbai", "lst_c": 32.27}}, {"type": "Feature", "geometry": {"type": "Point", "coordinates": [72.91108629909787, 18.993304630960075]}, "properties": {"city": "mumbai", "lst_c": 30.71}}, {"type": "Feature", "geometry": {"type": "Point", "coordinates": [72.91512871787641, 18.993304630960075]}, "properties": {"city": "mumbai", "lst_c": 29.93}}, {"type": "Feature", "geometry": {"type": "Point", "coordinates": [72.91917113665495, 18.993304630960075]}, "properties": {"city": "mumbai", "lst_c": 30.38}}, {"type": "Feature", "geometry": {"type": "Point", "coordinates": [72.92321355543349, 18.993304630960075]}, "properties": {"city": "mumbai", "lst_c": 30.46}}, {"type": "Feature", "geometry": {"type": "Point", "coordinates": [72.92725597421203, 18.993304630960075]}, "properties": {"city": "mumbai", "lst_c": 29.6}}, {"type": "Feature", "geometry": {"type": "Point", "coordinates": [72.93129839299057, 18.993304630960075]}, "properties": {"city": "mumbai", "lst_c": 29.55}}, {"type": "Feature", "geometry": {"type": "Point", "coordinates": [72.93534081176911, 18.993304630960075]}, "properties": {"city": "mumbai", "lst_c": 29.38}}, {"type": "Feature", "geometry": {"type": "Point", "coordinates": [72.93938323054765, 18.993304630960075]}, "properties": {"city": "mumbai", "lst_c": 29.47}}, {"type": "Feature", "geometry": {"type": "Point", "coordinates": [72.94342564932617, 18.993304630960075]}, "properties": {"city": "mumbai", "lst_c": 29.68}}, {"type": "Feature", "geometry": {"type": "Point", "coordinates": [72.94746806810471, 18.993304630960075]}, "properties": {"city": "mumbai", "lst_c": 29.68}}, {"type": "Feature", "geometry": {"type": "Point", "coordinates": [72.80194099207735, 18.99734704973861]}, "properties": {"city": "mumbai", "lst_c": 30.11}}, {"type": "Feature", "geometry": {"type": "Point", "coordinates": [72.80598341085589, 18.99734704973861]}, "properties": {"city": "mumbai", "lst_c": 30.45}}, {"type": "Feature", "geometry": {"type": "Point", "coordinates": [72.81002582963443, 18.99734704973861]}, "properties": {"city": "mumbai", "lst_c": 33.89}}, {"type": "Feature", "geometry": {"type": "Point", "coordinates": [72.81406824841297, 18.99734704973861]}, "properties": {"city": "mumbai", "lst_c": 39.8}}, {"type": "Feature", "geometry": {"type": "Point", "coordinates": [72.8181106671915, 18.99734704973861]}, "properties": {"city": "mumbai", "lst_c": 41.68}}, {"type": "Feature", "geometry": {"type": "Point", "coordinates": [72.82215308597004, 18.99734704973861]}, "properties": {"city": "mumbai", "lst_c": 39.76}}, {"type": "Feature", "geometry": {"type": "Point", "coordinates": [72.82619550474858, 18.99734704973861]}, "properties": {"city": "mumbai", "lst_c": 40.81}}, {"type": "Feature", "geometry": {"type": "Point", "coordinates": [72.83023792352712, 18.99734704973861]}, "properties": {"city": "mumbai", "lst_c": 41.21}}, {"type": "Feature", "geometry": {"type": "Point", "coordinates": [72.83428034230566, 18.99734704973861]}, "properties": {"city": "mumbai", "lst_c": 41.34}}, {"type": "Feature", "geometry": {"type": "Point", "coordinates": [72.8383227610842, 18.99734704973861]}, "properties": {"city": "mumbai", "lst_c": 39.13}}, {"type": "Feature", "geometry": {"type": "Point", "coordinates": [72.84236517986274, 18.99734704973861]}, "properties": {"city": "mumbai", "lst_c": 40.42}}, {"type": "Feature", "geometry": {"type": "Point", "coordinates": [72.84640759864126, 18.99734704973861]}, "properties": {"city": "mumbai", "lst_c": 39.21}}, {"type": "Feature", "geometry": {"type": "Point", "coordinates": [72.8504500174198, 18.99734704973861]}, "properties": {"city": "mumbai", "lst_c": 44.16}}, {"type": "Feature", "geometry": {"type": "Point", "coordinates": [72.85449243619834, 18.99734704973861]}, "properties": {"city": "mumbai", "lst_c": 43.83}}, {"type": "Feature", "geometry": {"type": "Point", "coordinates": [72.85853485497688, 18.99734704973861]}, "properties": {"city": "mumbai", "lst_c": 45.53}}, {"type": "Feature", "geometry": {"type": "Point", "coordinates": [72.86257727375542, 18.99734704973861]}, "properties": {"city": "mumbai", "lst_c": 35.02}}, {"type": "Feature", "geometry": {"type": "Point", "coordinates": [72.86661969253396, 18.99734704973861]}, "properties": {"city": "mumbai", "lst_c": 31.42}}, {"type": "Feature", "geometry": {"type": "Point", "coordinates": [72.8706621113125, 18.99734704973861]}, "properties": {"city": "mumbai", "lst_c": 31.21}}, {"type": "Feature", "geometry": {"type": "Point", "coordinates": [72.87470453009104, 18.99734704973861]}, "properties": {"city": "mumbai", "lst_c": 33.15}}, {"type": "Feature", "geometry": {"type": "Point", "coordinates": [72.87874694886958, 18.99734704973861]}, "properties": {"city": "mumbai", "lst_c": 32.99}}, {"type": "Feature", "geometry": {"type": "Point", "coordinates": [72.88278936764812, 18.99734704973861]}, "properties": {"city": "mumbai", "lst_c": 30.99}}, {"type": "Feature", "geometry": {"type": "Point", "coordinates": [72.88683178642665, 18.99734704973861]}, "properties": {"city": "mumbai", "lst_c": 35.22}}, {"type": "Feature", "geometry": {"type": "Point", "coordinates": [72.8908742052052, 18.99734704973861]}, "properties": {"city": "mumbai", "lst_c": 34.65}}, {"type": "Feature", "geometry": {"type": "Point", "coordinates": [72.89491662398372, 18.99734704973861]}, "properties": {"city": "mumbai", "lst_c": 39.7}}, {"type": "Feature", "geometry": {"type": "Point", "coordinates": [72.89895904276226, 18.99734704973861]}, "properties": {"city": "mumbai", "lst_c": 43.69}}, {"type": "Feature", "geometry": {"type": "Point", "coordinates": [72.9030014615408, 18.99734704973861]}, "properties": {"city": "mumbai", "lst_c": 40.21}}, {"type": "Feature", "geometry": {"type": "Point", "coordinates": [72.90704388031934, 18.99734704973861]}, "properties": {"city": "mumbai", "lst_c": 35.89}}, {"type": "Feature", "geometry": {"type": "Point", "coordinates": [72.91108629909787, 18.99734704973861]}, "properties": {"city": "mumbai", "lst_c": 33.66}}, {"type": "Feature", "geometry": {"type": "Point", "coordinates": [72.91512871787641, 18.99734704973861]}, "properties": {"city": "mumbai", "lst_c": 32.62}}, {"type": "Feature", "geometry": {"type": "Point", "coordinates": [72.91917113665495, 18.99734704973861]}, "properties": {"city": "mumbai", "lst_c": 31.47}}, {"type": "Feature", "geometry": {"type": "Point", "coordinates": [72.92321355543349, 18.99734704973861]}, "properties": {"city": "mumbai", "lst_c": 29.85}}, {"type": "Feature", "geometry": {"type": "Point", "coordinates": [72.92725597421203, 18.99734704973861]}, "properties": {"city": "mumbai", "lst_c": 29.93}}, {"type": "Feature", "geometry": {"type": "Point", "coordinates": [72.93129839299057, 18.99734704973861]}, "properties": {"city": "mumbai", "lst_c": 30.32}}, {"type": "Feature", "geometry": {"type": "Point", "coordinates": [72.93534081176911, 18.99734704973861]}, "properties": {"city": "mumbai", "lst_c": 29.09}}, {"type": "Feature", "geometry": {"type": "Point", "coordinates": [72.93938323054765, 18.99734704973861]}, "properties": {"city": "mumbai", "lst_c": 29.32}}, {"type": "Feature", "geometry": {"type": "Point", "coordinates": [72.94342564932617, 18.99734704973861]}, "properties": {"city": "mumbai", "lst_c": 29.45}}, {"type": "Feature", "geometry": {"type": "Point", "coordinates": [72.94746806810471, 18.99734704973861]}, "properties": {"city": "mumbai", "lst_c": 29.72}}, {"type": "Feature", "geometry": {"type": "Point", "coordinates": [72.80194099207735, 19.00138946851715]}, "properties": {"city": "mumbai", "lst_c": 30.47}}, {"type": "Feature", "geometry": {"type": "Point", "coordinates": [72.80598341085589, 19.00138946851715]}, "properties": {"city": "mumbai", "lst_c": 30.85}}, {"type": "Feature", "geometry": {"type": "Point", "coordinates": [72.81002582963443, 19.00138946851715]}, "properties": {"city": "mumbai", "lst_c": 34.89}}, {"type": "Feature", "geometry": {"type": "Point", "coordinates": [72.81406824841297, 19.00138946851715]}, "properties": {"city": "mumbai", "lst_c": 40.55}}, {"type": "Feature", "geometry": {"type": "Point", "coordinates": [72.8181106671915, 19.00138946851715]}, "properties": {"city": "mumbai", "lst_c": 43.24}}, {"type": "Feature", "geometry": {"type": "Point", "coordinates": [72.82215308597004, 19.00138946851715]}, "properties": {"city": "mumbai", "lst_c": 41.43}}, {"type": "Feature", "geometry": {"type": "Point", "coordinates": [72.82619550474858, 19.00138946851715]}, "properties": {"city": "mumbai", "lst_c": 40.07}}, {"type": "Feature", "geometry": {"type": "Point", "coordinates": [72.83023792352712, 19.00138946851715]}, "properties": {"city": "mumbai", "lst_c": 43.73}}, {"type": "Feature", "geometry": {"type": "Point", "coordinates": [72.83428034230566, 19.00138946851715]}, "properties": {"city": "mumbai", "lst_c": 43.96}}, {"type": "Feature", "geometry": {"type": "Point", "coordinates": [72.8383227610842, 19.00138946851715]}, "properties": {"city": "mumbai", "lst_c": 39.51}}, {"type": "Feature", "geometry": {"type": "Point", "coordinates": [72.84236517986274, 19.00138946851715]}, "properties": {"city": "mumbai", "lst_c": 39.77}}, {"type": "Feature", "geometry": {"type": "Point", "coordinates": [72.84640759864126, 19.00138946851715]}, "properties": {"city": "mumbai", "lst_c": 39.59}}, {"type": "Feature", "geometry": {"type": "Point", "coordinates": [72.8504500174198, 19.00138946851715]}, "properties": {"city": "mumbai", "lst_c": 43.48}}, {"type": "Feature", "geometry": {"type": "Point", "coordinates": [72.85449243619834, 19.00138946851715]}, "properties": {"city": "mumbai", "lst_c": 44.35}}, {"type": "Feature", "geometry": {"type": "Point", "coordinates": [72.85853485497688, 19.00138946851715]}, "properties": {"city": "mumbai", "lst_c": 42.97}}, {"type": "Feature", "geometry": {"type": "Point", "coordinates": [72.86257727375542, 19.00138946851715]}, "properties": {"city": "mumbai", "lst_c": 37.54}}, {"type": "Feature", "geometry": {"type": "Point", "coordinates": [72.86661969253396, 19.00138946851715]}, "properties": {"city": "mumbai", "lst_c": 31.72}}, {"type": "Feature", "geometry": {"type": "Point", "coordinates": [72.8706621113125, 19.00138946851715]}, "properties": {"city": "mumbai", "lst_c": 31.37}}, {"type": "Feature", "geometry": {"type": "Point", "coordinates": [72.87470453009104, 19.00138946851715]}, "properties": {"city": "mumbai", "lst_c": 30.87}}, {"type": "Feature", "geometry": {"type": "Point", "coordinates": [72.87874694886958, 19.00138946851715]}, "properties": {"city": "mumbai", "lst_c": 31.01}}, {"type": "Feature", "geometry": {"type": "Point", "coordinates": [72.88278936764812, 19.00138946851715]}, "properties": {"city": "mumbai", "lst_c": 32.09}}, {"type": "Feature", "geometry": {"type": "Point", "coordinates": [72.88683178642665, 19.00138946851715]}, "properties": {"city": "mumbai", "lst_c": 32.66}}, {"type": "Feature", "geometry": {"type": "Point", "coordinates": [72.8908742052052, 19.00138946851715]}, "properties": {"city": "mumbai", "lst_c": 33.52}}, {"type": "Feature", "geometry": {"type": "Point", "coordinates": [72.89491662398372, 19.00138946851715]}, "properties": {"city": "mumbai", "lst_c": 41.2}}, {"type": "Feature", "geometry": {"type": "Point", "coordinates": [72.89895904276226, 19.00138946851715]}, "properties": {"city": "mumbai", "lst_c": 44.02}}, {"type": "Feature", "geometry": {"type": "Point", "coordinates": [72.9030014615408, 19.00138946851715]}, "properties": {"city": "mumbai", "lst_c": 42.42}}, {"type": "Feature", "geometry": {"type": "Point", "coordinates": [72.90704388031934, 19.00138946851715]}, "properties": {"city": "mumbai", "lst_c": 40.89}}, {"type": "Feature", "geometry": {"type": "Point", "coordinates": [72.91108629909787, 19.00138946851715]}, "properties": {"city": "mumbai", "lst_c": 38.16}}, {"type": "Feature", "geometry": {"type": "Point", "coordinates": [72.91512871787641, 19.00138946851715]}, "properties": {"city": "mumbai", "lst_c": 37.0}}, {"type": "Feature", "geometry": {"type": "Point", "coordinates": [72.91917113665495, 19.00138946851715]}, "properties": {"city": "mumbai", "lst_c": 32.81}}, {"type": "Feature", "geometry": {"type": "Point", "coordinates": [72.92321355543349, 19.00138946851715]}, "properties": {"city": "mumbai", "lst_c": 31.23}}, {"type": "Feature", "geometry": {"type": "Point", "coordinates": [72.92725597421203, 19.00138946851715]}, "properties": {"city": "mumbai", "lst_c": 30.8}}, {"type": "Feature", "geometry": {"type": "Point", "coordinates": [72.93129839299057, 19.00138946851715]}, "properties": {"city": "mumbai", "lst_c": 29.57}}, {"type": "Feature", "geometry": {"type": "Point", "coordinates": [72.93534081176911, 19.00138946851715]}, "properties": {"city": "mumbai", "lst_c": 29.36}}, {"type": "Feature", "geometry": {"type": "Point", "coordinates": [72.93938323054765, 19.00138946851715]}, "properties": {"city": "mumbai", "lst_c": 29.65}}, {"type": "Feature", "geometry": {"type": "Point", "coordinates": [72.94342564932617, 19.00138946851715]}, "properties": {"city": "mumbai", "lst_c": 29.64}}, {"type": "Feature", "geometry": {"type": "Point", "coordinates": [72.94746806810471, 19.00138946851715]}, "properties": {"city": "mumbai", "lst_c": 30.07}}, {"type": "Feature", "geometry": {"type": "Point", "coordinates": [72.80194099207735, 19.005431887295686]}, "properties": {"city": "mumbai", "lst_c": 30.09}}, {"type": "Feature", "geometry": {"type": "Point", "coordinates": [72.80598341085589, 19.005431887295686]}, "properties": {"city": "mumbai", "lst_c": 30.3}}, {"type": "Feature", "geometry": {"type": "Point", "coordinates": [72.81002582963443, 19.005431887295686]}, "properties": {"city": "mumbai", "lst_c": 30.87}}, {"type": "Feature", "geometry": {"type": "Point", "coordinates": [72.81406824841297, 19.005431887295686]}, "properties": {"city": "mumbai", "lst_c": 41.87}}, {"type": "Feature", "geometry": {"type": "Point", "coordinates": [72.8181106671915, 19.005431887295686]}, "properties": {"city": "mumbai", "lst_c": 39.67}}, {"type": "Feature", "geometry": {"type": "Point", "coordinates": [72.82215308597004, 19.005431887295686]}, "properties": {"city": "mumbai", "lst_c": 40.41}}, {"type": "Feature", "geometry": {"type": "Point", "coordinates": [72.82619550474858, 19.005431887295686]}, "properties": {"city": "mumbai", "lst_c": 40.62}}, {"type": "Feature", "geometry": {"type": "Point", "coordinates": [72.83023792352712, 19.005431887295686]}, "properties": {"city": "mumbai", "lst_c": 39.76}}, {"type": "Feature", "geometry": {"type": "Point", "coordinates": [72.83428034230566, 19.005431887295686]}, "properties": {"city": "mumbai", "lst_c": 43.57}}, {"type": "Feature", "geometry": {"type": "Point", "coordinates": [72.8383227610842, 19.005431887295686]}, "properties": {"city": "mumbai", "lst_c": 41.28}}, {"type": "Feature", "geometry": {"type": "Point", "coordinates": [72.84236517986274, 19.005431887295686]}, "properties": {"city": "mumbai", "lst_c": 40.18}}, {"type": "Feature", "geometry": {"type": "Point", "coordinates": [72.84640759864126, 19.005431887295686]}, "properties": {"city": "mumbai", "lst_c": 40.43}}, {"type": "Feature", "geometry": {"type": "Point", "coordinates": [72.8504500174198, 19.005431887295686]}, "properties": {"city": "mumbai", "lst_c": 39.01}}, {"type": "Feature", "geometry": {"type": "Point", "coordinates": [72.85449243619834, 19.005431887295686]}, "properties": {"city": "mumbai", "lst_c": 42.46}}, {"type": "Feature", "geometry": {"type": "Point", "coordinates": [72.85853485497688, 19.005431887295686]}, "properties": {"city": "mumbai", "lst_c": 43.44}}, {"type": "Feature", "geometry": {"type": "Point", "coordinates": [72.86257727375542, 19.005431887295686]}, "properties": {"city": "mumbai", "lst_c": 41.11}}, {"type": "Feature", "geometry": {"type": "Point", "coordinates": [72.86661969253396, 19.005431887295686]}, "properties": {"city": "mumbai", "lst_c": 35.13}}, {"type": "Feature", "geometry": {"type": "Point", "coordinates": [72.8706621113125, 19.005431887295686]}, "properties": {"city": "mumbai", "lst_c": 33.1}}, {"type": "Feature", "geometry": {"type": "Point", "coordinates": [72.87470453009104, 19.005431887295686]}, "properties": {"city": "mumbai", "lst_c": 33.09}}, {"type": "Feature", "geometry": {"type": "Point", "coordinates": [72.87874694886958, 19.005431887295686]}, "properties": {"city": "mumbai", "lst_c": 32.62}}, {"type": "Feature", "geometry": {"type": "Point", "coordinates": [72.88278936764812, 19.005431887295686]}, "properties": {"city": "mumbai", "lst_c": 31.62}}, {"type": "Feature", "geometry": {"type": "Point", "coordinates": [72.88683178642665, 19.005431887295686]}, "properties": {"city": "mumbai", "lst_c": 32.53}}, {"type": "Feature", "geometry": {"type": "Point", "coordinates": [72.8908742052052, 19.005431887295686]}, "properties": {"city": "mumbai", "lst_c": 38.06}}, {"type": "Feature", "geometry": {"type": "Point", "coordinates": [72.89491662398372, 19.005431887295686]}, "properties": {"city": "mumbai", "lst_c": 43.76}}, {"type": "Feature", "geometry": {"type": "Point", "coordinates": [72.89895904276226, 19.005431887295686]}, "properties": {"city": "mumbai", "lst_c": 42.92}}, {"type": "Feature", "geometry": {"type": "Point", "coordinates": [72.9030014615408, 19.005431887295686]}, "properties": {"city": "mumbai", "lst_c": 43.37}}, {"type": "Feature", "geometry": {"type": "Point", "coordinates": [72.90704388031934, 19.005431887295686]}, "properties": {"city": "mumbai", "lst_c": 40.05}}, {"type": "Feature", "geometry": {"type": "Point", "coordinates": [72.91108629909787, 19.005431887295686]}, "properties": {"city": "mumbai", "lst_c": 36.67}}, {"type": "Feature", "geometry": {"type": "Point", "coordinates": [72.91512871787641, 19.005431887295686]}, "properties": {"city": "mumbai", "lst_c": 36.63}}, {"type": "Feature", "geometry": {"type": "Point", "coordinates": [72.91917113665495, 19.005431887295686]}, "properties": {"city": "mumbai", "lst_c": 33.65}}, {"type": "Feature", "geometry": {"type": "Point", "coordinates": [72.92321355543349, 19.005431887295686]}, "properties": {"city": "mumbai", "lst_c": 32.93}}, {"type": "Feature", "geometry": {"type": "Point", "coordinates": [72.92725597421203, 19.005431887295686]}, "properties": {"city": "mumbai", "lst_c": 31.28}}, {"type": "Feature", "geometry": {"type": "Point", "coordinates": [72.93129839299057, 19.005431887295686]}, "properties": {"city": "mumbai", "lst_c": 30.03}}, {"type": "Feature", "geometry": {"type": "Point", "coordinates": [72.93534081176911, 19.005431887295686]}, "properties": {"city": "mumbai", "lst_c": 29.41}}, {"type": "Feature", "geometry": {"type": "Point", "coordinates": [72.93938323054765, 19.005431887295686]}, "properties": {"city": "mumbai", "lst_c": 29.63}}, {"type": "Feature", "geometry": {"type": "Point", "coordinates": [72.94342564932617, 19.005431887295686]}, "properties": {"city": "mumbai", "lst_c": 29.66}}, {"type": "Feature", "geometry": {"type": "Point", "coordinates": [72.94746806810471, 19.005431887295686]}, "properties": {"city": "mumbai", "lst_c": 29.96}}, {"type": "Feature", "geometry": {"type": "Point", "coordinates": [72.80194099207735, 19.009474306074225]}, "properties": {"city": "mumbai", "lst_c": 30.06}}, {"type": "Feature", "geometry": {"type": "Point", "coordinates": [72.80598341085589, 19.009474306074225]}, "properties": {"city": "mumbai", "lst_c": 30.53}}, {"type": "Feature", "geometry": {"type": "Point", "coordinates": [72.81002582963443, 19.009474306074225]}, "properties": {"city": "mumbai", "lst_c": 30.5}}, {"type": "Feature", "geometry": {"type": "Point", "coordinates": [72.81406824841297, 19.009474306074225]}, "properties": {"city": "mumbai", "lst_c": 37.62}}, {"type": "Feature", "geometry": {"type": "Point", "coordinates": [72.8181106671915, 19.009474306074225]}, "properties": {"city": "mumbai", "lst_c": 40.35}}, {"type": "Feature", "geometry": {"type": "Point", "coordinates": [72.82215308597004, 19.009474306074225]}, "properties": {"city": "mumbai", "lst_c": 38.29}}, {"type": "Feature", "geometry": {"type": "Point", "coordinates": [72.82619550474858, 19.009474306074225]}, "properties": {"city": "mumbai", "lst_c": 41.89}}, {"type": "Feature", "geometry": {"type": "Point", "coordinates": [72.83023792352712, 19.009474306074225]}, "properties": {"city": "mumbai", "lst_c": 39.56}}, {"type": "Feature", "geometry": {"type": "Point", "coordinates": [72.83428034230566, 19.009474306074225]}, "properties": {"city": "mumbai", "lst_c": 40.05}}, {"type": "Feature", "geometry": {"type": "Point", "coordinates": [72.8383227610842, 19.009474306074225]}, "properties": {"city": "mumbai", "lst_c": 44.49}}, {"type": "Feature", "geometry": {"type": "Point", "coordinates": [72.84236517986274, 19.009474306074225]}, "properties": {"city": "mumbai", "lst_c": 41.34}}, {"type": "Feature", "geometry": {"type": "Point", "coordinates": [72.84640759864126, 19.009474306074225]}, "properties": {"city": "mumbai", "lst_c": 41.82}}, {"type": "Feature", "geometry": {"type": "Point", "coordinates": [72.8504500174198, 19.009474306074225]}, "properties": {"city": "mumbai", "lst_c": 39.47}}, {"type": "Feature", "geometry": {"type": "Point", "coordinates": [72.85449243619834, 19.009474306074225]}, "properties": {"city": "mumbai", "lst_c": 42.49}}, {"type": "Feature", "geometry": {"type": "Point", "coordinates": [72.85853485497688, 19.009474306074225]}, "properties": {"city": "mumbai", "lst_c": 42.58}}, {"type": "Feature", "geometry": {"type": "Point", "coordinates": [72.86257727375542, 19.009474306074225]}, "properties": {"city": "mumbai", "lst_c": 42.86}}, {"type": "Feature", "geometry": {"type": "Point", "coordinates": [72.86661969253396, 19.009474306074225]}, "properties": {"city": "mumbai", "lst_c": 45.38}}, {"type": "Feature", "geometry": {"type": "Point", "coordinates": [72.8706621113125, 19.009474306074225]}, "properties": {"city": "mumbai", "lst_c": 34.83}}, {"type": "Feature", "geometry": {"type": "Point", "coordinates": [72.87470453009104, 19.009474306074225]}, "properties": {"city": "mumbai", "lst_c": 33.36}}, {"type": "Feature", "geometry": {"type": "Point", "coordinates": [72.87874694886958, 19.009474306074225]}, "properties": {"city": "mumbai", "lst_c": 33.55}}, {"type": "Feature", "geometry": {"type": "Point", "coordinates": [72.88278936764812, 19.009474306074225]}, "properties": {"city": "mumbai", "lst_c": 33.09}}, {"type": "Feature", "geometry": {"type": "Point", "coordinates": [72.88683178642665, 19.009474306074225]}, "properties": {"city": "mumbai", "lst_c": 35.39}}, {"type": "Feature", "geometry": {"type": "Point", "coordinates": [72.8908742052052, 19.009474306074225]}, "properties": {"city": "mumbai", "lst_c": 42.4}}, {"type": "Feature", "geometry": {"type": "Point", "coordinates": [72.89491662398372, 19.009474306074225]}, "properties": {"city": "mumbai", "lst_c": 43.71}}, {"type": "Feature", "geometry": {"type": "Point", "coordinates": [72.89895904276226, 19.009474306074225]}, "properties": {"city": "mumbai", "lst_c": 43.92}}, {"type": "Feature", "geometry": {"type": "Point", "coordinates": [72.9030014615408, 19.009474306074225]}, "properties": {"city": "mumbai", "lst_c": 43.24}}, {"type": "Feature", "geometry": {"type": "Point", "coordinates": [72.90704388031934, 19.009474306074225]}, "properties": {"city": "mumbai", "lst_c": 41.81}}, {"type": "Feature", "geometry": {"type": "Point", "coordinates": [72.91108629909787, 19.009474306074225]}, "properties": {"city": "mumbai", "lst_c": 38.73}}, {"type": "Feature", "geometry": {"type": "Point", "coordinates": [72.91512871787641, 19.009474306074225]}, "properties": {"city": "mumbai", "lst_c": 39.05}}, {"type": "Feature", "geometry": {"type": "Point", "coordinates": [72.91917113665495, 19.009474306074225]}, "properties": {"city": "mumbai", "lst_c": 41.43}}, {"type": "Feature", "geometry": {"type": "Point", "coordinates": [72.92321355543349, 19.009474306074225]}, "properties": {"city": "mumbai", "lst_c": 34.27}}, {"type": "Feature", "geometry": {"type": "Point", "coordinates": [72.92725597421203, 19.009474306074225]}, "properties": {"city": "mumbai", "lst_c": 32.77}}, {"type": "Feature", "geometry": {"type": "Point", "coordinates": [72.93129839299057, 19.009474306074225]}, "properties": {"city": "mumbai", "lst_c": 32.1}}, {"type": "Feature", "geometry": {"type": "Point", "coordinates": [72.93534081176911, 19.009474306074225]}, "properties": {"city": "mumbai", "lst_c": 31.51}}, {"type": "Feature", "geometry": {"type": "Point", "coordinates": [72.93938323054765, 19.009474306074225]}, "properties": {"city": "mumbai", "lst_c": 29.77}}, {"type": "Feature", "geometry": {"type": "Point", "coordinates": [72.94342564932617, 19.009474306074225]}, "properties": {"city": "mumbai", "lst_c": 29.5}}, {"type": "Feature", "geometry": {"type": "Point", "coordinates": [72.94746806810471, 19.009474306074225]}, "properties": {"city": "mumbai", "lst_c": 30.0}}, {"type": "Feature", "geometry": {"type": "Point", "coordinates": [72.80194099207735, 19.013516724852764]}, "properties": {"city": "mumbai", "lst_c": 30.0}}, {"type": "Feature", "geometry": {"type": "Point", "coordinates": [72.80598341085589, 19.013516724852764]}, "properties": {"city": "mumbai", "lst_c": 30.15}}, {"type": "Feature", "geometry": {"type": "Point", "coordinates": [72.81002582963443, 19.013516724852764]}, "properties": {"city": "mumbai", "lst_c": 30.4}}, {"type": "Feature", "geometry": {"type": "Point", "coordinates": [72.81406824841297, 19.013516724852764]}, "properties": {"city": "mumbai", "lst_c": 31.66}}, {"type": "Feature", "geometry": {"type": "Point", "coordinates": [72.8181106671915, 19.013516724852764]}, "properties": {"city": "mumbai", "lst_c": 40.79}}, {"type": "Feature", "geometry": {"type": "Point", "coordinates": [72.82215308597004, 19.013516724852764]}, "properties": {"city": "mumbai", "lst_c": 39.4}}, {"type": "Feature", "geometry": {"type": "Point", "coordinates": [72.82619550474858, 19.013516724852764]}, "properties": {"city": "mumbai", "lst_c": 40.11}}, {"type": "Feature", "geometry": {"type": "Point", "coordinates": [72.83023792352712, 19.013516724852764]}, "properties": {"city": "mumbai", "lst_c": 38.4}}, {"type": "Feature", "geometry": {"type": "Point", "coordinates": [72.83428034230566, 19.013516724852764]}, "properties": {"city": "mumbai", "lst_c": 40.65}}, {"type": "Feature", "geometry": {"type": "Point", "coordinates": [72.8383227610842, 19.013516724852764]}, "properties": {"city": "mumbai", "lst_c": 40.24}}, {"type": "Feature", "geometry": {"type": "Point", "coordinates": [72.84236517986274, 19.013516724852764]}, "properties": {"city": "mumbai", "lst_c": 41.42}}, {"type": "Feature", "geometry": {"type": "Point", "coordinates": [72.84640759864126, 19.013516724852764]}, "properties": {"city": "mumbai", "lst_c": 40.6}}, {"type": "Feature", "geometry": {"type": "Point", "coordinates": [72.8504500174198, 19.013516724852764]}, "properties": {"city": "mumbai", "lst_c": 40.43}}, {"type": "Feature", "geometry": {"type": "Point", "coordinates": [72.85449243619834, 19.013516724852764]}, "properties": {"city": "mumbai", "lst_c": 40.82}}, {"type": "Feature", "geometry": {"type": "Point", "coordinates": [72.85853485497688, 19.013516724852764]}, "properties": {"city": "mumbai", "lst_c": 43.36}}, {"type": "Feature", "geometry": {"type": "Point", "coordinates": [72.86257727375542, 19.013516724852764]}, "properties": {"city": "mumbai", "lst_c": 40.85}}, {"type": "Feature", "geometry": {"type": "Point", "coordinates": [72.86661969253396, 19.013516724852764]}, "properties": {"city": "mumbai", "lst_c": 43.42}}, {"type": "Feature", "geometry": {"type": "Point", "coordinates": [72.8706621113125, 19.013516724852764]}, "properties": {"city": "mumbai", "lst_c": 34.98}}, {"type": "Feature", "geometry": {"type": "Point", "coordinates": [72.87470453009104, 19.013516724852764]}, "properties": {"city": "mumbai", "lst_c": 38.25}}, {"type": "Feature", "geometry": {"type": "Point", "coordinates": [72.87874694886958, 19.013516724852764]}, "properties": {"city": "mumbai", "lst_c": 35.2}}, {"type": "Feature", "geometry": {"type": "Point", "coordinates": [72.88278936764812, 19.013516724852764]}, "properties": {"city": "mumbai", "lst_c": 34.43}}, {"type": "Feature", "geometry": {"type": "Point", "coordinates": [72.88683178642665, 19.013516724852764]}, "properties": {"city": "mumbai", "lst_c": 37.08}}, {"type": "Feature", "geometry": {"type": "Point", "coordinates": [72.8908742052052, 19.013516724852764]}, "properties": {"city": "mumbai", "lst_c": 42.05}}, {"type": "Feature", "geometry": {"type": "Point", "coordinates": [72.89491662398372, 19.013516724852764]}, "properties": {"city": "mumbai", "lst_c": 43.82}}, {"type": "Feature", "geometry": {"type": "Point", "coordinates": [72.89895904276226, 19.013516724852764]}, "properties": {"city": "mumbai", "lst_c": 44.56}}, {"type": "Feature", "geometry": {"type": "Point", "coordinates": [72.9030014615408, 19.013516724852764]}, "properties": {"city": "mumbai", "lst_c": 45.04}}, {"type": "Feature", "geometry": {"type": "Point", "coordinates": [72.90704388031934, 19.013516724852764]}, "properties": {"city": "mumbai", "lst_c": 43.51}}, {"type": "Feature", "geometry": {"type": "Point", "coordinates": [72.91108629909787, 19.013516724852764]}, "properties": {"city": "mumbai", "lst_c": 37.86}}, {"type": "Feature", "geometry": {"type": "Point", "coordinates": [72.91512871787641, 19.013516724852764]}, "properties": {"city": "mumbai", "lst_c": 40.12}}, {"type": "Feature", "geometry": {"type": "Point", "coordinates": [72.91917113665495, 19.013516724852764]}, "properties": {"city": "mumbai", "lst_c": 38.75}}, {"type": "Feature", "geometry": {"type": "Point", "coordinates": [72.92321355543349, 19.013516724852764]}, "properties": {"city": "mumbai", "lst_c": 42.9}}, {"type": "Feature", "geometry": {"type": "Point", "coordinates": [72.92725597421203, 19.013516724852764]}, "properties": {"city": "mumbai", "lst_c": 33.21}}, {"type": "Feature", "geometry": {"type": "Point", "coordinates": [72.93129839299057, 19.013516724852764]}, "properties": {"city": "mumbai", "lst_c": 32.26}}, {"type": "Feature", "geometry": {"type": "Point", "coordinates": [72.93534081176911, 19.013516724852764]}, "properties": {"city": "mumbai", "lst_c": 32.13}}, {"type": "Feature", "geometry": {"type": "Point", "coordinates": [72.93938323054765, 19.013516724852764]}, "properties": {"city": "mumbai", "lst_c": 32.79}}, {"type": "Feature", "geometry": {"type": "Point", "coordinates": [72.94342564932617, 19.013516724852764]}, "properties": {"city": "mumbai", "lst_c": 31.02}}, {"type": "Feature", "geometry": {"type": "Point", "coordinates": [72.94746806810471, 19.013516724852764]}, "properties": {"city": "mumbai", "lst_c": 30.35}}, {"type": "Feature", "geometry": {"type": "Point", "coordinates": [72.80194099207735, 19.0175591436313]}, "properties": {"city": "mumbai", "lst_c": 30.34}}, {"type": "Feature", "geometry": {"type": "Point", "coordinates": [72.80598341085589, 19.0175591436313]}, "properties": {"city": "mumbai", "lst_c": 30.1}}, {"type": "Feature", "geometry": {"type": "Point", "coordinates": [72.81002582963443, 19.0175591436313]}, "properties": {"city": "mumbai", "lst_c": 30.47}}, {"type": "Feature", "geometry": {"type": "Point", "coordinates": [72.81406824841297, 19.0175591436313]}, "properties": {"city": "mumbai", "lst_c": 31.47}}, {"type": "Feature", "geometry": {"type": "Point", "coordinates": [72.8181106671915, 19.0175591436313]}, "properties": {"city": "mumbai", "lst_c": 43.86}}, {"type": "Feature", "geometry": {"type": "Point", "coordinates": [72.82215308597004, 19.0175591436313]}, "properties": {"city": "mumbai", "lst_c": 39.88}}, {"type": "Feature", "geometry": {"type": "Point", "coordinates": [72.82619550474858, 19.0175591436313]}, "properties": {"city": "mumbai", "lst_c": 37.35}}, {"type": "Feature", "geometry": {"type": "Point", "coordinates": [72.83023792352712, 19.0175591436313]}, "properties": {"city": "mumbai", "lst_c": 39.94}}, {"type": "Feature", "geometry": {"type": "Point", "coordinates": [72.83428034230566, 19.0175591436313]}, "properties": {"city": "mumbai", "lst_c": 38.41}}, {"type": "Feature", "geometry": {"type": "Point", "coordinates": [72.8383227610842, 19.0175591436313]}, "properties": {"city": "mumbai", "lst_c": 39.94}}, {"type": "Feature", "geometry": {"type": "Point", "coordinates": [72.84236517986274, 19.0175591436313]}, "properties": {"city": "mumbai", "lst_c": 43.89}}, {"type": "Feature", "geometry": {"type": "Point", "coordinates": [72.84640759864126, 19.0175591436313]}, "properties": {"city": "mumbai", "lst_c": 39.39}}, {"type": "Feature", "geometry": {"type": "Point", "coordinates": [72.8504500174198, 19.0175591436313]}, "properties": {"city": "mumbai", "lst_c": 39.59}}, {"type": "Feature", "geometry": {"type": "Point", "coordinates": [72.85449243619834, 19.0175591436313]}, "properties": {"city": "mumbai", "lst_c": 40.82}}, {"type": "Feature", "geometry": {"type": "Point", "coordinates": [72.85853485497688, 19.0175591436313]}, "properties": {"city": "mumbai", "lst_c": 42.96}}, {"type": "Feature", "geometry": {"type": "Point", "coordinates": [72.86257727375542, 19.0175591436313]}, "properties": {"city": "mumbai", "lst_c": 42.05}}, {"type": "Feature", "geometry": {"type": "Point", "coordinates": [72.86661969253396, 19.0175591436313]}, "properties": {"city": "mumbai", "lst_c": 45.63}}, {"type": "Feature", "geometry": {"type": "Point", "coordinates": [72.8706621113125, 19.0175591436313]}, "properties": {"city": "mumbai", "lst_c": 41.19}}, {"type": "Feature", "geometry": {"type": "Point", "coordinates": [72.87470453009104, 19.0175591436313]}, "properties": {"city": "mumbai", "lst_c": 44.56}}, {"type": "Feature", "geometry": {"type": "Point", "coordinates": [72.87874694886958, 19.0175591436313]}, "properties": {"city": "mumbai", "lst_c": 36.49}}, {"type": "Feature", "geometry": {"type": "Point", "coordinates": [72.88278936764812, 19.0175591436313]}, "properties": {"city": "mumbai", "lst_c": 35.39}}, {"type": "Feature", "geometry": {"type": "Point", "coordinates": [72.88683178642665, 19.0175591436313]}, "properties": {"city": "mumbai", "lst_c": 39.41}}, {"type": "Feature", "geometry": {"type": "Point", "coordinates": [72.8908742052052, 19.0175591436313]}, "properties": {"city": "mumbai", "lst_c": 43.03}}, {"type": "Feature", "geometry": {"type": "Point", "coordinates": [72.89491662398372, 19.0175591436313]}, "properties": {"city": "mumbai", "lst_c": 44.69}}, {"type": "Feature", "geometry": {"type": "Point", "coordinates": [72.89895904276226, 19.0175591436313]}, "properties": {"city": "mumbai", "lst_c": 45.04}}, {"type": "Feature", "geometry": {"type": "Point", "coordinates": [72.9030014615408, 19.0175591436313]}, "properties": {"city": "mumbai", "lst_c": 43.97}}, {"type": "Feature", "geometry": {"type": "Point", "coordinates": [72.90704388031934, 19.0175591436313]}, "properties": {"city": "mumbai", "lst_c": 45.65}}, {"type": "Feature", "geometry": {"type": "Point", "coordinates": [72.91108629909787, 19.0175591436313]}, "properties": {"city": "mumbai", "lst_c": 39.71}}, {"type": "Feature", "geometry": {"type": "Point", "coordinates": [72.91512871787641, 19.0175591436313]}, "properties": {"city": "mumbai", "lst_c": 40.57}}, {"type": "Feature", "geometry": {"type": "Point", "coordinates": [72.91917113665495, 19.0175591436313]}, "properties": {"city": "mumbai", "lst_c": 36.83}}, {"type": "Feature", "geometry": {"type": "Point", "coordinates": [72.92321355543349, 19.0175591436313]}, "properties": {"city": "mumbai", "lst_c": 40.24}}, {"type": "Feature", "geometry": {"type": "Point", "coordinates": [72.92725597421203, 19.0175591436313]}, "properties": {"city": "mumbai", "lst_c": 38.49}}, {"type": "Feature", "geometry": {"type": "Point", "coordinates": [72.93129839299057, 19.0175591436313]}, "properties": {"city": "mumbai", "lst_c": 33.65}}, {"type": "Feature", "geometry": {"type": "Point", "coordinates": [72.93534081176911, 19.0175591436313]}, "properties": {"city": "mumbai", "lst_c": 33.07}}, {"type": "Feature", "geometry": {"type": "Point", "coordinates": [72.93938323054765, 19.0175591436313]}, "properties": {"city": "mumbai", "lst_c": 32.44}}, {"type": "Feature", "geometry": {"type": "Point", "coordinates": [72.94342564932617, 19.0175591436313]}, "properties": {"city": "mumbai", "lst_c": 32.58}}, {"type": "Feature", "geometry": {"type": "Point", "coordinates": [72.94746806810471, 19.0175591436313]}, "properties": {"city": "mumbai", "lst_c": 31.38}}, {"type": "Feature", "geometry": {"type": "Point", "coordinates": [72.80194099207735, 19.02160156240984]}, "properties": {"city": "mumbai", "lst_c": 30.37}}, {"type": "Feature", "geometry": {"type": "Point", "coordinates": [72.80598341085589, 19.02160156240984]}, "properties": {"city": "mumbai", "lst_c": 30.07}}, {"type": "Feature", "geometry": {"type": "Point", "coordinates": [72.81002582963443, 19.02160156240984]}, "properties": {"city": "mumbai", "lst_c": 30.29}}, {"type": "Feature", "geometry": {"type": "Point", "coordinates": [72.81406824841297, 19.02160156240984]}, "properties": {"city": "mumbai", "lst_c": 32.66}}, {"type": "Feature", "geometry": {"type": "Point", "coordinates": [72.8181106671915, 19.02160156240984]}, "properties": {"city": "mumbai", "lst_c": 41.38}}, {"type": "Feature", "geometry": {"type": "Point", "coordinates": [72.82215308597004, 19.02160156240984]}, "properties": {"city": "mumbai", "lst_c": 31.6}}, {"type": "Feature", "geometry": {"type": "Point", "coordinates": [72.82619550474858, 19.02160156240984]}, "properties": {"city": "mumbai", "lst_c": 32.36}}, {"type": "Feature", "geometry": {"type": "Point", "coordinates": [72.83023792352712, 19.02160156240984]}, "properties": {"city": "mumbai", "lst_c": 35.93}}, {"type": "Feature", "geometry": {"type": "Point", "coordinates": [72.83428034230566, 19.02160156240984]}, "properties": {"city": "mumbai", "lst_c": 38.52}}, {"type": "Feature", "geometry": {"type": "Point", "coordinates": [72.8383227610842, 19.02160156240984]}, "properties": {"city": "mumbai", "lst_c": 40.74}}, {"type": "Feature", "geometry": {"type": "Point", "coordinates": [72.84236517986274, 19.02160156240984]}, "properties": {"city": "mumbai", "lst_c": 42.77}}, {"type": "Feature", "geometry": {"type": "Point", "coordinates": [72.84640759864126, 19.02160156240984]}, "properties": {"city": "mumbai", "lst_c": 40.01}}, {"type": "Feature", "geometry": {"type": "Point", "coordinates": [72.8504500174198, 19.02160156240984]}, "properties": {"city": "mumbai", "lst_c": 39.02}}, {"type": "Feature", "geometry": {"type": "Point", "coordinates": [72.85449243619834, 19.02160156240984]}, "properties": {"city": "mumbai", "lst_c": 38.81}}, {"type": "Feature", "geometry": {"type": "Point", "coordinates": [72.85853485497688, 19.02160156240984]}, "properties": {"city": "mumbai", "lst_c": 39.64}}, {"type": "Feature", "geometry": {"type": "Point", "coordinates": [72.86257727375542, 19.02160156240984]}, "properties": {"city": "mumbai", "lst_c": 41.62}}, {"type": "Feature", "geometry": {"type": "Point", "coordinates": [72.86661969253396, 19.02160156240984]}, "properties": {"city": "mumbai", "lst_c": 42.12}}, {"type": "Feature", "geometry": {"type": "Point", "coordinates": [72.8706621113125, 19.02160156240984]}, "properties": {"city": "mumbai", "lst_c": 45.43}}, {"type": "Feature", "geometry": {"type": "Point", "coordinates": [72.87470453009104, 19.02160156240984]}, "properties": {"city": "mumbai", "lst_c": 43.68}}, {"type": "Feature", "geometry": {"type": "Point", "coordinates": [72.87874694886958, 19.02160156240984]}, "properties": {"city": "mumbai", "lst_c": 37.92}}, {"type": "Feature", "geometry": {"type": "Point", "coordinates": [72.88278936764812, 19.02160156240984]}, "properties": {"city": "mumbai", "lst_c": 35.74}}, {"type": "Feature", "geometry": {"type": "Point", "coordinates": [72.88683178642665, 19.02160156240984]}, "properties": {"city": "mumbai", "lst_c": 38.45}}, {"type": "Feature", "geometry": {"type": "Point", "coordinates": [72.8908742052052, 19.02160156240984]}, "properties": {"city": "mumbai", "lst_c": 44.92}}, {"type": "Feature", "geometry": {"type": "Point", "coordinates": [72.89491662398372, 19.02160156240984]}, "properties": {"city": "mumbai", "lst_c": 44.23}}, {"type": "Feature", "geometry": {"type": "Point", "coordinates": [72.89895904276226, 19.02160156240984]}, "properties": {"city": "mumbai", "lst_c": 44.57}}, {"type": "Feature", "geometry": {"type": "Point", "coordinates": [72.9030014615408, 19.02160156240984]}, "properties": {"city": "mumbai", "lst_c": 45.0}}, {"type": "Feature", "geometry": {"type": "Point", "coordinates": [72.90704388031934, 19.02160156240984]}, "properties": {"city": "mumbai", "lst_c": 46.28}}, {"type": "Feature", "geometry": {"type": "Point", "coordinates": [72.91108629909787, 19.02160156240984]}, "properties": {"city": "mumbai", "lst_c": 39.46}}, {"type": "Feature", "geometry": {"type": "Point", "coordinates": [72.91512871787641, 19.02160156240984]}, "properties": {"city": "mumbai", "lst_c": 37.86}}, {"type": "Feature", "geometry": {"type": "Point", "coordinates": [72.91917113665495, 19.02160156240984]}, "properties": {"city": "mumbai", "lst_c": 40.12}}, {"type": "Feature", "geometry": {"type": "Point", "coordinates": [72.92321355543349, 19.02160156240984]}, "properties": {"city": "mumbai", "lst_c": 36.08}}, {"type": "Feature", "geometry": {"type": "Point", "coordinates": [72.92725597421203, 19.02160156240984]}, "properties": {"city": "mumbai", "lst_c": 39.76}}, {"type": "Feature", "geometry": {"type": "Point", "coordinates": [72.93129839299057, 19.02160156240984]}, "properties": {"city": "mumbai", "lst_c": 36.64}}, {"type": "Feature", "geometry": {"type": "Point", "coordinates": [72.93534081176911, 19.02160156240984]}, "properties": {"city": "mumbai", "lst_c": 34.42}}, {"type": "Feature", "geometry": {"type": "Point", "coordinates": [72.93938323054765, 19.02160156240984]}, "properties": {"city": "mumbai", "lst_c": 32.94}}, {"type": "Feature", "geometry": {"type": "Point", "coordinates": [72.94342564932617, 19.02160156240984]}, "properties": {"city": "mumbai", "lst_c": 33.16}}, {"type": "Feature", "geometry": {"type": "Point", "coordinates": [72.94746806810471, 19.02160156240984]}, "properties": {"city": "mumbai", "lst_c": 32.66}}, {"type": "Feature", "geometry": {"type": "Point", "coordinates": [72.80194099207735, 19.025643981188377]}, "properties": {"city": "mumbai", "lst_c": 30.33}}, {"type": "Feature", "geometry": {"type": "Point", "coordinates": [72.80598341085589, 19.025643981188377]}, "properties": {"city": "mumbai", "lst_c": 30.1}}, {"type": "Feature", "geometry": {"type": "Point", "coordinates": [72.81002582963443, 19.025643981188377]}, "properties": {"city": "mumbai", "lst_c": 30.24}}, {"type": "Feature", "geometry": {"type": "Point", "coordinates": [72.81406824841297, 19.025643981188377]}, "properties": {"city": "mumbai", "lst_c": 32.63}}, {"type": "Feature", "geometry": {"type": "Point", "coordinates": [72.8181106671915, 19.025643981188377]}, "properties": {"city": "mumbai", "lst_c": 31.72}}, {"type": "Feature", "geometry": {"type": "Point", "coordinates": [72.82215308597004, 19.025643981188377]}, "properties": {"city": "mumbai", "lst_c": 30.41}}, {"type": "Feature", "geometry": {"type": "Point", "coordinates": [72.82619550474858, 19.025643981188377]}, "properties": {"city": "mumbai", "lst_c": 31.16}}, {"type": "Feature", "geometry": {"type": "Point", "coordinates": [72.83023792352712, 19.025643981188377]}, "properties": {"city": "mumbai", "lst_c": 31.18}}, {"type": "Feature", "geometry": {"type": "Point", "coordinates": [72.83428034230566, 19.025643981188377]}, "properties": {"city": "mumbai", "lst_c": 36.59}}, {"type": "Feature", "geometry": {"type": "Point", "coordinates": [72.8383227610842, 19.025643981188377]}, "properties": {"city": "mumbai", "lst_c": 40.19}}, {"type": "Feature", "geometry": {"type": "Point", "coordinates": [72.84236517986274, 19.025643981188377]}, "properties": {"city": "mumbai", "lst_c": 40.0}}, {"type": "Feature", "geometry": {"type": "Point", "coordinates": [72.84640759864126, 19.025643981188377]}, "properties": {"city": "mumbai", "lst_c": 41.14}}, {"type": "Feature", "geometry": {"type": "Point", "coordinates": [72.8504500174198, 19.025643981188377]}, "properties": {"city": "mumbai", "lst_c": 39.56}}, {"type": "Feature", "geometry": {"type": "Point", "coordinates": [72.85449243619834, 19.025643981188377]}, "properties": {"city": "mumbai", "lst_c": 39.31}}, {"type": "Feature", "geometry": {"type": "Point", "coordinates": [72.85853485497688, 19.025643981188377]}, "properties": {"city": "mumbai", "lst_c": 42.64}}, {"type": "Feature", "geometry": {"type": "Point", "coordinates": [72.86257727375542, 19.025643981188377]}, "properties": {"city": "mumbai", "lst_c": 42.62}}, {"type": "Feature", "geometry": {"type": "Point", "coordinates": [72.86661969253396, 19.025643981188377]}, "properties": {"city": "mumbai", "lst_c": 40.47}}, {"type": "Feature", "geometry": {"type": "Point", "coordinates": [72.8706621113125, 19.025643981188377]}, "properties": {"city": "mumbai", "lst_c": 42.83}}, {"type": "Feature", "geometry": {"type": "Point", "coordinates": [72.87470453009104, 19.025643981188377]}, "properties": {"city": "mumbai", "lst_c": 42.51}}, {"type": "Feature", "geometry": {"type": "Point", "coordinates": [72.87874694886958, 19.025643981188377]}, "properties": {"city": "mumbai", "lst_c": 40.33}}, {"type": "Feature", "geometry": {"type": "Point", "coordinates": [72.88278936764812, 19.025643981188377]}, "properties": {"city": "mumbai", "lst_c": 41.79}}, {"type": "Feature", "geometry": {"type": "Point", "coordinates": [72.88683178642665, 19.025643981188377]}, "properties": {"city": "mumbai", "lst_c": 42.52}}, {"type": "Feature", "geometry": {"type": "Point", "coordinates": [72.8908742052052, 19.025643981188377]}, "properties": {"city": "mumbai", "lst_c": 44.01}}, {"type": "Feature", "geometry": {"type": "Point", "coordinates": [72.89491662398372, 19.025643981188377]}, "properties": {"city": "mumbai", "lst_c": 45.57}}, {"type": "Feature", "geometry": {"type": "Point", "coordinates": [72.89895904276226, 19.025643981188377]}, "properties": {"city": "mumbai", "lst_c": 44.33}}, {"type": "Feature", "geometry": {"type": "Point", "coordinates": [72.9030014615408, 19.025643981188377]}, "properties": {"city": "mumbai", "lst_c": 43.0}}, {"type": "Feature", "geometry": {"type": "Point", "coordinates": [72.90704388031934, 19.025643981188377]}, "properties": {"city": "mumbai", "lst_c": 46.24}}, {"type": "Feature", "geometry": {"type": "Point", "coordinates": [72.91108629909787, 19.025643981188377]}, "properties": {"city": "mumbai", "lst_c": 39.09}}, {"type": "Feature", "geometry": {"type": "Point", "coordinates": [72.91512871787641, 19.025643981188377]}, "properties": {"city": "mumbai", "lst_c": 39.39}}, {"type": "Feature", "geometry": {"type": "Point", "coordinates": [72.91917113665495, 19.025643981188377]}, "properties": {"city": "mumbai", "lst_c": 38.41}}, {"type": "Feature", "geometry": {"type": "Point", "coordinates": [72.92321355543349, 19.025643981188377]}, "properties": {"city": "mumbai", "lst_c": 35.37}}, {"type": "Feature", "geometry": {"type": "Point", "coordinates": [72.92725597421203, 19.025643981188377]}, "properties": {"city": "mumbai", "lst_c": 37.05}}, {"type": "Feature", "geometry": {"type": "Point", "coordinates": [72.93129839299057, 19.025643981188377]}, "properties": {"city": "mumbai", "lst_c": 38.14}}, {"type": "Feature", "geometry": {"type": "Point", "coordinates": [72.93534081176911, 19.025643981188377]}, "properties": {"city": "mumbai", "lst_c": 37.3}}, {"type": "Feature", "geometry": {"type": "Point", "coordinates": [72.93938323054765, 19.025643981188377]}, "properties": {"city": "mumbai", "lst_c": 39.3}}, {"type": "Feature", "geometry": {"type": "Point", "coordinates": [72.94342564932617, 19.025643981188377]}, "properties": {"city": "mumbai", "lst_c": 34.71}}, {"type": "Feature", "geometry": {"type": "Point", "coordinates": [72.94746806810471, 19.025643981188377]}, "properties": {"city": "mumbai", "lst_c": 33.66}}, {"type": "Feature", "geometry": {"type": "Point", "coordinates": [72.80194099207735, 19.029686399966913]}, "properties": {"city": "mumbai", "lst_c": 29.96}}, {"type": "Feature", "geometry": {"type": "Point", "coordinates": [72.80598341085589, 19.029686399966913]}, "properties": {"city": "mumbai", "lst_c": 30.19}}, {"type": "Feature", "geometry": {"type": "Point", "coordinates": [72.81002582963443, 19.029686399966913]}, "properties": {"city": "mumbai", "lst_c": 30.2}}, {"type": "Feature", "geometry": {"type": "Point", "coordinates": [72.81406824841297, 19.029686399966913]}, "properties": {"city": "mumbai", "lst_c": 30.83}}, {"type": "Feature", "geometry": {"type": "Point", "coordinates": [72.8181106671915, 19.029686399966913]}, "properties": {"city": "mumbai", "lst_c": 30.17}}, {"type": "Feature", "geometry": {"type": "Point", "coordinates": [72.82215308597004, 19.029686399966913]}, "properties": {"city": "mumbai", "lst_c": 30.33}}, {"type": "Feature", "geometry": {"type": "Point", "coordinates": [72.82619550474858, 19.029686399966913]}, "properties": {"city": "mumbai", "lst_c": 30.79}}, {"type": "Feature", "geometry": {"type": "Point", "coordinates": [72.83023792352712, 19.029686399966913]}, "properties": {"city": "mumbai", "lst_c": 30.74}}, {"type": "Feature", "geometry": {"type": "Point", "coordinates": [72.83428034230566, 19.029686399966913]}, "properties": {"city": "mumbai", "lst_c": 31.59}}, {"type": "Feature", "geometry": {"type": "Point", "coordinates": [72.8383227610842, 19.029686399966913]}, "properties": {"city": "mumbai", "lst_c": 39.43}}, {"type": "Feature", "geometry": {"type": "Point", "coordinates": [72.84236517986274, 19.029686399966913]}, "properties": {"city": "mumbai", "lst_c": 39.96}}, {"type": "Feature", "geometry": {"type": "Point", "coordinates": [72.84640759864126, 19.029686399966913]}, "properties": {"city": "mumbai", "lst_c": 40.48}}, {"type": "Feature", "geometry": {"type": "Point", "coordinates": [72.8504500174198, 19.029686399966913]}, "properties": {"city": "mumbai", "lst_c": 44.45}}, {"type": "Feature", "geometry": {"type": "Point", "coordinates": [72.85449243619834, 19.029686399966913]}, "properties": {"city": "mumbai", "lst_c": 38.81}}, {"type": "Feature", "geometry": {"type": "Point", "coordinates": [72.85853485497688, 19.029686399966913]}, "properties": {"city": "mumbai", "lst_c": 41.51}}, {"type": "Feature", "geometry": {"type": "Point", "coordinates": [72.86257727375542, 19.029686399966913]}, "properties": {"city": "mumbai", "lst_c": 40.1}}, {"type": "Feature", "geometry": {"type": "Point", "coordinates": [72.86661969253396, 19.029686399966913]}, "properties": {"city": "mumbai", "lst_c": 41.09}}, {"type": "Feature", "geometry": {"type": "Point", "coordinates": [72.8706621113125, 19.029686399966913]}, "properties": {"city": "mumbai", "lst_c": 42.06}}, {"type": "Feature", "geometry": {"type": "Point", "coordinates": [72.87470453009104, 19.029686399966913]}, "properties": {"city": "mumbai", "lst_c": 43.66}}, {"type": "Feature", "geometry": {"type": "Point", "coordinates": [72.87874694886958, 19.029686399966913]}, "properties": {"city": "mumbai", "lst_c": 41.1}}, {"type": "Feature", "geometry": {"type": "Point", "coordinates": [72.88278936764812, 19.029686399966913]}, "properties": {"city": "mumbai", "lst_c": 42.49}}, {"type": "Feature", "geometry": {"type": "Point", "coordinates": [72.88683178642665, 19.029686399966913]}, "properties": {"city": "mumbai", "lst_c": 42.68}}, {"type": "Feature", "geometry": {"type": "Point", "coordinates": [72.8908742052052, 19.029686399966913]}, "properties": {"city": "mumbai", "lst_c": 40.4}}, {"type": "Feature", "geometry": {"type": "Point", "coordinates": [72.89491662398372, 19.029686399966913]}, "properties": {"city": "mumbai", "lst_c": 42.57}}, {"type": "Feature", "geometry": {"type": "Point", "coordinates": [72.89895904276226, 19.029686399966913]}, "properties": {"city": "mumbai", "lst_c": 40.76}}, {"type": "Feature", "geometry": {"type": "Point", "coordinates": [72.9030014615408, 19.029686399966913]}, "properties": {"city": "mumbai", "lst_c": 41.49}}, {"type": "Feature", "geometry": {"type": "Point", "coordinates": [72.90704388031934, 19.029686399966913]}, "properties": {"city": "mumbai", "lst_c": 40.3}}, {"type": "Feature", "geometry": {"type": "Point", "coordinates": [72.91108629909787, 19.029686399966913]}, "properties": {"city": "mumbai", "lst_c": 39.08}}, {"type": "Feature", "geometry": {"type": "Point", "coordinates": [72.91512871787641, 19.029686399966913]}, "properties": {"city": "mumbai", "lst_c": 40.96}}, {"type": "Feature", "geometry": {"type": "Point", "coordinates": [72.91917113665495, 19.029686399966913]}, "properties": {"city": "mumbai", "lst_c": 40.64}}, {"type": "Feature", "geometry": {"type": "Point", "coordinates": [72.92321355543349, 19.029686399966913]}, "properties": {"city": "mumbai", "lst_c": 37.49}}, {"type": "Feature", "geometry": {"type": "Point", "coordinates": [72.92725597421203, 19.029686399966913]}, "properties": {"city": "mumbai", "lst_c": 38.27}}, {"type": "Feature", "geometry": {"type": "Point", "coordinates": [72.93129839299057, 19.029686399966913]}, "properties": {"city": "mumbai", "lst_c": 37.76}}, {"type": "Feature", "geometry": {"type": "Point", "coordinates": [72.93534081176911, 19.029686399966913]}, "properties": {"city": "mumbai", "lst_c": 40.06}}, {"type": "Feature", "geometry": {"type": "Point", "coordinates": [72.93938323054765, 19.029686399966913]}, "properties": {"city": "mumbai", "lst_c": 39.66}}, {"type": "Feature", "geometry": {"type": "Point", "coordinates": [72.94342564932617, 19.029686399966913]}, "properties": {"city": "mumbai", "lst_c": 37.94}}, {"type": "Feature", "geometry": {"type": "Point", "coordinates": [72.94746806810471, 19.029686399966913]}, "properties": {"city": "mumbai", "lst_c": 37.1}}, {"type": "Feature", "geometry": {"type": "Point", "coordinates": [72.80194099207735, 19.033728818745452]}, "properties": {"city": "mumbai", "lst_c": 30.14}}, {"type": "Feature", "geometry": {"type": "Point", "coordinates": [72.80598341085589, 19.033728818745452]}, "properties": {"city": "mumbai", "lst_c": 30.02}}, {"type": "Feature", "geometry": {"type": "Point", "coordinates": [72.81002582963443, 19.033728818745452]}, "properties": {"city": "mumbai", "lst_c": 30.13}}, {"type": "Feature", "geometry": {"type": "Point", "coordinates": [72.81406824841297, 19.033728818745452]}, "properties": {"city": "mumbai", "lst_c": 30.26}}, {"type": "Feature", "geometry": {"type": "Point", "coordinates": [72.8181106671915, 19.033728818745452]}, "properties": {"city": "mumbai", "lst_c": 30.78}}, {"type": "Feature", "geometry": {"type": "Point", "coordinates": [72.82215308597004, 19.033728818745452]}, "properties": {"city": "mumbai", "lst_c": 30.62}}, {"type": "Feature", "geometry": {"type": "Point", "coordinates": [72.82619550474858, 19.033728818745452]}, "properties": {"city": "mumbai", "lst_c": 30.98}}, {"type": "Feature", "geometry": {"type": "Point", "coordinates": [72.83023792352712, 19.033728818745452]}, "properties": {"city": "mumbai", "lst_c": 31.18}}, {"type": "Feature", "geometry": {"type": "Point", "coordinates": [72.83428034230566, 19.033728818745452]}, "properties": {"city": "mumbai", "lst_c": 31.38}}, {"type": "Feature", "geometry": {"type": "Point", "coordinates": [72.8383227610842, 19.033728818745452]}, "properties": {"city": "mumbai", "lst_c": 37.2}}, {"type": "Feature", "geometry": {"type": "Point", "coordinates": [72.84236517986274, 19.033728818745452]}, "properties": {"city": "mumbai", "lst_c": 39.31}}, {"type": "Feature", "geometry": {"type": "Point", "coordinates": [72.84640759864126, 19.033728818745452]}, "properties": {"city": "mumbai", "lst_c": 39.79}}, {"type": "Feature", "geometry": {"type": "Point", "coordinates": [72.8504500174198, 19.033728818745452]}, "properties": {"city": "mumbai", "lst_c": 41.71}}, {"type": "Feature", "geometry": {"type": "Point", "coordinates": [72.85449243619834, 19.033728818745452]}, "properties": {"city": "mumbai", "lst_c": 41.47}}, {"type": "Feature", "geometry": {"type": "Point", "coordinates": [72.85853485497688, 19.033728818745452]}, "properties": {"city": "mumbai", "lst_c": 41.36}}, {"type": "Feature", "geometry": {"type": "Point", "coordinates": [72.86257727375542, 19.033728818745452]}, "properties": {"city": "mumbai", "lst_c": 43.4}}, {"type": "Feature", "geometry": {"type": "Point", "coordinates": [72.86661969253396, 19.033728818745452]}, "properties": {"city": "mumbai", "lst_c": 42.61}}, {"type": "Feature", "geometry": {"type": "Point", "coordinates": [72.8706621113125, 19.033728818745452]}, "properties": {"city": "mumbai", "lst_c": 47.12}}, {"type": "Feature", "geometry": {"type": "Point", "coordinates": [72.87470453009104, 19.033728818745452]}, "properties": {"city": "mumbai", "lst_c": 43.04}}, {"type": "Feature", "geometry": {"type": "Point", "coordinates": [72.87874694886958, 19.033728818745452]}, "properties": {"city": "mumbai", "lst_c": 42.25}}, {"type": "Feature", "geometry": {"type": "Point", "coordinates": [72.88278936764812, 19.033728818745452]}, "properties": {"city": "mumbai", "lst_c": 40.16}}, {"type": "Feature", "geometry": {"type": "Point", "coordinates": [72.88683178642665, 19.033728818745452]}, "properties": {"city": "mumbai", "lst_c": 45.02}}, {"type": "Feature", "geometry": {"type": "Point", "coordinates": [72.8908742052052, 19.033728818745452]}, "properties": {"city": "mumbai", "lst_c": 40.64}}, {"type": "Feature", "geometry": {"type": "Point", "coordinates": [72.89491662398372, 19.033728818745452]}, "properties": {"city": "mumbai", "lst_c": 42.3}}, {"type": "Feature", "geometry": {"type": "Point", "coordinates": [72.89895904276226, 19.033728818745452]}, "properties": {"city": "mumbai", "lst_c": 41.76}}, {"type": "Feature", "geometry": {"type": "Point", "coordinates": [72.9030014615408, 19.033728818745452]}, "properties": {"city": "mumbai", "lst_c": 42.6}}, {"type": "Feature", "geometry": {"type": "Point", "coordinates": [72.90704388031934, 19.033728818745452]}, "properties": {"city": "mumbai", "lst_c": 38.53}}, {"type": "Feature", "geometry": {"type": "Point", "coordinates": [72.91108629909787, 19.033728818745452]}, "properties": {"city": "mumbai", "lst_c": 38.28}}, {"type": "Feature", "geometry": {"type": "Point", "coordinates": [72.91512871787641, 19.033728818745452]}, "properties": {"city": "mumbai", "lst_c": 38.74}}, {"type": "Feature", "geometry": {"type": "Point", "coordinates": [72.91917113665495, 19.033728818745452]}, "properties": {"city": "mumbai", "lst_c": 38.79}}, {"type": "Feature", "geometry": {"type": "Point", "coordinates": [72.92321355543349, 19.033728818745452]}, "properties": {"city": "mumbai", "lst_c": 38.62}}, {"type": "Feature", "geometry": {"type": "Point", "coordinates": [72.92725597421203, 19.033728818745452]}, "properties": {"city": "mumbai", "lst_c": 40.11}}, {"type": "Feature", "geometry": {"type": "Point", "coordinates": [72.93129839299057, 19.033728818745452]}, "properties": {"city": "mumbai", "lst_c": 37.65}}, {"type": "Feature", "geometry": {"type": "Point", "coordinates": [72.93534081176911, 19.033728818745452]}, "properties": {"city": "mumbai", "lst_c": 39.05}}, {"type": "Feature", "geometry": {"type": "Point", "coordinates": [72.93938323054765, 19.033728818745452]}, "properties": {"city": "mumbai", "lst_c": 39.19}}, {"type": "Feature", "geometry": {"type": "Point", "coordinates": [72.94342564932617, 19.033728818745452]}, "properties": {"city": "mumbai", "lst_c": 36.38}}, {"type": "Feature", "geometry": {"type": "Point", "coordinates": [72.94746806810471, 19.033728818745452]}, "properties": {"city": "mumbai", "lst_c": 42.38}}, {"type": "Feature", "geometry": {"type": "Point", "coordinates": [72.80194099207735, 19.03777123752399]}, "properties": {"city": "mumbai", "lst_c": 30.23}}, {"type": "Feature", "geometry": {"type": "Point", "coordinates": [72.80598341085589, 19.03777123752399]}, "properties": {"city": "mumbai", "lst_c": 30.33}}, {"type": "Feature", "geometry": {"type": "Point", "coordinates": [72.81002582963443, 19.03777123752399]}, "properties": {"city": "mumbai", "lst_c": 30.22}}, {"type": "Feature", "geometry": {"type": "Point", "coordinates": [72.81406824841297, 19.03777123752399]}, "properties": {"city": "mumbai", "lst_c": 30.32}}, {"type": "Feature", "geometry": {"type": "Point", "coordinates": [72.8181106671915, 19.03777123752399]}, "properties": {"city": "mumbai", "lst_c": 32.23}}, {"type": "Feature", "geometry": {"type": "Point", "coordinates": [72.82215308597004, 19.03777123752399]}, "properties": {"city": "mumbai", "lst_c": 30.86}}, {"type": "Feature", "geometry": {"type": "Point", "coordinates": [72.82619550474858, 19.03777123752399]}, "properties": {"city": "mumbai", "lst_c": 31.09}}, {"type": "Feature", "geometry": {"type": "Point", "coordinates": [72.83023792352712, 19.03777123752399]}, "properties": {"city": "mumbai", "lst_c": 31.28}}, {"type": "Feature", "geometry": {"type": "Point", "coordinates": [72.83428034230566, 19.03777123752399]}, "properties": {"city": "mumbai", "lst_c": 31.87}}, {"type": "Feature", "geometry": {"type": "Point", "coordinates": [72.8383227610842, 19.03777123752399]}, "properties": {"city": "mumbai", "lst_c": 36.78}}, {"type": "Feature", "geometry": {"type": "Point", "coordinates": [72.84236517986274, 19.03777123752399]}, "properties": {"city": "mumbai", "lst_c": 40.94}}, {"type": "Feature", "geometry": {"type": "Point", "coordinates": [72.84640759864126, 19.03777123752399]}, "properties": {"city": "mumbai", "lst_c": 39.92}}, {"type": "Feature", "geometry": {"type": "Point", "coordinates": [72.8504500174198, 19.03777123752399]}, "properties": {"city": "mumbai", "lst_c": 42.18}}, {"type": "Feature", "geometry": {"type": "Point", "coordinates": [72.85449243619834, 19.03777123752399]}, "properties": {"city": "mumbai", "lst_c": 45.77}}, {"type": "Feature", "geometry": {"type": "Point", "coordinates": [72.85853485497688, 19.03777123752399]}, "properties": {"city": "mumbai", "lst_c": 41.44}}, {"type": "Feature", "geometry": {"type": "Point", "coordinates": [72.86257727375542, 19.03777123752399]}, "properties": {"city": "mumbai", "lst_c": 41.08}}, {"type": "Feature", "geometry": {"type": "Point", "coordinates": [72.86661969253396, 19.03777123752399]}, "properties": {"city": "mumbai", "lst_c": 41.62}}, {"type": "Feature", "geometry": {"type": "Point", "coordinates": [72.8706621113125, 19.03777123752399]}, "properties": {"city": "mumbai", "lst_c": 46.8}}, {"type": "Feature", "geometry": {"type": "Point", "coordinates": [72.87470453009104, 19.03777123752399]}, "properties": {"city": "mumbai", "lst_c": 44.89}}, {"type": "Feature", "geometry": {"type": "Point", "coordinates": [72.87874694886958, 19.03777123752399]}, "properties": {"city": "mumbai", "lst_c": 41.78}}, {"type": "Feature", "geometry": {"type": "Point", "coordinates": [72.88278936764812, 19.03777123752399]}, "properties": {"city": "mumbai", "lst_c": 42.84}}, {"type": "Feature", "geometry": {"type": "Point", "coordinates": [72.88683178642665, 19.03777123752399]}, "properties": {"city": "mumbai", "lst_c": 45.0}}, {"type": "Feature", "geometry": {"type": "Point", "coordinates": [72.8908742052052, 19.03777123752399]}, "properties": {"city": "mumbai", "lst_c": 42.86}}, {"type": "Feature", "geometry": {"type": "Point", "coordinates": [72.89491662398372, 19.03777123752399]}, "properties": {"city": "mumbai", "lst_c": 40.37}}, {"type": "Feature", "geometry": {"type": "Point", "coordinates": [72.89895904276226, 19.03777123752399]}, "properties": {"city": "mumbai", "lst_c": 37.19}}, {"type": "Feature", "geometry": {"type": "Point", "coordinates": [72.9030014615408, 19.03777123752399]}, "properties": {"city": "mumbai", "lst_c": 37.1}}, {"type": "Feature", "geometry": {"type": "Point", "coordinates": [72.90704388031934, 19.03777123752399]}, "properties": {"city": "mumbai", "lst_c": 44.53}}, {"type": "Feature", "geometry": {"type": "Point", "coordinates": [72.91108629909787, 19.03777123752399]}, "properties": {"city": "mumbai", "lst_c": 40.82}}, {"type": "Feature", "geometry": {"type": "Point", "coordinates": [72.91512871787641, 19.03777123752399]}, "properties": {"city": "mumbai", "lst_c": 38.56}}, {"type": "Feature", "geometry": {"type": "Point", "coordinates": [72.91917113665495, 19.03777123752399]}, "properties": {"city": "mumbai", "lst_c": 37.9}}, {"type": "Feature", "geometry": {"type": "Point", "coordinates": [72.92321355543349, 19.03777123752399]}, "properties": {"city": "mumbai", "lst_c": 39.56}}, {"type": "Feature", "geometry": {"type": "Point", "coordinates": [72.92725597421203, 19.03777123752399]}, "properties": {"city": "mumbai", "lst_c": 38.91}}, {"type": "Feature", "geometry": {"type": "Point", "coordinates": [72.93129839299057, 19.03777123752399]}, "properties": {"city": "mumbai", "lst_c": 40.08}}, {"type": "Feature", "geometry": {"type": "Point", "coordinates": [72.93534081176911, 19.03777123752399]}, "properties": {"city": "mumbai", "lst_c": 40.91}}, {"type": "Feature", "geometry": {"type": "Point", "coordinates": [72.93938323054765, 19.03777123752399]}, "properties": {"city": "mumbai", "lst_c": 40.74}}, {"type": "Feature", "geometry": {"type": "Point", "coordinates": [72.94342564932617, 19.03777123752399]}, "properties": {"city": "mumbai", "lst_c": 39.71}}, {"type": "Feature", "geometry": {"type": "Point", "coordinates": [72.94746806810471, 19.03777123752399]}, "properties": {"city": "mumbai", "lst_c": 44.3}}, {"type": "Feature", "geometry": {"type": "Point", "coordinates": [72.80194099207735, 19.041813656302526]}, "properties": {"city": "mumbai", "lst_c": 30.15}}, {"type": "Feature", "geometry": {"type": "Point", "coordinates": [72.80598341085589, 19.041813656302526]}, "properties": {"city": "mumbai", "lst_c": 29.95}}, {"type": "Feature", "geometry": {"type": "Point", "coordinates": [72.81002582963443, 19.041813656302526]}, "properties": {"city": "mumbai", "lst_c": 30.15}}, {"type": "Feature", "geometry": {"type": "Point", "coordinates": [72.81406824841297, 19.041813656302526]}, "properties": {"city": "mumbai", "lst_c": 30.29}}, {"type": "Feature", "geometry": {"type": "Point", "coordinates": [72.8181106671915, 19.041813656302526]}, "properties": {"city": "mumbai", "lst_c": 34.31}}, {"type": "Feature", "geometry": {"type": "Point", "coordinates": [72.82215308597004, 19.041813656302526]}, "properties": {"city": "mumbai", "lst_c": 39.6}}, {"type": "Feature", "geometry": {"type": "Point", "coordinates": [72.82619550474858, 19.041813656302526]}, "properties": {"city": "mumbai", "lst_c": 34.0}}, {"type": "Feature", "geometry": {"type": "Point", "coordinates": [72.83023792352712, 19.041813656302526]}, "properties": {"city": "mumbai", "lst_c": 31.47}}, {"type": "Feature", "geometry": {"type": "Point", "coordinates": [72.83428034230566, 19.041813656302526]}, "properties": {"city": "mumbai", "lst_c": 31.45}}, {"type": "Feature", "geometry": {"type": "Point", "coordinates": [72.8383227610842, 19.041813656302526]}, "properties": {"city": "mumbai", "lst_c": 38.95}}, {"type": "Feature", "geometry": {"type": "Point", "coordinates": [72.84236517986274, 19.041813656302526]}, "properties": {"city": "mumbai", "lst_c": 40.34}}, {"type": "Feature", "geometry": {"type": "Point", "coordinates": [72.84640759864126, 19.041813656302526]}, "properties": {"city": "mumbai", "lst_c": 42.93}}, {"type": "Feature", "geometry": {"type": "Point", "coordinates": [72.8504500174198, 19.041813656302526]}, "properties": {"city": "mumbai", "lst_c": 44.27}}, {"type": "Feature", "geometry": {"type": "Point", "coordinates": [72.85449243619834, 19.041813656302526]}, "properties": {"city": "mumbai", "lst_c": 45.48}}, {"type": "Feature", "geometry": {"type": "Point", "coordinates": [72.85853485497688, 19.041813656302526]}, "properties": {"city": "mumbai", "lst_c": 47.09}}, {"type": "Feature", "geometry": {"type": "Point", "coordinates": [72.86257727375542, 19.041813656302526]}, "properties": {"city": "mumbai", "lst_c": 40.52}}, {"type": "Feature", "geometry": {"type": "Point", "coordinates": [72.86661969253396, 19.041813656302526]}, "properties": {"city": "mumbai", "lst_c": 39.67}}, {"type": "Feature", "geometry": {"type": "Point", "coordinates": [72.8706621113125, 19.041813656302526]}, "properties": {"city": "mumbai", "lst_c": 42.48}}, {"type": "Feature", "geometry": {"type": "Point", "coordinates": [72.87470453009104, 19.041813656302526]}, "properties": {"city": "mumbai", "lst_c": 43.51}}, {"type": "Feature", "geometry": {"type": "Point", "coordinates": [72.87874694886958, 19.041813656302526]}, "properties": {"city": "mumbai", "lst_c": 42.67}}, {"type": "Feature", "geometry": {"type": "Point", "coordinates": [72.88278936764812, 19.041813656302526]}, "properties": {"city": "mumbai", "lst_c": 41.15}}, {"type": "Feature", "geometry": {"type": "Point", "coordinates": [72.88683178642665, 19.041813656302526]}, "properties": {"city": "mumbai", "lst_c": 44.35}}, {"type": "Feature", "geometry": {"type": "Point", "coordinates": [72.8908742052052, 19.041813656302526]}, "properties": {"city": "mumbai", "lst_c": 43.23}}, {"type": "Feature", "geometry": {"type": "Point", "coordinates": [72.89491662398372, 19.041813656302526]}, "properties": {"city": "mumbai", "lst_c": 40.99}}, {"type": "Feature", "geometry": {"type": "Point", "coordinates": [72.89895904276226, 19.041813656302526]}, "properties": {"city": "mumbai", "lst_c": 39.38}}, {"type": "Feature", "geometry": {"type": "Point", "coordinates": [72.9030014615408, 19.041813656302526]}, "properties": {"city": "mumbai", "lst_c": 37.22}}, {"type": "Feature", "geometry": {"type": "Point", "coordinates": [72.90704388031934, 19.041813656302526]}, "properties": {"city": "mumbai", "lst_c": 40.59}}, {"type": "Feature", "geometry": {"type": "Point", "coordinates": [72.91108629909787, 19.041813656302526]}, "properties": {"city": "mumbai", "lst_c": 39.83}}, {"type": "Feature", "geometry": {"type": "Point", "coordinates": [72.91512871787641, 19.041813656302526]}, "properties": {"city": "mumbai", "lst_c": 41.12}}, {"type": "Feature", "geometry": {"type": "Point", "coordinates": [72.91917113665495, 19.041813656302526]}, "properties": {"city": "mumbai", "lst_c": 41.07}}, {"type": "Feature", "geometry": {"type": "Point", "coordinates": [72.92321355543349, 19.041813656302526]}, "properties": {"city": "mumbai", "lst_c": 39.24}}, {"type": "Feature", "geometry": {"type": "Point", "coordinates": [72.92725597421203, 19.041813656302526]}, "properties": {"city": "mumbai", "lst_c": 38.77}}, {"type": "Feature", "geometry": {"type": "Point", "coordinates": [72.93129839299057, 19.041813656302526]}, "properties": {"city": "mumbai", "lst_c": 39.21}}, {"type": "Feature", "geometry": {"type": "Point", "coordinates": [72.93534081176911, 19.041813656302526]}, "properties": {"city": "mumbai", "lst_c": 37.88}}, {"type": "Feature", "geometry": {"type": "Point", "coordinates": [72.93938323054765, 19.041813656302526]}, "properties": {"city": "mumbai", "lst_c": 35.87}}, {"type": "Feature", "geometry": {"type": "Point", "coordinates": [72.94342564932617, 19.041813656302526]}, "properties": {"city": "mumbai", "lst_c": 35.17}}, {"type": "Feature", "geometry": {"type": "Point", "coordinates": [72.94746806810471, 19.041813656302526]}, "properties": {"city": "mumbai", "lst_c": 43.79}}, {"type": "Feature", "geometry": {"type": "Point", "coordinates": [72.80194099207735, 19.045856075081065]}, "properties": {"city": "mumbai", "lst_c": 29.91}}, {"type": "Feature", "geometry": {"type": "Point", "coordinates": [72.80598341085589, 19.045856075081065]}, "properties": {"city": "mumbai", "lst_c": 29.75}}, {"type": "Feature", "geometry": {"type": "Point", "coordinates": [72.81002582963443, 19.045856075081065]}, "properties": {"city": "mumbai", "lst_c": 30.06}}, {"type": "Feature", "geometry": {"type": "Point", "coordinates": [72.81406824841297, 19.045856075081065]}, "properties": {"city": "mumbai", "lst_c": 30.18}}, {"type": "Feature", "geometry": {"type": "Point", "coordinates": [72.8181106671915, 19.045856075081065]}, "properties": {"city": "mumbai", "lst_c": 33.12}}, {"type": "Feature", "geometry": {"type": "Point", "coordinates": [72.82215308597004, 19.045856075081065]}, "properties": {"city": "mumbai", "lst_c": 38.89}}, {"type": "Feature", "geometry": {"type": "Point", "coordinates": [72.82619550474858, 19.045856075081065]}, "properties": {"city": "mumbai", "lst_c": 41.36}}, {"type": "Feature", "geometry": {"type": "Point", "coordinates": [72.83023792352712, 19.045856075081065]}, "properties": {"city": "mumbai", "lst_c": 38.65}}, {"type": "Feature", "geometry": {"type": "Point", "coordinates": [72.83428034230566, 19.045856075081065]}, "properties": {"city": "mumbai", "lst_c": 32.84}}, {"type": "Feature", "geometry": {"type": "Point", "coordinates": [72.8383227610842, 19.045856075081065]}, "properties": {"city": "mumbai", "lst_c": 40.79}}, {"type": "Feature", "geometry": {"type": "Point", "coordinates": [72.84236517986274, 19.045856075081065]}, "properties": {"city": "mumbai", "lst_c": 42.51}}, {"type": "Feature", "geometry": {"type": "Point", "coordinates": [72.84640759864126, 19.045856075081065]}, "properties": {"city": "mumbai", "lst_c": 42.05}}, {"type": "Feature", "geometry": {"type": "Point", "coordinates": [72.8504500174198, 19.045856075081065]}, "properties": {"city": "mumbai", "lst_c": 43.76}}, {"type": "Feature", "geometry": {"type": "Point", "coordinates": [72.85449243619834, 19.045856075081065]}, "properties": {"city": "mumbai", "lst_c": 45.63}}, {"type": "Feature", "geometry": {"type": "Point", "coordinates": [72.85853485497688, 19.045856075081065]}, "properties": {"city": "mumbai", "lst_c": 46.41}}, {"type": "Feature", "geometry": {"type": "Point", "coordinates": [72.86257727375542, 19.045856075081065]}, "properties": {"city": "mumbai", "lst_c": 42.68}}, {"type": "Feature", "geometry": {"type": "Point", "coordinates": [72.86661969253396, 19.045856075081065]}, "properties": {"city": "mumbai", "lst_c": 40.73}}, {"type": "Feature", "geometry": {"type": "Point", "coordinates": [72.8706621113125, 19.045856075081065]}, "properties": {"city": "mumbai", "lst_c": 45.74}}, {"type": "Feature", "geometry": {"type": "Point", "coordinates": [72.87470453009104, 19.045856075081065]}, "properties": {"city": "mumbai", "lst_c": 42.38}}, {"type": "Feature", "geometry": {"type": "Point", "coordinates": [72.87874694886958, 19.045856075081065]}, "properties": {"city": "mumbai", "lst_c": 42.82}}, {"type": "Feature", "geometry": {"type": "Point", "coordinates": [72.88278936764812, 19.045856075081065]}, "properties": {"city": "mumbai", "lst_c": 40.5}}, {"type": "Feature", "geometry": {"type": "Point", "coordinates": [72.88683178642665, 19.045856075081065]}, "properties": {"city": "mumbai", "lst_c": 40.65}}, {"type": "Feature", "geometry": {"type": "Point", "coordinates": [72.8908742052052, 19.045856075081065]}, "properties": {"city": "mumbai", "lst_c": 42.43}}, {"type": "Feature", "geometry": {"type": "Point", "coordinates": [72.89491662398372, 19.045856075081065]}, "properties": {"city": "mumbai", "lst_c": 46.57}}, {"type": "Feature", "geometry": {"type": "Point", "coordinates": [72.89895904276226, 19.045856075081065]}, "properties": {"city": "mumbai", "lst_c": 40.62}}, {"type": "Feature", "geometry": {"type": "Point", "coordinates": [72.9030014615408, 19.045856075081065]}, "properties": {"city": "mumbai", "lst_c": 40.01}}, {"type": "Feature", "geometry": {"type": "Point", "coordinates": [72.90704388031934, 19.045856075081065]}, "properties": {"city": "mumbai", "lst_c": 40.45}}, {"type": "Feature", "geometry": {"type": "Point", "coordinates": [72.91108629909787, 19.045856075081065]}, "properties": {"city": "mumbai", "lst_c": 41.35}}, {"type": "Feature", "geometry": {"type": "Point", "coordinates": [72.91512871787641, 19.045856075081065]}, "properties": {"city": "mumbai", "lst_c": 41.02}}, {"type": "Feature", "geometry": {"type": "Point", "coordinates": [72.91917113665495, 19.045856075081065]}, "properties": {"city": "mumbai", "lst_c": 42.24}}, {"type": "Feature", "geometry": {"type": "Point", "coordinates": [72.92321355543349, 19.045856075081065]}, "properties": {"city": "mumbai", "lst_c": 42.93}}, {"type": "Feature", "geometry": {"type": "Point", "coordinates": [72.92725597421203, 19.045856075081065]}, "properties": {"city": "mumbai", "lst_c": 42.76}}, {"type": "Feature", "geometry": {"type": "Point", "coordinates": [72.93129839299057, 19.045856075081065]}, "properties": {"city": "mumbai", "lst_c": 41.88}}, {"type": "Feature", "geometry": {"type": "Point", "coordinates": [72.93534081176911, 19.045856075081065]}, "properties": {"city": "mumbai", "lst_c": 36.54}}, {"type": "Feature", "geometry": {"type": "Point", "coordinates": [72.93938323054765, 19.045856075081065]}, "properties": {"city": "mumbai", "lst_c": 41.99}}, {"type": "Feature", "geometry": {"type": "Point", "coordinates": [72.94342564932617, 19.045856075081065]}, "properties": {"city": "mumbai", "lst_c": 43.5}}, {"type": "Feature", "geometry": {"type": "Point", "coordinates": [72.94746806810471, 19.045856075081065]}, "properties": {"city": "mumbai", "lst_c": 42.42}}, {"type": "Feature", "geometry": {"type": "Point", "coordinates": [72.80194099207735, 19.049898493859605]}, "properties": {"city": "mumbai", "lst_c": 29.75}}, {"type": "Feature", "geometry": {"type": "Point", "coordinates": [72.80598341085589, 19.049898493859605]}, "properties": {"city": "mumbai", "lst_c": 29.65}}, {"type": "Feature", "geometry": {"type": "Point", "coordinates": [72.81002582963443, 19.049898493859605]}, "properties": {"city": "mumbai", "lst_c": 29.82}}, {"type": "Feature", "geometry": {"type": "Point", "coordinates": [72.81406824841297, 19.049898493859605]}, "properties": {"city": "mumbai", "lst_c": 29.95}}, {"type": "Feature", "geometry": {"type": "Point", "coordinates": [72.8181106671915, 19.049898493859605]}, "properties": {"city": "mumbai", "lst_c": 30.92}}, {"type": "Feature", "geometry": {"type": "Point", "coordinates": [72.82215308597004, 19.049898493859605]}, "properties": {"city": "mumbai", "lst_c": 37.96}}, {"type": "Feature", "geometry": {"type": "Point", "coordinates": [72.82619550474858, 19.049898493859605]}, "properties": {"city": "mumbai", "lst_c": 38.89}}, {"type": "Feature", "geometry": {"type": "Point", "coordinates": [72.83023792352712, 19.049898493859605]}, "properties": {"city": "mumbai", "lst_c": 42.16}}, {"type": "Feature", "geometry": {"type": "Point", "coordinates": [72.83428034230566, 19.049898493859605]}, "properties": {"city": "mumbai", "lst_c": 41.65}}, {"type": "Feature", "geometry": {"type": "Point", "coordinates": [72.8383227610842, 19.049898493859605]}, "properties": {"city": "mumbai", "lst_c": 40.43}}, {"type": "Feature", "geometry": {"type": "Point", "coordinates": [72.84236517986274, 19.049898493859605]}, "properties": {"city": "mumbai", "lst_c": 38.53}}, {"type": "Feature", "geometry": {"type": "Point", "coordinates": [72.84640759864126, 19.049898493859605]}, "properties": {"city": "mumbai", "lst_c": 34.52}}, {"type": "Feature", "geometry": {"type": "Point", "coordinates": [72.8504500174198, 19.049898493859605]}, "properties": {"city": "mumbai", "lst_c": 37.03}}, {"type": "Feature", "geometry": {"type": "Point", "coordinates": [72.85449243619834, 19.049898493859605]}, "properties": {"city": "mumbai", "lst_c": 39.42}}, {"type": "Feature", "geometry": {"type": "Point", "coordinates": [72.85853485497688, 19.049898493859605]}, "properties": {"city": "mumbai", "lst_c": 44.12}}, {"type": "Feature", "geometry": {"type": "Point", "coordinates": [72.86257727375542, 19.049898493859605]}, "properties": {"city": "mumbai", "lst_c": 45.98}}, {"type": "Feature", "geometry": {"type": "Point", "coordinates": [72.86661969253396, 19.049898493859605]}, "properties": {"city": "mumbai", "lst_c": 42.72}}, {"type": "Feature", "geometry": {"type": "Point", "coordinates": [72.8706621113125, 19.049898493859605]}, "properties": {"city": "mumbai", "lst_c": 45.33}}, {"type": "Feature", "geometry": {"type": "Point", "coordinates": [72.87470453009104, 19.049898493859605]}, "properties": {"city": "mumbai", "lst_c": 42.97}}, {"type": "Feature", "geometry": {"type": "Point", "coordinates": [72.87874694886958, 19.049898493859605]}, "properties": {"city": "mumbai", "lst_c": 41.27}}, {"type": "Feature", "geometry": {"type": "Point", "coordinates": [72.88278936764812, 19.049898493859605]}, "properties": {"city": "mumbai", "lst_c": 43.03}}, {"type": "Feature", "geometry": {"type": "Point", "coordinates": [72.88683178642665, 19.049898493859605]}, "properties": {"city": "mumbai", "lst_c": 41.32}}, {"type": "Feature", "geometry": {"type": "Point", "coordinates": [72.8908742052052, 19.049898493859605]}, "properties": {"city": "mumbai", "lst_c": 40.15}}, {"type": "Feature", "geometry": {"type": "Point", "coordinates": [72.89491662398372, 19.049898493859605]}, "properties": {"city": "mumbai", "lst_c": 39.57}}, {"type": "Feature", "geometry": {"type": "Point", "coordinates": [72.89895904276226, 19.049898493859605]}, "properties": {"city": "mumbai", "lst_c": 37.07}}, {"type": "Feature", "geometry": {"type": "Point", "coordinates": [72.9030014615408, 19.049898493859605]}, "properties": {"city": "mumbai", "lst_c": 37.97}}, {"type": "Feature", "geometry": {"type": "Point", "coordinates": [72.90704388031934, 19.049898493859605]}, "properties": {"city": "mumbai", "lst_c": 41.0}}, {"type": "Feature", "geometry": {"type": "Point", "coordinates": [72.91108629909787, 19.049898493859605]}, "properties": {"city": "mumbai", "lst_c": 41.63}}, {"type": "Feature", "geometry": {"type": "Point", "coordinates": [72.91512871787641, 19.049898493859605]}, "properties": {"city": "mumbai", "lst_c": 40.37}}, {"type": "Feature", "geometry": {"type": "Point", "coordinates": [72.91917113665495, 19.049898493859605]}, "properties": {"city": "mumbai", "lst_c": 41.63}}, {"type": "Feature", "geometry": {"type": "Point", "coordinates": [72.92321355543349, 19.049898493859605]}, "properties": {"city": "mumbai", "lst_c": 43.91}}, {"type": "Feature", "geometry": {"type": "Point", "coordinates": [72.92725597421203, 19.049898493859605]}, "properties": {"city": "mumbai", "lst_c": 44.65}}, {"type": "Feature", "geometry": {"type": "Point", "coordinates": [72.93129839299057, 19.049898493859605]}, "properties": {"city": "mumbai", "lst_c": 47.4}}, {"type": "Feature", "geometry": {"type": "Point", "coordinates": [72.93534081176911, 19.049898493859605]}, "properties": {"city": "mumbai", "lst_c": 43.45}}, {"type": "Feature", "geometry": {"type": "Point", "coordinates": [72.93938323054765, 19.049898493859605]}, "properties": {"city": "mumbai", "lst_c": 42.16}}, {"type": "Feature", "geometry": {"type": "Point", "coordinates": [72.94342564932617, 19.049898493859605]}, "properties": {"city": "mumbai", "lst_c": 37.97}}, {"type": "Feature", "geometry": {"type": "Point", "coordinates": [72.94746806810471, 19.049898493859605]}, "properties": {"city": "mumbai", "lst_c": 37.82}}, {"type": "Feature", "geometry": {"type": "Point", "coordinates": [72.80194099207735, 19.05394091263814]}, "properties": {"city": "mumbai", "lst_c": 29.76}}, {"type": "Feature", "geometry": {"type": "Point", "coordinates": [72.80598341085589, 19.05394091263814]}, "properties": {"city": "mumbai", "lst_c": 29.69}}, {"type": "Feature", "geometry": {"type": "Point", "coordinates": [72.81002582963443, 19.05394091263814]}, "properties": {"city": "mumbai", "lst_c": 29.69}}, {"type": "Feature", "geometry": {"type": "Point", "coordinates": [72.81406824841297, 19.05394091263814]}, "properties": {"city": "mumbai", "lst_c": 29.77}}, {"type": "Feature", "geometry": {"type": "Point", "coordinates": [72.8181106671915, 19.05394091263814]}, "properties": {"city": "mumbai", "lst_c": 30.37}}, {"type": "Feature", "geometry": {"type": "Point", "coordinates": [72.82215308597004, 19.05394091263814]}, "properties": {"city": "mumbai", "lst_c": 36.8}}, {"type": "Feature", "geometry": {"type": "Point", "coordinates": [72.82619550474858, 19.05394091263814]}, "properties": {"city": "mumbai", "lst_c": 40.87}}, {"type": "Feature", "geometry": {"type": "Point", "coordinates": [72.83023792352712, 19.05394091263814]}, "properties": {"city": "mumbai", "lst_c": 43.13}}, {"type": "Feature", "geometry": {"type": "Point", "coordinates": [72.83428034230566, 19.05394091263814]}, "properties": {"city": "mumbai", "lst_c": 42.86}}, {"type": "Feature", "geometry": {"type": "Point", "coordinates": [72.8383227610842, 19.05394091263814]}, "properties": {"city": "mumbai", "lst_c": 44.01}}, {"type": "Feature", "geometry": {"type": "Point", "coordinates": [72.84236517986274, 19.05394091263814]}, "properties": {"city": "mumbai", "lst_c": 42.87}}, {"type": "Feature", "geometry": {"type": "Point", "coordinates": [72.84640759864126, 19.05394091263814]}, "properties": {"city": "mumbai", "lst_c": 41.19}}, {"type": "Feature", "geometry": {"type": "Point", "coordinates": [72.8504500174198, 19.05394091263814]}, "properties": {"city": "mumbai", "lst_c": 39.72}}, {"type": "Feature", "geometry": {"type": "Point", "coordinates": [72.85449243619834, 19.05394091263814]}, "properties": {"city": "mumbai", "lst_c": 35.49}}, {"type": "Feature", "geometry": {"type": "Point", "coordinates": [72.85853485497688, 19.05394091263814]}, "properties": {"city": "mumbai", "lst_c": 37.71}}, {"type": "Feature", "geometry": {"type": "Point", "coordinates": [72.86257727375542, 19.05394091263814]}, "properties": {"city": "mumbai", "lst_c": 38.09}}, {"type": "Feature", "geometry": {"type": "Point", "coordinates": [72.86661969253396, 19.05394091263814]}, "properties": {"city": "mumbai", "lst_c": 41.04}}, {"type": "Feature", "geometry": {"type": "Point", "coordinates": [72.8706621113125, 19.05394091263814]}, "properties": {"city": "mumbai", "lst_c": 42.22}}, {"type": "Feature", "geometry": {"type": "Point", "coordinates": [72.87470453009104, 19.05394091263814]}, "properties": {"city": "mumbai", "lst_c": 41.48}}, {"type": "Feature", "geometry": {"type": "Point", "coordinates": [72.87874694886958, 19.05394091263814]}, "properties": {"city": "mumbai", "lst_c": 39.53}}, {"type": "Feature", "geometry": {"type": "Point", "coordinates": [72.88278936764812, 19.05394091263814]}, "properties": {"city": "mumbai", "lst_c": 42.1}}, {"type": "Feature", "geometry": {"type": "Point", "coordinates": [72.88683178642665, 19.05394091263814]}, "properties": {"city": "mumbai", "lst_c": 41.9}}, {"type": "Feature", "geometry": {"type": "Point", "coordinates": [72.8908742052052, 19.05394091263814]}, "properties": {"city": "mumbai", "lst_c": 40.82}}, {"type": "Feature", "geometry": {"type": "Point", "coordinates": [72.89491662398372, 19.05394091263814]}, "properties": {"city": "mumbai", "lst_c": 41.23}}, {"type": "Feature", "geometry": {"type": "Point", "coordinates": [72.89895904276226, 19.05394091263814]}, "properties": {"city": "mumbai", "lst_c": 38.45}}, {"type": "Feature", "geometry": {"type": "Point", "coordinates": [72.9030014615408, 19.05394091263814]}, "properties": {"city": "mumbai", "lst_c": 39.07}}, {"type": "Feature", "geometry": {"type": "Point", "coordinates": [72.90704388031934, 19.05394091263814]}, "properties": {"city": "mumbai", "lst_c": 44.48}}, {"type": "Feature", "geometry": {"type": "Point", "coordinates": [72.91108629909787, 19.05394091263814]}, "properties": {"city": "mumbai", "lst_c": 46.38}}, {"type": "Feature", "geometry": {"type": "Point", "coordinates": [72.91512871787641, 19.05394091263814]}, "properties": {"city": "mumbai", "lst_c": 44.26}}, {"type": "Feature", "geometry": {"type": "Point", "coordinates": [72.91917113665495, 19.05394091263814]}, "properties": {"city": "mumbai", "lst_c": 47.1}}, {"type": "Feature", "geometry": {"type": "Point", "coordinates": [72.92321355543349, 19.05394091263814]}, "properties": {"city": "mumbai", "lst_c": 43.41}}, {"type": "Feature", "geometry": {"type": "Point", "coordinates": [72.92725597421203, 19.05394091263814]}, "properties": {"city": "mumbai", "lst_c": 42.4}}, {"type": "Feature", "geometry": {"type": "Point", "coordinates": [72.93129839299057, 19.05394091263814]}, "properties": {"city": "mumbai", "lst_c": 44.95}}, {"type": "Feature", "geometry": {"type": "Point", "coordinates": [72.93534081176911, 19.05394091263814]}, "properties": {"city": "mumbai", "lst_c": 47.87}}, {"type": "Feature", "geometry": {"type": "Point", "coordinates": [72.93938323054765, 19.05394091263814]}, "properties": {"city": "mumbai", "lst_c": 47.29}}, {"type": "Feature", "geometry": {"type": "Point", "coordinates": [72.94342564932617, 19.05394091263814]}, "properties": {"city": "mumbai", "lst_c": 37.64}}, {"type": "Feature", "geometry": {"type": "Point", "coordinates": [72.94746806810471, 19.05394091263814]}, "properties": {"city": "mumbai", "lst_c": 40.83}}, {"type": "Feature", "geometry": {"type": "Point", "coordinates": [72.80194099207735, 19.05798333141668]}, "properties": {"city": "mumbai", "lst_c": 29.77}}, {"type": "Feature", "geometry": {"type": "Point", "coordinates": [72.80598341085589, 19.05798333141668]}, "properties": {"city": "mumbai", "lst_c": 29.65}}, {"type": "Feature", "geometry": {"type": "Point", "coordinates": [72.81002582963443, 19.05798333141668]}, "properties": {"city": "mumbai", "lst_c": 29.88}}, {"type": "Feature", "geometry": {"type": "Point", "coordinates": [72.81406824841297, 19.05798333141668]}, "properties": {"city": "mumbai", "lst_c": 30.01}}, {"type": "Feature", "geometry": {"type": "Point", "coordinates": [72.8181106671915, 19.05798333141668]}, "properties": {"city": "mumbai", "lst_c": 30.67}}, {"type": "Feature", "geometry": {"type": "Point", "coordinates": [72.82215308597004, 19.05798333141668]}, "properties": {"city": "mumbai", "lst_c": 38.77}}, {"type": "Feature", "geometry": {"type": "Point", "coordinates": [72.82619550474858, 19.05798333141668]}, "properties": {"city": "mumbai", "lst_c": 38.98}}, {"type": "Feature", "geometry": {"type": "Point", "coordinates": [72.83023792352712, 19.05798333141668]}, "properties": {"city": "mumbai", "lst_c": 37.61}}, {"type": "Feature", "geometry": {"type": "Point", "coordinates": [72.83428034230566, 19.05798333141668]}, "properties": {"city": "mumbai", "lst_c": 38.84}}, {"type": "Feature", "geometry": {"type": "Point", "coordinates": [72.8383227610842, 19.05798333141668]}, "properties": {"city": "mumbai", "lst_c": 40.4}}, {"type": "Feature", "geometry": {"type": "Point", "coordinates": [72.84236517986274, 19.05798333141668]}, "properties": {"city": "mumbai", "lst_c": 43.19}}, {"type": "Feature", "geometry": {"type": "Point", "coordinates": [72.84640759864126, 19.05798333141668]}, "properties": {"city": "mumbai", "lst_c": 40.58}}, {"type": "Feature", "geometry": {"type": "Point", "coordinates": [72.8504500174198, 19.05798333141668]}, "properties": {"city": "mumbai", "lst_c": 37.27}}, {"type": "Feature", "geometry": {"type": "Point", "coordinates": [72.85449243619834, 19.05798333141668]}, "properties": {"city": "mumbai", "lst_c": 39.46}}, {"type": "Feature", "geometry": {"type": "Point", "coordinates": [72.85853485497688, 19.05798333141668]}, "properties": {"city": "mumbai", "lst_c": 33.75}}, {"type": "Feature", "geometry": {"type": "Point", "coordinates": [72.86257727375542, 19.05798333141668]}, "properties": {"city": "mumbai", "lst_c": 41.08}}, {"type": "Feature", "geometry": {"type": "Point", "coordinates": [72.86661969253396, 19.05798333141668]}, "properties": {"city": "mumbai", "lst_c": 43.47}}, {"type": "Feature", "geometry": {"type": "Point", "coordinates": [72.8706621113125, 19.05798333141668]}, "properties": {"city": "mumbai", "lst_c": 40.98}}, {"type": "Feature", "geometry": {"type": "Point", "coordinates": [72.87470453009104, 19.05798333141668]}, "properties": {"city": "mumbai", "lst_c": 40.69}}, {"type": "Feature", "geometry": {"type": "Point", "coordinates": [72.87874694886958, 19.05798333141668]}, "properties": {"city": "mumbai", "lst_c": 42.86}}, {"type": "Feature", "geometry": {"type": "Point", "coordinates": [72.88278936764812, 19.05798333141668]}, "properties": {"city": "mumbai", "lst_c": 42.78}}, {"type": "Feature", "geometry": {"type": "Point", "coordinates": [72.88683178642665, 19.05798333141668]}, "properties": {"city": "mumbai", "lst_c": 45.47}}, {"type": "Feature", "geometry": {"type": "Point", "coordinates": [72.8908742052052, 19.05798333141668]}, "properties": {"city": "mumbai", "lst_c": 44.87}}, {"type": "Feature", "geometry": {"type": "Point", "coordinates": [72.89491662398372, 19.05798333141668]}, "properties": {"city": "mumbai", "lst_c": 41.1}}, {"type": "Feature", "geometry": {"type": "Point", "coordinates": [72.89895904276226, 19.05798333141668]}, "properties": {"city": "mumbai", "lst_c": 38.66}}, {"type": "Feature", "geometry": {"type": "Point", "coordinates": [72.9030014615408, 19.05798333141668]}, "properties": {"city": "mumbai", "lst_c": 38.24}}, {"type": "Feature", "geometry": {"type": "Point", "coordinates": [72.90704388031934, 19.05798333141668]}, "properties": {"city": "mumbai", "lst_c": 41.69}}, {"type": "Feature", "geometry": {"type": "Point", "coordinates": [72.91108629909787, 19.05798333141668]}, "properties": {"city": "mumbai", "lst_c": 44.46}}, {"type": "Feature", "geometry": {"type": "Point", "coordinates": [72.91512871787641, 19.05798333141668]}, "properties": {"city": "mumbai", "lst_c": 43.6}}, {"type": "Feature", "geometry": {"type": "Point", "coordinates": [72.91917113665495, 19.05798333141668]}, "properties": {"city": "mumbai", "lst_c": 45.31}}, {"type": "Feature", "geometry": {"type": "Point", "coordinates": [72.92321355543349, 19.05798333141668]}, "properties": {"city": "mumbai", "lst_c": 44.87}}, {"type": "Feature", "geometry": {"type": "Point", "coordinates": [72.92725597421203, 19.05798333141668]}, "properties": {"city": "mumbai", "lst_c": 48.09}}, {"type": "Feature", "geometry": {"type": "Point", "coordinates": [72.93129839299057, 19.05798333141668]}, "properties": {"city": "mumbai", "lst_c": 44.05}}, {"type": "Feature", "geometry": {"type": "Point", "coordinates": [72.93534081176911, 19.05798333141668]}, "properties": {"city": "mumbai", "lst_c": 47.31}}, {"type": "Feature", "geometry": {"type": "Point", "coordinates": [72.93938323054765, 19.05798333141668]}, "properties": {"city": "mumbai", "lst_c": 42.65}}, {"type": "Feature", "geometry": {"type": "Point", "coordinates": [72.94342564932617, 19.05798333141668]}, "properties": {"city": "mumbai", "lst_c": 35.02}}, {"type": "Feature", "geometry": {"type": "Point", "coordinates": [72.94746806810471, 19.05798333141668]}, "properties": {"city": "mumbai", "lst_c": 33.02}}, {"type": "Feature", "geometry": {"type": "Point", "coordinates": [72.80194099207735, 19.062025750195218]}, "properties": {"city": "mumbai", "lst_c": 29.8}}, {"type": "Feature", "geometry": {"type": "Point", "coordinates": [72.80598341085589, 19.062025750195218]}, "properties": {"city": "mumbai", "lst_c": 29.99}}, {"type": "Feature", "geometry": {"type": "Point", "coordinates": [72.81002582963443, 19.062025750195218]}, "properties": {"city": "mumbai", "lst_c": 29.88}}, {"type": "Feature", "geometry": {"type": "Point", "coordinates": [72.81406824841297, 19.062025750195218]}, "properties": {"city": "mumbai", "lst_c": 30.06}}, {"type": "Feature", "geometry": {"type": "Point", "coordinates": [72.8181106671915, 19.062025750195218]}, "properties": {"city": "mumbai", "lst_c": 31.49}}, {"type": "Feature", "geometry": {"type": "Point", "coordinates": [72.82215308597004, 19.062025750195218]}, "properties": {"city": "mumbai", "lst_c": 36.55}}, {"type": "Feature", "geometry": {"type": "Point", "coordinates": [72.82619550474858, 19.062025750195218]}, "properties": {"city": "mumbai", "lst_c": 38.0}}, {"type": "Feature", "geometry": {"type": "Point", "coordinates": [72.83023792352712, 19.062025750195218]}, "properties": {"city": "mumbai", "lst_c": 39.09}}, {"type": "Feature", "geometry": {"type": "Point", "coordinates": [72.83428034230566, 19.062025750195218]}, "properties": {"city": "mumbai", "lst_c": 39.56}}, {"type": "Feature", "geometry": {"type": "Point", "coordinates": [72.8383227610842, 19.062025750195218]}, "properties": {"city": "mumbai", "lst_c": 41.24}}, {"type": "Feature", "geometry": {"type": "Point", "coordinates": [72.84236517986274, 19.062025750195218]}, "properties": {"city": "mumbai", "lst_c": 43.33}}, {"type": "Feature", "geometry": {"type": "Point", "coordinates": [72.84640759864126, 19.062025750195218]}, "properties": {"city": "mumbai", "lst_c": 41.6}}, {"type": "Feature", "geometry": {"type": "Point", "coordinates": [72.8504500174198, 19.062025750195218]}, "properties": {"city": "mumbai", "lst_c": 40.35}}, {"type": "Feature", "geometry": {"type": "Point", "coordinates": [72.85449243619834, 19.062025750195218]}, "properties": {"city": "mumbai", "lst_c": 41.75}}, {"type": "Feature", "geometry": {"type": "Point", "coordinates": [72.85853485497688, 19.062025750195218]}, "properties": {"city": "mumbai", "lst_c": 42.59}}, {"type": "Feature", "geometry": {"type": "Point", "coordinates": [72.86257727375542, 19.062025750195218]}, "properties": {"city": "mumbai", "lst_c": 43.66}}, {"type": "Feature", "geometry": {"type": "Point", "coordinates": [72.86661969253396, 19.062025750195218]}, "properties": {"city": "mumbai", "lst_c": 42.18}}, {"type": "Feature", "geometry": {"type": "Point", "coordinates": [72.8706621113125, 19.062025750195218]}, "properties": {"city": "mumbai", "lst_c": 41.52}}, {"type": "Feature", "geometry": {"type": "Point", "coordinates": [72.87470453009104, 19.062025750195218]}, "properties": {"city": "mumbai", "lst_c": 45.63}}, {"type": "Feature", "geometry": {"type": "Point", "coordinates": [72.87874694886958, 19.062025750195218]}, "properties": {"city": "mumbai", "lst_c": 44.66}}, {"type": "Feature", "geometry": {"type": "Point", "coordinates": [72.88278936764812, 19.062025750195218]}, "properties": {"city": "mumbai", "lst_c": 40.78}}, {"type": "Feature", "geometry": {"type": "Point", "coordinates": [72.88683178642665, 19.062025750195218]}, "properties": {"city": "mumbai", "lst_c": 39.9}}, {"type": "Feature", "geometry": {"type": "Point", "coordinates": [72.8908742052052, 19.062025750195218]}, "properties": {"city": "mumbai", "lst_c": 39.97}}, {"type": "Feature", "geometry": {"type": "Point", "coordinates": [72.89491662398372, 19.062025750195218]}, "properties": {"city": "mumbai", "lst_c": 43.5}}, {"type": "Feature", "geometry": {"type": "Point", "coordinates": [72.89895904276226, 19.062025750195218]}, "properties": {"city": "mumbai", "lst_c": 41.05}}, {"type": "Feature", "geometry": {"type": "Point", "coordinates": [72.9030014615408, 19.062025750195218]}, "properties": {"city": "mumbai", "lst_c": 41.28}}, {"type": "Feature", "geometry": {"type": "Point", "coordinates": [72.90704388031934, 19.062025750195218]}, "properties": {"city": "mumbai", "lst_c": 46.97}}, {"type": "Feature", "geometry": {"type": "Point", "coordinates": [72.91108629909787, 19.062025750195218]}, "properties": {"city": "mumbai", "lst_c": 41.72}}, {"type": "Feature", "geometry": {"type": "Point", "coordinates": [72.91512871787641, 19.062025750195218]}, "properties": {"city": "mumbai", "lst_c": 44.54}}, {"type": "Feature", "geometry": {"type": "Point", "coordinates": [72.91917113665495, 19.062025750195218]}, "properties": {"city": "mumbai", "lst_c": 46.63}}, {"type": "Feature", "geometry": {"type": "Point", "coordinates": [72.92321355543349, 19.062025750195218]}, "properties": {"city": "mumbai", "lst_c": 46.14}}, {"type": "Feature", "geometry": {"type": "Point", "coordinates": [72.92725597421203, 19.062025750195218]}, "properties": {"city": "mumbai", "lst_c": 47.47}}, {"type": "Feature", "geometry": {"type": "Point", "coordinates": [72.93129839299057, 19.062025750195218]}, "properties": {"city": "mumbai", "lst_c": 47.15}}, {"type": "Feature", "geometry": {"type": "Point", "coordinates": [72.93534081176911, 19.062025750195218]}, "properties": {"city": "mumbai", "lst_c": 47.25}}, {"type": "Feature", "geometry": {"type": "Point", "coordinates": [72.93938323054765, 19.062025750195218]}, "properties": {"city": "mumbai", "lst_c": 34.62}}, {"type": "Feature", "geometry": {"type": "Point", "coordinates": [72.94342564932617, 19.062025750195218]}, "properties": {"city": "mumbai", "lst_c": 36.19}}, {"type": "Feature", "geometry": {"type": "Point", "coordinates": [72.94746806810471, 19.062025750195218]}, "properties": {"city": "mumbai", "lst_c": 32.13}}, {"type": "Feature", "geometry": {"type": "Point", "coordinates": [72.80194099207735, 19.066068168973754]}, "properties": {"city": "mumbai", "lst_c": 29.83}}, {"type": "Feature", "geometry": {"type": "Point", "coordinates": [72.80598341085589, 19.066068168973754]}, "properties": {"city": "mumbai", "lst_c": 29.78}}, {"type": "Feature", "geometry": {"type": "Point", "coordinates": [72.81002582963443, 19.066068168973754]}, "properties": {"city": "mumbai", "lst_c": 29.53}}, {"type": "Feature", "geometry": {"type": "Point", "coordinates": [72.81406824841297, 19.066068168973754]}, "properties": {"city": "mumbai", "lst_c": 29.62}}, {"type": "Feature", "geometry": {"type": "Point", "coordinates": [72.8181106671915, 19.066068168973754]}, "properties": {"city": "mumbai", "lst_c": 30.81}}, {"type": "Feature", "geometry": {"type": "Point", "coordinates": [72.82215308597004, 19.066068168973754]}, "properties": {"city": "mumbai", "lst_c": 35.61}}, {"type": "Feature", "geometry": {"type": "Point", "coordinates": [72.82619550474858, 19.066068168973754]}, "properties": {"city": "mumbai", "lst_c": 38.07}}, {"type": "Feature", "geometry": {"type": "Point", "coordinates": [72.83023792352712, 19.066068168973754]}, "properties": {"city": "mumbai", "lst_c": 39.79}}, {"type": "Feature", "geometry": {"type": "Point", "coordinates": [72.83428034230566, 19.066068168973754]}, "properties": {"city": "mumbai", "lst_c": 39.93}}, {"type": "Feature", "geometry": {"type": "Point", "coordinates": [72.8383227610842, 19.066068168973754]}, "properties": {"city": "mumbai", "lst_c": 41.08}}, {"type": "Feature", "geometry": {"type": "Point", "coordinates": [72.84236517986274, 19.066068168973754]}, "properties": {"city": "mumbai", "lst_c": 43.27}}, {"type": "Feature", "geometry": {"type": "Point", "coordinates": [72.84640759864126, 19.066068168973754]}, "properties": {"city": "mumbai", "lst_c": 43.27}}, {"type": "Feature", "geometry": {"type": "Point", "coordinates": [72.8504500174198, 19.066068168973754]}, "properties": {"city": "mumbai", "lst_c": 40.95}}, {"type": "Feature", "geometry": {"type": "Point", "coordinates": [72.85449243619834, 19.066068168973754]}, "properties": {"city": "mumbai", "lst_c": 44.41}}, {"type": "Feature", "geometry": {"type": "Point", "coordinates": [72.85853485497688, 19.066068168973754]}, "properties": {"city": "mumbai", "lst_c": 43.95}}, {"type": "Feature", "geometry": {"type": "Point", "coordinates": [72.86257727375542, 19.066068168973754]}, "properties": {"city": "mumbai", "lst_c": 47.32}}, {"type": "Feature", "geometry": {"type": "Point", "coordinates": [72.86661969253396, 19.066068168973754]}, "properties": {"city": "mumbai", "lst_c": 40.56}}, {"type": "Feature", "geometry": {"type": "Point", "coordinates": [72.8706621113125, 19.066068168973754]}, "properties": {"city": "mumbai", "lst_c": 41.63}}, {"type": "Feature", "geometry": {"type": "Point", "coordinates": [72.87470453009104, 19.066068168973754]}, "properties": {"city": "mumbai", "lst_c": 41.35}}, {"type": "Feature", "geometry": {"type": "Point", "coordinates": [72.87874694886958, 19.066068168973754]}, "properties": {"city": "mumbai", "lst_c": 44.36}}, {"type": "Feature", "geometry": {"type": "Point", "coordinates": [72.88278936764812, 19.066068168973754]}, "properties": {"city": "mumbai", "lst_c": 40.57}}, {"type": "Feature", "geometry": {"type": "Point", "coordinates": [72.88683178642665, 19.066068168973754]}, "properties": {"city": "mumbai", "lst_c": 40.85}}, {"type": "Feature", "geometry": {"type": "Point", "coordinates": [72.8908742052052, 19.066068168973754]}, "properties": {"city": "mumbai", "lst_c": 39.89}}, {"type": "Feature", "geometry": {"type": "Point", "coordinates": [72.89491662398372, 19.066068168973754]}, "properties": {"city": "mumbai", "lst_c": 41.18}}, {"type": "Feature", "geometry": {"type": "Point", "coordinates": [72.89895904276226, 19.066068168973754]}, "properties": {"city": "mumbai", "lst_c": 44.31}}, {"type": "Feature", "geometry": {"type": "Point", "coordinates": [72.9030014615408, 19.066068168973754]}, "properties": {"city": "mumbai", "lst_c": 42.12}}, {"type": "Feature", "geometry": {"type": "Point", "coordinates": [72.90704388031934, 19.066068168973754]}, "properties": {"city": "mumbai", "lst_c": 39.86}}, {"type": "Feature", "geometry": {"type": "Point", "coordinates": [72.91108629909787, 19.066068168973754]}, "properties": {"city": "mumbai", "lst_c": 41.86}}, {"type": "Feature", "geometry": {"type": "Point", "coordinates": [72.91512871787641, 19.066068168973754]}, "properties": {"city": "mumbai", "lst_c": 39.33}}, {"type": "Feature", "geometry": {"type": "Point", "coordinates": [72.91917113665495, 19.066068168973754]}, "properties": {"city": "mumbai", "lst_c": 45.68}}, {"type": "Feature", "geometry": {"type": "Point", "coordinates": [72.92321355543349, 19.066068168973754]}, "properties": {"city": "mumbai", "lst_c": 46.48}}, {"type": "Feature", "geometry": {"type": "Point", "coordinates": [72.92725597421203, 19.066068168973754]}, "properties": {"city": "mumbai", "lst_c": 47.37}}, {"type": "Feature", "geometry": {"type": "Point", "coordinates": [72.93129839299057, 19.066068168973754]}, "properties": {"city": "mumbai", "lst_c": 47.4}}, {"type": "Feature", "geometry": {"type": "Point", "coordinates": [72.93534081176911, 19.066068168973754]}, "properties": {"city": "mumbai", "lst_c": 38.76}}, {"type": "Feature", "geometry": {"type": "Point", "coordinates": [72.93938323054765, 19.066068168973754]}, "properties": {"city": "mumbai", "lst_c": 38.22}}, {"type": "Feature", "geometry": {"type": "Point", "coordinates": [72.94342564932617, 19.066068168973754]}, "properties": {"city": "mumbai", "lst_c": 40.41}}, {"type": "Feature", "geometry": {"type": "Point", "coordinates": [72.94746806810471, 19.066068168973754]}, "properties": {"city": "mumbai", "lst_c": 36.8}}, {"type": "Feature", "geometry": {"type": "Point", "coordinates": [72.80194099207735, 19.070110587752293]}, "properties": {"city": "mumbai", "lst_c": 29.74}}, {"type": "Feature", "geometry": {"type": "Point", "coordinates": [72.80598341085589, 19.070110587752293]}, "properties": {"city": "mumbai", "lst_c": 29.74}}, {"type": "Feature", "geometry": {"type": "Point", "coordinates": [72.81002582963443, 19.070110587752293]}, "properties": {"city": "mumbai", "lst_c": 29.61}}, {"type": "Feature", "geometry": {"type": "Point", "coordinates": [72.81406824841297, 19.070110587752293]}, "properties": {"city": "mumbai", "lst_c": 30.06}}, {"type": "Feature", "geometry": {"type": "Point", "coordinates": [72.8181106671915, 19.070110587752293]}, "properties": {"city": "mumbai", "lst_c": 30.26}}, {"type": "Feature", "geometry": {"type": "Point", "coordinates": [72.82215308597004, 19.070110587752293]}, "properties": {"city": "mumbai", "lst_c": 36.72}}, {"type": "Feature", "geometry": {"type": "Point", "coordinates": [72.82619550474858, 19.070110587752293]}, "properties": {"city": "mumbai", "lst_c": 37.36}}, {"type": "Feature", "geometry": {"type": "Point", "coordinates": [72.83023792352712, 19.070110587752293]}, "properties": {"city": "mumbai", "lst_c": 38.43}}, {"type": "Feature", "geometry": {"type": "Point", "coordinates": [72.83428034230566, 19.070110587752293]}, "properties": {"city": "mumbai", "lst_c": 38.29}}, {"type": "Feature", "geometry": {"type": "Point", "coordinates": [72.8383227610842, 19.070110587752293]}, "properties": {"city": "mumbai", "lst_c": 40.5}}, {"type": "Feature", "geometry": {"type": "Point", "coordinates": [72.84236517986274, 19.070110587752293]}, "properties": {"city": "mumbai", "lst_c": 45.73}}, {"type": "Feature", "geometry": {"type": "Point", "coordinates": [72.84640759864126, 19.070110587752293]}, "properties": {"city": "mumbai", "lst_c": 43.41}}, {"type": "Feature", "geometry": {"type": "Point", "coordinates": [72.8504500174198, 19.070110587752293]}, "properties": {"city": "mumbai", "lst_c": 41.45}}, {"type": "Feature", "geometry": {"type": "Point", "coordinates": [72.85449243619834, 19.070110587752293]}, "properties": {"city": "mumbai", "lst_c": 39.2}}, {"type": "Feature", "geometry": {"type": "Point", "coordinates": [72.85853485497688, 19.070110587752293]}, "properties": {"city": "mumbai", "lst_c": 38.95}}, {"type": "Feature", "geometry": {"type": "Point", "coordinates": [72.86257727375542, 19.070110587752293]}, "properties": {"city": "mumbai", "lst_c": 41.58}}, {"type": "Feature", "geometry": {"type": "Point", "coordinates": [72.86661969253396, 19.070110587752293]}, "properties": {"city": "mumbai", "lst_c": 44.72}}, {"type": "Feature", "geometry": {"type": "Point", "coordinates": [72.8706621113125, 19.070110587752293]}, "properties": {"city": "mumbai", "lst_c": 43.58}}, {"type": "Feature", "geometry": {"type": "Point", "coordinates": [72.87470453009104, 19.070110587752293]}, "properties": {"city": "mumbai", "lst_c": 41.06}}, {"type": "Feature", "geometry": {"type": "Point", "coordinates": [72.87874694886958, 19.070110587752293]}, "properties": {"city": "mumbai", "lst_c": 43.24}}, {"type": "Feature", "geometry": {"type": "Point", "coordinates": [72.88278936764812, 19.070110587752293]}, "properties": {"city": "mumbai", "lst_c": 42.84}}, {"type": "Feature", "geometry": {"type": "Point", "coordinates": [72.88683178642665, 19.070110587752293]}, "properties": {"city": "mumbai", "lst_c": 42.72}}, {"type": "Feature", "geometry": {"type": "Point", "coordinates": [72.8908742052052, 19.070110587752293]}, "properties": {"city": "mumbai", "lst_c": 41.83}}, {"type": "Feature", "geometry": {"type": "Point", "coordinates": [72.89491662398372, 19.070110587752293]}, "properties": {"city": "mumbai", "lst_c": 38.86}}, {"type": "Feature", "geometry": {"type": "Point", "coordinates": [72.89895904276226, 19.070110587752293]}, "properties": {"city": "mumbai", "lst_c": 40.61}}, {"type": "Feature", "geometry": {"type": "Point", "coordinates": [72.9030014615408, 19.070110587752293]}, "properties": {"city": "mumbai", "lst_c": 41.08}}, {"type": "Feature", "geometry": {"type": "Point", "coordinates": [72.90704388031934, 19.070110587752293]}, "properties": {"city": "mumbai", "lst_c": 38.79}}, {"type": "Feature", "geometry": {"type": "Point", "coordinates": [72.91108629909787, 19.070110587752293]}, "properties": {"city": "mumbai", "lst_c": 42.75}}, {"type": "Feature", "geometry": {"type": "Point", "coordinates": [72.91512871787641, 19.070110587752293]}, "properties": {"city": "mumbai", "lst_c": 40.12}}, {"type": "Feature", "geometry": {"type": "Point", "coordinates": [72.91917113665495, 19.070110587752293]}, "properties": {"city": "mumbai", "lst_c": 41.06}}, {"type": "Feature", "geometry": {"type": "Point", "coordinates": [72.92321355543349, 19.070110587752293]}, "properties": {"city": "mumbai", "lst_c": 47.39}}, {"type": "Feature", "geometry": {"type": "Point", "coordinates": [72.92725597421203, 19.070110587752293]}, "properties": {"city": "mumbai", "lst_c": 50.61}}, {"type": "Feature", "geometry": {"type": "Point", "coordinates": [72.93129839299057, 19.070110587752293]}, "properties": {"city": "mumbai", "lst_c": 49.73}}, {"type": "Feature", "geometry": {"type": "Point", "coordinates": [72.93534081176911, 19.070110587752293]}, "properties": {"city": "mumbai", "lst_c": 36.31}}, {"type": "Feature", "geometry": {"type": "Point", "coordinates": [72.93938323054765, 19.070110587752293]}, "properties": {"city": "mumbai", "lst_c": 38.7}}, {"type": "Feature", "geometry": {"type": "Point", "coordinates": [72.94342564932617, 19.070110587752293]}, "properties": {"city": "mumbai", "lst_c": 39.6}}, {"type": "Feature", "geometry": {"type": "Point", "coordinates": [72.94746806810471, 19.070110587752293]}, "properties": {"city": "mumbai", "lst_c": 37.6}}, {"type": "Feature", "geometry": {"type": "Point", "coordinates": [72.80194099207735, 19.074153006530832]}, "properties": {"city": "mumbai", "lst_c": 29.72}}, {"type": "Feature", "geometry": {"type": "Point", "coordinates": [72.80598341085589, 19.074153006530832]}, "properties": {"city": "mumbai", "lst_c": 29.84}}, {"type": "Feature", "geometry": {"type": "Point", "coordinates": [72.81002582963443, 19.074153006530832]}, "properties": {"city": "mumbai", "lst_c": 30.08}}, {"type": "Feature", "geometry": {"type": "Point", "coordinates": [72.81406824841297, 19.074153006530832]}, "properties": {"city": "mumbai", "lst_c": 30.12}}, {"type": "Feature", "geometry": {"type": "Point", "coordinates": [72.8181106671915, 19.074153006530832]}, "properties": {"city": "mumbai", "lst_c": 29.77}}, {"type": "Feature", "geometry": {"type": "Point", "coordinates": [72.82215308597004, 19.074153006530832]}, "properties": {"city": "mumbai", "lst_c": 40.48}}, {"type": "Feature", "geometry": {"type": "Point", "coordinates": [72.82619550474858, 19.074153006530832]}, "properties": {"city": "mumbai", "lst_c": 39.47}}, {"type": "Feature", "geometry": {"type": "Point", "coordinates": [72.83023792352712, 19.074153006530832]}, "properties": {"city": "mumbai", "lst_c": 37.98}}, {"type": "Feature", "geometry": {"type": "Point", "coordinates": [72.83428034230566, 19.074153006530832]}, "properties": {"city": "mumbai", "lst_c": 37.85}}, {"type": "Feature", "geometry": {"type": "Point", "coordinates": [72.8383227610842, 19.074153006530832]}, "properties": {"city": "mumbai", "lst_c": 40.64}}, {"type": "Feature", "geometry": {"type": "Point", "coordinates": [72.84236517986274, 19.074153006530832]}, "properties": {"city": "mumbai", "lst_c": 43.87}}, {"type": "Feature", "geometry": {"type": "Point", "coordinates": [72.84640759864126, 19.074153006530832]}, "properties": {"city": "mumbai", "lst_c": 43.19}}, {"type": "Feature", "geometry": {"type": "Point", "coordinates": [72.8504500174198, 19.074153006530832]}, "properties": {"city": "mumbai", "lst_c": 41.91}}, {"type": "Feature", "geometry": {"type": "Point", "coordinates": [72.85449243619834, 19.074153006530832]}, "properties": {"city": "mumbai", "lst_c": 44.83}}, {"type": "Feature", "geometry": {"type": "Point", "coordinates": [72.85853485497688, 19.074153006530832]}, "properties": {"city": "mumbai", "lst_c": 41.31}}, {"type": "Feature", "geometry": {"type": "Point", "coordinates": [72.86257727375542, 19.074153006530832]}, "properties": {"city": "mumbai", "lst_c": 39.24}}, {"type": "Feature", "geometry": {"type": "Point", "coordinates": [72.86661969253396, 19.074153006530832]}, "properties": {"city": "mumbai", "lst_c": 43.48}}, {"type": "Feature", "geometry": {"type": "Point", "coordinates": [72.8706621113125, 19.074153006530832]}, "properties": {"city": "mumbai", "lst_c": 41.86}}, {"type": "Feature", "geometry": {"type": "Point", "coordinates": [72.87470453009104, 19.074153006530832]}, "properties": {"city": "mumbai", "lst_c": 46.1}}, {"type": "Feature", "geometry": {"type": "Point", "coordinates": [72.87874694886958, 19.074153006530832]}, "properties": {"city": "mumbai", "lst_c": 44.48}}, {"type": "Feature", "geometry": {"type": "Point", "coordinates": [72.88278936764812, 19.074153006530832]}, "properties": {"city": "mumbai", "lst_c": 43.72}}, {"type": "Feature", "geometry": {"type": "Point", "coordinates": [72.88683178642665, 19.074153006530832]}, "properties": {"city": "mumbai", "lst_c": 42.39}}, {"type": "Feature", "geometry": {"type": "Point", "coordinates": [72.8908742052052, 19.074153006530832]}, "properties": {"city": "mumbai", "lst_c": 43.53}}, {"type": "Feature", "geometry": {"type": "Point", "coordinates": [72.89491662398372, 19.074153006530832]}, "properties": {"city": "mumbai", "lst_c": 41.85}}, {"type": "Feature", "geometry": {"type": "Point", "coordinates": [72.89895904276226, 19.074153006530832]}, "properties": {"city": "mumbai", "lst_c": 41.82}}, {"type": "Feature", "geometry": {"type": "Point", "coordinates": [72.9030014615408, 19.074153006530832]}, "properties": {"city": "mumbai", "lst_c": 39.85}}, {"type": "Feature", "geometry": {"type": "Point", "coordinates": [72.90704388031934, 19.074153006530832]}, "properties": {"city": "mumbai", "lst_c": 38.26}}, {"type": "Feature", "geometry": {"type": "Point", "coordinates": [72.91108629909787, 19.074153006530832]}, "properties": {"city": "mumbai", "lst_c": 40.59}}, {"type": "Feature", "geometry": {"type": "Point", "coordinates": [72.91512871787641, 19.074153006530832]}, "properties": {"city": "mumbai", "lst_c": 48.08}}, {"type": "Feature", "geometry": {"type": "Point", "coordinates": [72.91917113665495, 19.074153006530832]}, "properties": {"city": "mumbai", "lst_c": 45.27}}, {"type": "Feature", "geometry": {"type": "Point", "coordinates": [72.92321355543349, 19.074153006530832]}, "properties": {"city": "mumbai", "lst_c": 44.6}}, {"type": "Feature", "geometry": {"type": "Point", "coordinates": [72.92725597421203, 19.074153006530832]}, "properties": {"city": "mumbai", "lst_c": 48.05}}, {"type": "Feature", "geometry": {"type": "Point", "coordinates": [72.93129839299057, 19.074153006530832]}, "properties": {"city": "mumbai", "lst_c": 40.46}}, {"type": "Feature", "geometry": {"type": "Point", "coordinates": [72.93534081176911, 19.074153006530832]}, "properties": {"city": "mumbai", "lst_c": 35.95}}, {"type": "Feature", "geometry": {"type": "Point", "coordinates": [72.93938323054765, 19.074153006530832]}, "properties": {"city": "mumbai", "lst_c": 37.79}}, {"type": "Feature", "geometry": {"type": "Point", "coordinates": [72.94342564932617, 19.074153006530832]}, "properties": {"city": "mumbai", "lst_c": 37.98}}, {"type": "Feature", "geometry": {"type": "Point", "coordinates": [72.94746806810471, 19.074153006530832]}, "properties": {"city": "mumbai", "lst_c": 36.88}}, {"type": "Feature", "geometry": {"type": "Point", "coordinates": [72.80194099207735, 19.078195425309367]}, "properties": {"city": "mumbai", "lst_c": 29.71}}, {"type": "Feature", "geometry": {"type": "Point", "coordinates": [72.80598341085589, 19.078195425309367]}, "properties": {"city": "mumbai", "lst_c": 29.73}}, {"type": "Feature", "geometry": {"type": "Point", "coordinates": [72.81002582963443, 19.078195425309367]}, "properties": {"city": "mumbai", "lst_c": 29.97}}, {"type": "Feature", "geometry": {"type": "Point", "coordinates": [72.81406824841297, 19.078195425309367]}, "properties": {"city": "mumbai", "lst_c": 30.13}}, {"type": "Feature", "geometry": {"type": "Point", "coordinates": [72.8181106671915, 19.078195425309367]}, "properties": {"city": "mumbai", "lst_c": 30.22}}, {"type": "Feature", "geometry": {"type": "Point", "coordinates": [72.82215308597004, 19.078195425309367]}, "properties": {"city": "mumbai", "lst_c": 38.26}}, {"type": "Feature", "geometry": {"type": "Point", "coordinates": [72.82619550474858, 19.078195425309367]}, "properties": {"city": "mumbai", "lst_c": 42.74}}, {"type": "Feature", "geometry": {"type": "Point", "coordinates": [72.83023792352712, 19.078195425309367]}, "properties": {"city": "mumbai", "lst_c": 39.64}}, {"type": "Feature", "geometry": {"type": "Point", "coordinates": [72.83428034230566, 19.078195425309367]}, "properties": {"city": "mumbai", "lst_c": 38.02}}, {"type": "Feature", "geometry": {"type": "Point", "coordinates": [72.8383227610842, 19.078195425309367]}, "properties": {"city": "mumbai", "lst_c": 38.78}}, {"type": "Feature", "geometry": {"type": "Point", "coordinates": [72.84236517986274, 19.078195425309367]}, "properties": {"city": "mumbai", "lst_c": 39.36}}, {"type": "Feature", "geometry": {"type": "Point", "coordinates": [72.84640759864126, 19.078195425309367]}, "properties": {"city": "mumbai", "lst_c": 44.68}}, {"type": "Feature", "geometry": {"type": "Point", "coordinates": [72.8504500174198, 19.078195425309367]}, "properties": {"city": "mumbai", "lst_c": 39.9}}, {"type": "Feature", "geometry": {"type": "Point", "coordinates": [72.85449243619834, 19.078195425309367]}, "properties": {"city": "mumbai", "lst_c": 41.22}}, {"type": "Feature", "geometry": {"type": "Point", "coordinates": [72.85853485497688, 19.078195425309367]}, "properties": {"city": "mumbai", "lst_c": 40.77}}, {"type": "Feature", "geometry": {"type": "Point", "coordinates": [72.86257727375542, 19.078195425309367]}, "properties": {"city": "mumbai", "lst_c": 40.45}}, {"type": "Feature", "geometry": {"type": "Point", "coordinates": [72.86661969253396, 19.078195425309367]}, "properties": {"city": "mumbai", "lst_c": 42.03}}, {"type": "Feature", "geometry": {"type": "Point", "coordinates": [72.8706621113125, 19.078195425309367]}, "properties": {"city": "mumbai", "lst_c": 44.82}}, {"type": "Feature", "geometry": {"type": "Point", "coordinates": [72.87470453009104, 19.078195425309367]}, "properties": {"city": "mumbai", "lst_c": 45.36}}, {"type": "Feature", "geometry": {"type": "Point", "coordinates": [72.87874694886958, 19.078195425309367]}, "properties": {"city": "mumbai", "lst_c": 44.16}}, {"type": "Feature", "geometry": {"type": "Point", "coordinates": [72.88278936764812, 19.078195425309367]}, "properties": {"city": "mumbai", "lst_c": 43.4}}, {"type": "Feature", "geometry": {"type": "Point", "coordinates": [72.88683178642665, 19.078195425309367]}, "properties": {"city": "mumbai", "lst_c": 41.55}}, {"type": "Feature", "geometry": {"type": "Point", "coordinates": [72.8908742052052, 19.078195425309367]}, "properties": {"city": "mumbai", "lst_c": 43.62}}, {"type": "Feature", "geometry": {"type": "Point", "coordinates": [72.89491662398372, 19.078195425309367]}, "properties": {"city": "mumbai", "lst_c": 43.14}}, {"type": "Feature", "geometry": {"type": "Point", "coordinates": [72.89895904276226, 19.078195425309367]}, "properties": {"city": "mumbai", "lst_c": 39.73}}, {"type": "Feature", "geometry": {"type": "Point", "coordinates": [72.9030014615408, 19.078195425309367]}, "properties": {"city": "mumbai", "lst_c": 38.62}}, {"type": "Feature", "geometry": {"type": "Point", "coordinates": [72.90704388031934, 19.078195425309367]}, "properties": {"city": "mumbai", "lst_c": 38.02}}, {"type": "Feature", "geometry": {"type": "Point", "coordinates": [72.91108629909787, 19.078195425309367]}, "properties": {"city": "mumbai", "lst_c": 38.43}}, {"type": "Feature", "geometry": {"type": "Point", "coordinates": [72.91512871787641, 19.078195425309367]}, "properties": {"city": "mumbai", "lst_c": 41.73}}, {"type": "Feature", "geometry": {"type": "Point", "coordinates": [72.91917113665495, 19.078195425309367]}, "properties": {"city": "mumbai", "lst_c": 34.61}}, {"type": "Feature", "geometry": {"type": "Point", "coordinates": [72.92321355543349, 19.078195425309367]}, "properties": {"city": "mumbai", "lst_c": 34.1}}, {"type": "Feature", "geometry": {"type": "Point", "coordinates": [72.92725597421203, 19.078195425309367]}, "properties": {"city": "mumbai", "lst_c": 38.67}}, {"type": "Feature", "geometry": {"type": "Point", "coordinates": [72.93129839299057, 19.078195425309367]}, "properties": {"city": "mumbai", "lst_c": 34.93}}, {"type": "Feature", "geometry": {"type": "Point", "coordinates": [72.93534081176911, 19.078195425309367]}, "properties": {"city": "mumbai", "lst_c": 37.93}}, {"type": "Feature", "geometry": {"type": "Point", "coordinates": [72.93938323054765, 19.078195425309367]}, "properties": {"city": "mumbai", "lst_c": 37.64}}, {"type": "Feature", "geometry": {"type": "Point", "coordinates": [72.94342564932617, 19.078195425309367]}, "properties": {"city": "mumbai", "lst_c": 35.76}}, {"type": "Feature", "geometry": {"type": "Point", "coordinates": [72.94746806810471, 19.078195425309367]}, "properties": {"city": "mumbai", "lst_c": 33.68}}, {"type": "Feature", "geometry": {"type": "Point", "coordinates": [72.80194099207735, 19.082237844087906]}, "properties": {"city": "mumbai", "lst_c": 29.68}}, {"type": "Feature", "geometry": {"type": "Point", "coordinates": [72.80598341085589, 19.082237844087906]}, "properties": {"city": "mumbai", "lst_c": 29.67}}, {"type": "Feature", "geometry": {"type": "Point", "coordinates": [72.81002582963443, 19.082237844087906]}, "properties": {"city": "mumbai", "lst_c": 29.48}}, {"type": "Feature", "geometry": {"type": "Point", "coordinates": [72.81406824841297, 19.082237844087906]}, "properties": {"city": "mumbai", "lst_c": 30.1}}, {"type": "Feature", "geometry": {"type": "Point", "coordinates": [72.8181106671915, 19.082237844087906]}, "properties": {"city": "mumbai", "lst_c": 30.19}}, {"type": "Feature", "geometry": {"type": "Point", "coordinates": [72.82215308597004, 19.082237844087906]}, "properties": {"city": "mumbai", "lst_c": 32.73}}, {"type": "Feature", "geometry": {"type": "Point", "coordinates": [72.82619550474858, 19.082237844087906]}, "properties": {"city": "mumbai", "lst_c": 44.9}}, {"type": "Feature", "geometry": {"type": "Point", "coordinates": [72.83023792352712, 19.082237844087906]}, "properties": {"city": "mumbai", "lst_c": 41.49}}, {"type": "Feature", "geometry": {"type": "Point", "coordinates": [72.83428034230566, 19.082237844087906]}, "properties": {"city": "mumbai", "lst_c": 38.53}}, {"type": "Feature", "geometry": {"type": "Point", "coordinates": [72.8383227610842, 19.082237844087906]}, "properties": {"city": "mumbai", "lst_c": 39.74}}, {"type": "Feature", "geometry": {"type": "Point", "coordinates": [72.84236517986274, 19.082237844087906]}, "properties": {"city": "mumbai", "lst_c": 41.34}}, {"type": "Feature", "geometry": {"type": "Point", "coordinates": [72.84640759864126, 19.082237844087906]}, "properties": {"city": "mumbai", "lst_c": 41.68}}, {"type": "Feature", "geometry": {"type": "Point", "coordinates": [72.8504500174198, 19.082237844087906]}, "properties": {"city": "mumbai", "lst_c": 40.66}}, {"type": "Feature", "geometry": {"type": "Point", "coordinates": [72.85449243619834, 19.082237844087906]}, "properties": {"city": "mumbai", "lst_c": 41.21}}, {"type": "Feature", "geometry": {"type": "Point", "coordinates": [72.85853485497688, 19.082237844087906]}, "properties": {"city": "mumbai", "lst_c": 40.66}}, {"type": "Feature", "geometry": {"type": "Point", "coordinates": [72.86257727375542, 19.082237844087906]}, "properties": {"city": "mumbai", "lst_c": 43.31}}, {"type": "Feature", "geometry": {"type": "Point", "coordinates": [72.86661969253396, 19.082237844087906]}, "properties": {"city": "mumbai", "lst_c": 42.22}}, {"type": "Feature", "geometry": {"type": "Point", "coordinates": [72.8706621113125, 19.082237844087906]}, "properties": {"city": "mumbai", "lst_c": 41.54}}, {"type": "Feature", "geometry": {"type": "Point", "coordinates": [72.87470453009104, 19.082237844087906]}, "properties": {"city": "mumbai", "lst_c": 48.94}}, {"type": "Feature", "geometry": {"type": "Point", "coordinates": [72.87874694886958, 19.082237844087906]}, "properties": {"city": "mumbai", "lst_c": 42.05}}, {"type": "Feature", "geometry": {"type": "Point", "coordinates": [72.88278936764812, 19.082237844087906]}, "properties": {"city": "mumbai", "lst_c": 44.32}}, {"type": "Feature", "geometry": {"type": "Point", "coordinates": [72.88683178642665, 19.082237844087906]}, "properties": {"city": "mumbai", "lst_c": 42.82}}, {"type": "Feature", "geometry": {"type": "Point", "coordinates": [72.8908742052052, 19.082237844087906]}, "properties": {"city": "mumbai", "lst_c": 40.23}}, {"type": "Feature", "geometry": {"type": "Point", "coordinates": [72.89491662398372, 19.082237844087906]}, "properties": {"city": "mumbai", "lst_c": 42.18}}, {"type": "Feature", "geometry": {"type": "Point", "coordinates": [72.89895904276226, 19.082237844087906]}, "properties": {"city": "mumbai", "lst_c": 40.64}}, {"type": "Feature", "geometry": {"type": "Point", "coordinates": [72.9030014615408, 19.082237844087906]}, "properties": {"city": "mumbai", "lst_c": 40.03}}, {"type": "Feature", "geometry": {"type": "Point", "coordinates": [72.90704388031934, 19.082237844087906]}, "properties": {"city": "mumbai", "lst_c": 39.02}}, {"type": "Feature", "geometry": {"type": "Point", "coordinates": [72.91108629909787, 19.082237844087906]}, "properties": {"city": "mumbai", "lst_c": 39.1}}, {"type": "Feature", "geometry": {"type": "Point", "coordinates": [72.91512871787641, 19.082237844087906]}, "properties": {"city": "mumbai", "lst_c": 39.8}}, {"type": "Feature", "geometry": {"type": "Point", "coordinates": [72.91917113665495, 19.082237844087906]}, "properties": {"city": "mumbai", "lst_c": 37.62}}, {"type": "Feature", "geometry": {"type": "Point", "coordinates": [72.92321355543349, 19.082237844087906]}, "properties": {"city": "mumbai", "lst_c": 35.66}}, {"type": "Feature", "geometry": {"type": "Point", "coordinates": [72.92725597421203, 19.082237844087906]}, "properties": {"city": "mumbai", "lst_c": 35.1}}, {"type": "Feature", "geometry": {"type": "Point", "coordinates": [72.93129839299057, 19.082237844087906]}, "properties": {"city": "mumbai", "lst_c": 36.11}}, {"type": "Feature", "geometry": {"type": "Point", "coordinates": [72.93534081176911, 19.082237844087906]}, "properties": {"city": "mumbai", "lst_c": 38.15}}, {"type": "Feature", "geometry": {"type": "Point", "coordinates": [72.93938323054765, 19.082237844087906]}, "properties": {"city": "mumbai", "lst_c": 38.04}}, {"type": "Feature", "geometry": {"type": "Point", "coordinates": [72.94342564932617, 19.082237844087906]}, "properties": {"city": "mumbai", "lst_c": 38.3}}, {"type": "Feature", "geometry": {"type": "Point", "coordinates": [72.94746806810471, 19.082237844087906]}, "properties": {"city": "mumbai", "lst_c": 38.04}}, {"type": "Feature", "geometry": {"type": "Point", "coordinates": [72.80194099207735, 19.086280262866445]}, "properties": {"city": "mumbai", "lst_c": 30.01}}, {"type": "Feature", "geometry": {"type": "Point", "coordinates": [72.80598341085589, 19.086280262866445]}, "properties": {"city": "mumbai", "lst_c": 29.85}}, {"type": "Feature", "geometry": {"type": "Point", "coordinates": [72.81002582963443, 19.086280262866445]}, "properties": {"city": "mumbai", "lst_c": 30.0}}, {"type": "Feature", "geometry": {"type": "Point", "coordinates": [72.81406824841297, 19.086280262866445]}, "properties": {"city": "mumbai", "lst_c": 30.16}}, {"type": "Feature", "geometry": {"type": "Point", "coordinates": [72.8181106671915, 19.086280262866445]}, "properties": {"city": "mumbai", "lst_c": 30.34}}, {"type": "Feature", "geometry": {"type": "Point", "coordinates": [72.82215308597004, 19.086280262866445]}, "properties": {"city": "mumbai", "lst_c": 31.05}}, {"type": "Feature", "geometry": {"type": "Point", "coordinates": [72.82619550474858, 19.086280262866445]}, "properties": {"city": "mumbai", "lst_c": 38.12}}, {"type": "Feature", "geometry": {"type": "Point", "coordinates": [72.83023792352712, 19.086280262866445]}, "properties": {"city": "mumbai", "lst_c": 39.69}}, {"type": "Feature", "geometry": {"type": "Point", "coordinates": [72.83428034230566, 19.086280262866445]}, "properties": {"city": "mumbai", "lst_c": 40.22}}, {"type": "Feature", "geometry": {"type": "Point", "coordinates": [72.8383227610842, 19.086280262866445]}, "properties": {"city": "mumbai", "lst_c": 40.44}}, {"type": "Feature", "geometry": {"type": "Point", "coordinates": [72.84236517986274, 19.086280262866445]}, "properties": {"city": "mumbai", "lst_c": 42.98}}, {"type": "Feature", "geometry": {"type": "Point", "coordinates": [72.84640759864126, 19.086280262866445]}, "properties": {"city": "mumbai", "lst_c": 45.21}}, {"type": "Feature", "geometry": {"type": "Point", "coordinates": [72.8504500174198, 19.086280262866445]}, "properties": {"city": "mumbai", "lst_c": 47.58}}, {"type": "Feature", "geometry": {"type": "Point", "coordinates": [72.85449243619834, 19.086280262866445]}, "properties": {"city": "mumbai", "lst_c": 47.48}}, {"type": "Feature", "geometry": {"type": "Point", "coordinates": [72.85853485497688, 19.086280262866445]}, "properties": {"city": "mumbai", "lst_c": 47.22}}, {"type": "Feature", "geometry": {"type": "Point", "coordinates": [72.86257727375542, 19.086280262866445]}, "properties": {"city": "mumbai", "lst_c": 45.81}}, {"type": "Feature", "geometry": {"type": "Point", "coordinates": [72.86661969253396, 19.086280262866445]}, "properties": {"city": "mumbai", "lst_c": 48.41}}, {"type": "Feature", "geometry": {"type": "Point", "coordinates": [72.8706621113125, 19.086280262866445]}, "properties": {"city": "mumbai", "lst_c": 49.8}}, {"type": "Feature", "geometry": {"type": "Point", "coordinates": [72.87470453009104, 19.086280262866445]}, "properties": {"city": "mumbai", "lst_c": 48.66}}, {"type": "Feature", "geometry": {"type": "Point", "coordinates": [72.87874694886958, 19.086280262866445]}, "properties": {"city": "mumbai", "lst_c": 43.84}}, {"type": "Feature", "geometry": {"type": "Point", "coordinates": [72.88278936764812, 19.086280262866445]}, "properties": {"city": "mumbai", "lst_c": 45.25}}, {"type": "Feature", "geometry": {"type": "Point", "coordinates": [72.88683178642665, 19.086280262866445]}, "properties": {"city": "mumbai", "lst_c": 43.29}}, {"type": "Feature", "geometry": {"type": "Point", "coordinates": [72.8908742052052, 19.086280262866445]}, "properties": {"city": "mumbai", "lst_c": 44.35}}, {"type": "Feature", "geometry": {"type": "Point", "coordinates": [72.89491662398372, 19.086280262866445]}, "properties": {"city": "mumbai", "lst_c": 43.6}}, {"type": "Feature", "geometry": {"type": "Point", "coordinates": [72.89895904276226, 19.086280262866445]}, "properties": {"city": "mumbai", "lst_c": 42.56}}, {"type": "Feature", "geometry": {"type": "Point", "coordinates": [72.9030014615408, 19.086280262866445]}, "properties": {"city": "mumbai", "lst_c": 39.6}}, {"type": "Feature", "geometry": {"type": "Point", "coordinates": [72.90704388031934, 19.086280262866445]}, "properties": {"city": "mumbai", "lst_c": 41.38}}, {"type": "Feature", "geometry": {"type": "Point", "coordinates": [72.91108629909787, 19.086280262866445]}, "properties": {"city": "mumbai", "lst_c": 41.53}}, {"type": "Feature", "geometry": {"type": "Point", "coordinates": [72.91512871787641, 19.086280262866445]}, "properties": {"city": "mumbai", "lst_c": 40.4}}, {"type": "Feature", "geometry": {"type": "Point", "coordinates": [72.91917113665495, 19.086280262866445]}, "properties": {"city": "mumbai", "lst_c": 41.16}}, {"type": "Feature", "geometry": {"type": "Point", "coordinates": [72.92321355543349, 19.086280262866445]}, "properties": {"city": "mumbai", "lst_c": 41.85}}, {"type": "Feature", "geometry": {"type": "Point", "coordinates": [72.92725597421203, 19.086280262866445]}, "properties": {"city": "mumbai", "lst_c": 37.11}}, {"type": "Feature", "geometry": {"type": "Point", "coordinates": [72.93129839299057, 19.086280262866445]}, "properties": {"city": "mumbai", "lst_c": 36.95}}, {"type": "Feature", "geometry": {"type": "Point", "coordinates": [72.93534081176911, 19.086280262866445]}, "properties": {"city": "mumbai", "lst_c": 36.93}}, {"type": "Feature", "geometry": {"type": "Point", "coordinates": [72.93938323054765, 19.086280262866445]}, "properties": {"city": "mumbai", "lst_c": 36.64}}, {"type": "Feature", "geometry": {"type": "Point", "coordinates": [72.94342564932617, 19.086280262866445]}, "properties": {"city": "mumbai", "lst_c": 35.26}}, {"type": "Feature", "geometry": {"type": "Point", "coordinates": [72.94746806810471, 19.086280262866445]}, "properties": {"city": "mumbai", "lst_c": 33.05}}, {"type": "Feature", "geometry": {"type": "Point", "coordinates": [72.80194099207735, 19.09032268164498]}, "properties": {"city": "mumbai", "lst_c": 29.5}}, {"type": "Feature", "geometry": {"type": "Point", "coordinates": [72.80598341085589, 19.09032268164498]}, "properties": {"city": "mumbai", "lst_c": 29.62}}, {"type": "Feature", "geometry": {"type": "Point", "coordinates": [72.81002582963443, 19.09032268164498]}, "properties": {"city": "mumbai", "lst_c": 30.0}}, {"type": "Feature", "geometry": {"type": "Point", "coordinates": [72.81406824841297, 19.09032268164498]}, "properties": {"city": "mumbai", "lst_c": 30.08}}, {"type": "Feature", "geometry": {"type": "Point", "coordinates": [72.8181106671915, 19.09032268164498]}, "properties": {"city": "mumbai", "lst_c": 30.32}}, {"type": "Feature", "geometry": {"type": "Point", "coordinates": [72.82215308597004, 19.09032268164498]}, "properties": {"city": "mumbai", "lst_c": 30.56}}, {"type": "Feature", "geometry": {"type": "Point", "coordinates": [72.82619550474858, 19.09032268164498]}, "properties": {"city": "mumbai", "lst_c": 34.42}}, {"type": "Feature", "geometry": {"type": "Point", "coordinates": [72.83023792352712, 19.09032268164498]}, "properties": {"city": "mumbai", "lst_c": 42.46}}, {"type": "Feature", "geometry": {"type": "Point", "coordinates": [72.83428034230566, 19.09032268164498]}, "properties": {"city": "mumbai", "lst_c": 40.14}}, {"type": "Feature", "geometry": {"type": "Point", "coordinates": [72.8383227610842, 19.09032268164498]}, "properties": {"city": "mumbai", "lst_c": 41.98}}, {"type": "Feature", "geometry": {"type": "Point", "coordinates": [72.84236517986274, 19.09032268164498]}, "properties": {"city": "mumbai", "lst_c": 42.46}}, {"type": "Feature", "geometry": {"type": "Point", "coordinates": [72.84640759864126, 19.09032268164498]}, "properties": {"city": "mumbai", "lst_c": 46.61}}, {"type": "Feature", "geometry": {"type": "Point", "coordinates": [72.8504500174198, 19.09032268164498]}, "properties": {"city": "mumbai", "lst_c": 48.16}}, {"type": "Feature", "geometry": {"type": "Point", "coordinates": [72.85449243619834, 19.09032268164498]}, "properties": {"city": "mumbai", "lst_c": 48.59}}, {"type": "Feature", "geometry": {"type": "Point", "coordinates": [72.85853485497688, 19.09032268164498]}, "properties": {"city": "mumbai", "lst_c": 48.38}}, {"type": "Feature", "geometry": {"type": "Point", "coordinates": [72.86257727375542, 19.09032268164498]}, "properties": {"city": "mumbai", "lst_c": 48.56}}, {"type": "Feature", "geometry": {"type": "Point", "coordinates": [72.86661969253396, 19.09032268164498]}, "properties": {"city": "mumbai", "lst_c": 49.9}}, {"type": "Feature", "geometry": {"type": "Point", "coordinates": [72.8706621113125, 19.09032268164498]}, "properties": {"city": "mumbai", "lst_c": 48.69}}, {"type": "Feature", "geometry": {"type": "Point", "coordinates": [72.87470453009104, 19.09032268164498]}, "properties": {"city": "mumbai", "lst_c": 48.5}}, {"type": "Feature", "geometry": {"type": "Point", "coordinates": [72.87874694886958, 19.09032268164498]}, "properties": {"city": "mumbai", "lst_c": 47.31}}, {"type": "Feature", "geometry": {"type": "Point", "coordinates": [72.88278936764812, 19.09032268164498]}, "properties": {"city": "mumbai", "lst_c": 46.2}}, {"type": "Feature", "geometry": {"type": "Point", "coordinates": [72.88683178642665, 19.09032268164498]}, "properties": {"city": "mumbai", "lst_c": 45.52}}, {"type": "Feature", "geometry": {"type": "Point", "coordinates": [72.8908742052052, 19.09032268164498]}, "properties": {"city": "mumbai", "lst_c": 44.35}}, {"type": "Feature", "geometry": {"type": "Point", "coordinates": [72.89491662398372, 19.09032268164498]}, "properties": {"city": "mumbai", "lst_c": 42.93}}, {"type": "Feature", "geometry": {"type": "Point", "coordinates": [72.89895904276226, 19.09032268164498]}, "properties": {"city": "mumbai", "lst_c": 46.67}}, {"type": "Feature", "geometry": {"type": "Point", "coordinates": [72.9030014615408, 19.09032268164498]}, "properties": {"city": "mumbai", "lst_c": 41.31}}, {"type": "Feature", "geometry": {"type": "Point", "coordinates": [72.90704388031934, 19.09032268164498]}, "properties": {"city": "mumbai", "lst_c": 41.12}}, {"type": "Feature", "geometry": {"type": "Point", "coordinates": [72.91108629909787, 19.09032268164498]}, "properties": {"city": "mumbai", "lst_c": 43.94}}, {"type": "Feature", "geometry": {"type": "Point", "coordinates": [72.91512871787641, 19.09032268164498]}, "properties": {"city": "mumbai", "lst_c": 40.62}}, {"type": "Feature", "geometry": {"type": "Point", "coordinates": [72.91917113665495, 19.09032268164498]}, "properties": {"city": "mumbai", "lst_c": 38.91}}, {"type": "Feature", "geometry": {"type": "Point", "coordinates": [72.92321355543349, 19.09032268164498]}, "properties": {"city": "mumbai", "lst_c": 40.72}}, {"type": "Feature", "geometry": {"type": "Point", "coordinates": [72.92725597421203, 19.09032268164498]}, "properties": {"city": "mumbai", "lst_c": 37.86}}, {"type": "Feature", "geometry": {"type": "Point", "coordinates": [72.93129839299057, 19.09032268164498]}, "properties": {"city": "mumbai", "lst_c": 37.17}}, {"type": "Feature", "geometry": {"type": "Point", "coordinates": [72.93534081176911, 19.09032268164498]}, "properties": {"city": "mumbai", "lst_c": 36.36}}, {"type": "Feature", "geometry": {"type": "Point", "coordinates": [72.93938323054765, 19.09032268164498]}, "properties": {"city": "mumbai", "lst_c": 36.82}}, {"type": "Feature", "geometry": {"type": "Point", "coordinates": [72.94342564932617, 19.09032268164498]}, "properties": {"city": "mumbai", "lst_c": 34.25}}, {"type": "Feature", "geometry": {"type": "Point", "coordinates": [72.94746806810471, 19.09032268164498]}, "properties": {"city": "mumbai", "lst_c": 33.49}}, {"type": "Feature", "geometry": {"type": "Point", "coordinates": [72.80194099207735, 19.09436510042352]}, "properties": {"city": "mumbai", "lst_c": 29.87}}, {"type": "Feature", "geometry": {"type": "Point", "coordinates": [72.80598341085589, 19.09436510042352]}, "properties": {"city": "mumbai", "lst_c": 29.63}}, {"type": "Feature", "geometry": {"type": "Point", "coordinates": [72.81002582963443, 19.09436510042352]}, "properties": {"city": "mumbai", "lst_c": 29.71}}, {"type": "Feature", "geometry": {"type": "Point", "coordinates": [72.81406824841297, 19.09436510042352]}, "properties": {"city": "mumbai", "lst_c": 29.7}}, {"type": "Feature", "geometry": {"type": "Point", "coordinates": [72.8181106671915, 19.09436510042352]}, "properties": {"city": "mumbai", "lst_c": 30.29}}, {"type": "Feature", "geometry": {"type": "Point", "coordinates": [72.82215308597004, 19.09436510042352]}, "properties": {"city": "mumbai", "lst_c": 30.51}}, {"type": "Feature", "geometry": {"type": "Point", "coordinates": [72.82619550474858, 19.09436510042352]}, "properties": {"city": "mumbai", "lst_c": 34.01}}, {"type": "Feature", "geometry": {"type": "Point", "coordinates": [72.83023792352712, 19.09436510042352]}, "properties": {"city": "mumbai", "lst_c": 42.79}}, {"type": "Feature", "geometry": {"type": "Point", "coordinates": [72.83428034230566, 19.09436510042352]}, "properties": {"city": "mumbai", "lst_c": 44.97}}, {"type": "Feature", "geometry": {"type": "Point", "coordinates": [72.8383227610842, 19.09436510042352]}, "properties": {"city": "mumbai", "lst_c": 41.47}}, {"type": "Feature", "geometry": {"type": "Point", "coordinates": [72.84236517986274, 19.09436510042352]}, "properties": {"city": "mumbai", "lst_c": 41.08}}, {"type": "Feature", "geometry": {"type": "Point", "coordinates": [72.84640759864126, 19.09436510042352]}, "properties": {"city": "mumbai", "lst_c": 39.47}}, {"type": "Feature", "geometry": {"type": "Point", "coordinates": [72.8504500174198, 19.09436510042352]}, "properties": {"city": "mumbai", "lst_c": 42.04}}, {"type": "Feature", "geometry": {"type": "Point", "coordinates": [72.85449243619834, 19.09436510042352]}, "properties": {"city": "mumbai", "lst_c": 43.91}}, {"type": "Feature", "geometry": {"type": "Point", "coordinates": [72.85853485497688, 19.09436510042352]}, "properties": {"city": "mumbai", "lst_c": 49.17}}, {"type": "Feature", "geometry": {"type": "Point", "coordinates": [72.86257727375542, 19.09436510042352]}, "properties": {"city": "mumbai", "lst_c": 49.3}}, {"type": "Feature", "geometry": {"type": "Point", "coordinates": [72.86661969253396, 19.09436510042352]}, "properties": {"city": "mumbai", "lst_c": 49.88}}, {"type": "Feature", "geometry": {"type": "Point", "coordinates": [72.8706621113125, 19.09436510042352]}, "properties": {"city": "mumbai", "lst_c": 48.88}}, {"type": "Feature", "geometry": {"type": "Point", "coordinates": [72.87470453009104, 19.09436510042352]}, "properties": {"city": "mumbai", "lst_c": 48.41}}, {"type": "Feature", "geometry": {"type": "Point", "coordinates": [72.87874694886958, 19.09436510042352]}, "properties": {"city": "mumbai", "lst_c": 46.25}}, {"type": "Feature", "geometry": {"type": "Point", "coordinates": [72.88278936764812, 19.09436510042352]}, "properties": {"city": "mumbai", "lst_c": 45.08}}, {"type": "Feature", "geometry": {"type": "Point", "coordinates": [72.88683178642665, 19.09436510042352]}, "properties": {"city": "mumbai", "lst_c": 46.41}}, {"type": "Feature", "geometry": {"type": "Point", "coordinates": [72.8908742052052, 19.09436510042352]}, "properties": {"city": "mumbai", "lst_c": 45.84}}, {"type": "Feature", "geometry": {"type": "Point", "coordinates": [72.89491662398372, 19.09436510042352]}, "properties": {"city": "mumbai", "lst_c": 45.03}}, {"type": "Feature", "geometry": {"type": "Point", "coordinates": [72.89895904276226, 19.09436510042352]}, "properties": {"city": "mumbai", "lst_c": 44.38}}, {"type": "Feature", "geometry": {"type": "Point", "coordinates": [72.9030014615408, 19.09436510042352]}, "properties": {"city": "mumbai", "lst_c": 43.46}}, {"type": "Feature", "geometry": {"type": "Point", "coordinates": [72.90704388031934, 19.09436510042352]}, "properties": {"city": "mumbai", "lst_c": 43.62}}, {"type": "Feature", "geometry": {"type": "Point", "coordinates": [72.91108629909787, 19.09436510042352]}, "properties": {"city": "mumbai", "lst_c": 43.62}}, {"type": "Feature", "geometry": {"type": "Point", "coordinates": [72.91512871787641, 19.09436510042352]}, "properties": {"city": "mumbai", "lst_c": 41.64}}, {"type": "Feature", "geometry": {"type": "Point", "coordinates": [72.91917113665495, 19.09436510042352]}, "properties": {"city": "mumbai", "lst_c": 41.79}}, {"type": "Feature", "geometry": {"type": "Point", "coordinates": [72.92321355543349, 19.09436510042352]}, "properties": {"city": "mumbai", "lst_c": 40.71}}, {"type": "Feature", "geometry": {"type": "Point", "coordinates": [72.92725597421203, 19.09436510042352]}, "properties": {"city": "mumbai", "lst_c": 45.01}}, {"type": "Feature", "geometry": {"type": "Point", "coordinates": [72.93129839299057, 19.09436510042352]}, "properties": {"city": "mumbai", "lst_c": 39.91}}, {"type": "Feature", "geometry": {"type": "Point", "coordinates": [72.93534081176911, 19.09436510042352]}, "properties": {"city": "mumbai", "lst_c": 34.9}}, {"type": "Feature", "geometry": {"type": "Point", "coordinates": [72.93938323054765, 19.09436510042352]}, "properties": {"city": "mumbai", "lst_c": 33.29}}, {"type": "Feature", "geometry": {"type": "Point", "coordinates": [72.94342564932617, 19.09436510042352]}, "properties": {"city": "mumbai", "lst_c": 33.71}}, {"type": "Feature", "geometry": {"type": "Point", "coordinates": [72.94746806810471, 19.09436510042352]}, "properties": {"city": "mumbai", "lst_c": 32.1}}, {"type": "Feature", "geometry": {"type": "Point", "coordinates": [72.80194099207735, 19.09840751920206]}, "properties": {"city": "mumbai", "lst_c": 29.75}}, {"type": "Feature", "geometry": {"type": "Point", "coordinates": [72.80598341085589, 19.09840751920206]}, "properties": {"city": "mumbai", "lst_c": 29.86}}, {"type": "Feature", "geometry": {"type": "Point", "coordinates": [72.81002582963443, 19.09840751920206]}, "properties": {"city": "mumbai", "lst_c": 29.63}}, {"type": "Feature", "geometry": {"type": "Point", "coordinates": [72.81406824841297, 19.09840751920206]}, "properties": {"city": "mumbai", "lst_c": 29.71}}, {"type": "Feature", "geometry": {"type": "Point", "coordinates": [72.8181106671915, 19.09840751920206]}, "properties": {"city": "mumbai", "lst_c": 29.84}}, {"type": "Feature", "geometry": {"type": "Point", "coordinates": [72.82215308597004, 19.09840751920206]}, "properties": {"city": "mumbai", "lst_c": 29.77}}, {"type": "Feature", "geometry": {"type": "Point", "coordinates": [72.82619550474858, 19.09840751920206]}, "properties": {"city": "mumbai", "lst_c": 37.44}}, {"type": "Feature", "geometry": {"type": "Point", "coordinates": [72.83023792352712, 19.09840751920206]}, "properties": {"city": "mumbai", "lst_c": 36.69}}, {"type": "Feature", "geometry": {"type": "Point", "coordinates": [72.83428034230566, 19.09840751920206]}, "properties": {"city": "mumbai", "lst_c": 43.51}}, {"type": "Feature", "geometry": {"type": "Point", "coordinates": [72.8383227610842, 19.09840751920206]}, "properties": {"city": "mumbai", "lst_c": 45.06}}, {"type": "Feature", "geometry": {"type": "Point", "coordinates": [72.84236517986274, 19.09840751920206]}, "properties": {"city": "mumbai", "lst_c": 40.83}}, {"type": "Feature", "geometry": {"type": "Point", "coordinates": [72.84640759864126, 19.09840751920206]}, "properties": {"city": "mumbai", "lst_c": 39.5}}, {"type": "Feature", "geometry": {"type": "Point", "coordinates": [72.8504500174198, 19.09840751920206]}, "properties": {"city": "mumbai", "lst_c": 39.21}}, {"type": "Feature", "geometry": {"type": "Point", "coordinates": [72.85449243619834, 19.09840751920206]}, "properties": {"city": "mumbai", "lst_c": 43.26}}, {"type": "Feature", "geometry": {"type": "Point", "coordinates": [72.85853485497688, 19.09840751920206]}, "properties": {"city": "mumbai", "lst_c": 50.42}}, {"type": "Feature", "geometry": {"type": "Point", "coordinates": [72.86257727375542, 19.09840751920206]}, "properties": {"city": "mumbai", "lst_c": 46.26}}, {"type": "Feature", "geometry": {"type": "Point", "coordinates": [72.86661969253396, 19.09840751920206]}, "properties": {"city": "mumbai", "lst_c": 44.4}}, {"type": "Feature", "geometry": {"type": "Point", "coordinates": [72.8706621113125, 19.09840751920206]}, "properties": {"city": "mumbai", "lst_c": 45.64}}, {"type": "Feature", "geometry": {"type": "Point", "coordinates": [72.87470453009104, 19.09840751920206]}, "properties": {"city": "mumbai", "lst_c": 48.5}}, {"type": "Feature", "geometry": {"type": "Point", "coordinates": [72.87874694886958, 19.09840751920206]}, "properties": {"city": "mumbai", "lst_c": 43.0}}, {"type": "Feature", "geometry": {"type": "Point", "coordinates": [72.88278936764812, 19.09840751920206]}, "properties": {"city": "mumbai", "lst_c": 42.52}}, {"type": "Feature", "geometry": {"type": "Point", "coordinates": [72.88683178642665, 19.09840751920206]}, "properties": {"city": "mumbai", "lst_c": 46.0}}, {"type": "Feature", "geometry": {"type": "Point", "coordinates": [72.8908742052052, 19.09840751920206]}, "properties": {"city": "mumbai", "lst_c": 46.9}}, {"type": "Feature", "geometry": {"type": "Point", "coordinates": [72.89491662398372, 19.09840751920206]}, "properties": {"city": "mumbai", "lst_c": 47.94}}, {"type": "Feature", "geometry": {"type": "Point", "coordinates": [72.89895904276226, 19.09840751920206]}, "properties": {"city": "mumbai", "lst_c": 46.41}}, {"type": "Feature", "geometry": {"type": "Point", "coordinates": [72.9030014615408, 19.09840751920206]}, "properties": {"city": "mumbai", "lst_c": 44.47}}, {"type": "Feature", "geometry": {"type": "Point", "coordinates": [72.90704388031934, 19.09840751920206]}, "properties": {"city": "mumbai", "lst_c": 43.31}}, {"type": "Feature", "geometry": {"type": "Point", "coordinates": [72.91108629909787, 19.09840751920206]}, "properties": {"city": "mumbai", "lst_c": 44.86}}, {"type": "Feature", "geometry": {"type": "Point", "coordinates": [72.91512871787641, 19.09840751920206]}, "properties": {"city": "mumbai", "lst_c": 42.28}}, {"type": "Feature", "geometry": {"type": "Point", "coordinates": [72.91917113665495, 19.09840751920206]}, "properties": {"city": "mumbai", "lst_c": 39.23}}, {"type": "Feature", "geometry": {"type": "Point", "coordinates": [72.92321355543349, 19.09840751920206]}, "properties": {"city": "mumbai", "lst_c": 46.93}}, {"type": "Feature", "geometry": {"type": "Point", "coordinates": [72.92725597421203, 19.09840751920206]}, "properties": {"city": "mumbai", "lst_c": 44.81}}, {"type": "Feature", "geometry": {"type": "Point", "coordinates": [72.93129839299057, 19.09840751920206]}, "properties": {"city": "mumbai", "lst_c": 40.24}}, {"type": "Feature", "geometry": {"type": "Point", "coordinates": [72.93534081176911, 19.09840751920206]}, "properties": {"city": "mumbai", "lst_c": 37.06}}, {"type": "Feature", "geometry": {"type": "Point", "coordinates": [72.93938323054765, 19.09840751920206]}, "properties": {"city": "mumbai", "lst_c": 34.83}}, {"type": "Feature", "geometry": {"type": "Point", "coordinates": [72.94342564932617, 19.09840751920206]}, "properties": {"city": "mumbai", "lst_c": 34.5}}, {"type": "Feature", "geometry": {"type": "Point", "coordinates": [72.94746806810471, 19.09840751920206]}, "properties": {"city": "mumbai", "lst_c": 32.57}}, {"type": "Feature", "geometry": {"type": "Point", "coordinates": [72.80194099207735, 19.102449937980595]}, "properties": {"city": "mumbai", "lst_c": 29.95}}, {"type": "Feature", "geometry": {"type": "Point", "coordinates": [72.80598341085589, 19.102449937980595]}, "properties": {"city": "mumbai", "lst_c": 29.63}}, {"type": "Feature", "geometry": {"type": "Point", "coordinates": [72.81002582963443, 19.102449937980595]}, "properties": {"city": "mumbai", "lst_c": 29.95}}, {"type": "Feature", "geometry": {"type": "Point", "coordinates": [72.81406824841297, 19.102449937980595]}, "properties": {"city": "mumbai", "lst_c": 30.0}}, {"type": "Feature", "geometry": {"type": "Point", "coordinates": [72.8181106671915, 19.102449937980595]}, "properties": {"city": "mumbai", "lst_c": 29.79}}, {"type": "Feature", "geometry": {"type": "Point", "coordinates": [72.82215308597004, 19.102449937980595]}, "properties": {"city": "mumbai", "lst_c": 29.53}}, {"type": "Feature", "geometry": {"type": "Point", "coordinates": [72.82619550474858, 19.102449937980595]}, "properties": {"city": "mumbai", "lst_c": 39.01}}, {"type": "Feature", "geometry": {"type": "Point", "coordinates": [72.83023792352712, 19.102449937980595]}, "properties": {"city": "mumbai", "lst_c": 36.92}}, {"type": "Feature", "geometry": {"type": "Point", "coordinates": [72.83428034230566, 19.102449937980595]}, "properties": {"city": "mumbai", "lst_c": 41.97}}, {"type": "Feature", "geometry": {"type": "Point", "coordinates": [72.8383227610842, 19.102449937980595]}, "properties": {"city": "mumbai", "lst_c": 42.03}}, {"type": "Feature", "geometry": {"type": "Point", "coordinates": [72.84236517986274, 19.102449937980595]}, "properties": {"city": "mumbai", "lst_c": 39.82}}, {"type": "Feature", "geometry": {"type": "Point", "coordinates": [72.84640759864126, 19.102449937980595]}, "properties": {"city": "mumbai", "lst_c": 38.8}}, {"type": "Feature", "geometry": {"type": "Point", "coordinates": [72.8504500174198, 19.102449937980595]}, "properties": {"city": "mumbai", "lst_c": 38.91}}, {"type": "Feature", "geometry": {"type": "Point", "coordinates": [72.85449243619834, 19.102449937980595]}, "properties": {"city": "mumbai", "lst_c": 40.75}}, {"type": "Feature", "geometry": {"type": "Point", "coordinates": [72.85853485497688, 19.102449937980595]}, "properties": {"city": "mumbai", "lst_c": 42.97}}, {"type": "Feature", "geometry": {"type": "Point", "coordinates": [72.86257727375542, 19.102449937980595]}, "properties": {"city": "mumbai", "lst_c": 40.75}}, {"type": "Feature", "geometry": {"type": "Point", "coordinates": [72.86661969253396, 19.102449937980595]}, "properties": {"city": "mumbai", "lst_c": 44.06}}, {"type": "Feature", "geometry": {"type": "Point", "coordinates": [72.8706621113125, 19.102449937980595]}, "properties": {"city": "mumbai", "lst_c": 43.74}}, {"type": "Feature", "geometry": {"type": "Point", "coordinates": [72.87470453009104, 19.102449937980595]}, "properties": {"city": "mumbai", "lst_c": 44.08}}, {"type": "Feature", "geometry": {"type": "Point", "coordinates": [72.87874694886958, 19.102449937980595]}, "properties": {"city": "mumbai", "lst_c": 40.98}}, {"type": "Feature", "geometry": {"type": "Point", "coordinates": [72.88278936764812, 19.102449937980595]}, "properties": {"city": "mumbai", "lst_c": 42.51}}, {"type": "Feature", "geometry": {"type": "Point", "coordinates": [72.88683178642665, 19.102449937980595]}, "properties": {"city": "mumbai", "lst_c": 43.46}}, {"type": "Feature", "geometry": {"type": "Point", "coordinates": [72.8908742052052, 19.102449937980595]}, "properties": {"city": "mumbai", "lst_c": 46.87}}, {"type": "Feature", "geometry": {"type": "Point", "coordinates": [72.89491662398372, 19.102449937980595]}, "properties": {"city": "mumbai", "lst_c": 48.05}}, {"type": "Feature", "geometry": {"type": "Point", "coordinates": [72.89895904276226, 19.102449937980595]}, "properties": {"city": "mumbai", "lst_c": 46.34}}, {"type": "Feature", "geometry": {"type": "Point", "coordinates": [72.9030014615408, 19.102449937980595]}, "properties": {"city": "mumbai", "lst_c": 44.35}}, {"type": "Feature", "geometry": {"type": "Point", "coordinates": [72.90704388031934, 19.102449937980595]}, "properties": {"city": "mumbai", "lst_c": 42.73}}, {"type": "Feature", "geometry": {"type": "Point", "coordinates": [72.91108629909787, 19.102449937980595]}, "properties": {"city": "mumbai", "lst_c": 42.21}}, {"type": "Feature", "geometry": {"type": "Point", "coordinates": [72.91512871787641, 19.102449937980595]}, "properties": {"city": "mumbai", "lst_c": 44.24}}, {"type": "Feature", "geometry": {"type": "Point", "coordinates": [72.91917113665495, 19.102449937980595]}, "properties": {"city": "mumbai", "lst_c": 44.0}}, {"type": "Feature", "geometry": {"type": "Point", "coordinates": [72.92321355543349, 19.102449937980595]}, "properties": {"city": "mumbai", "lst_c": 44.59}}, {"type": "Feature", "geometry": {"type": "Point", "coordinates": [72.92725597421203, 19.102449937980595]}, "properties": {"city": "mumbai", "lst_c": 42.19}}, {"type": "Feature", "geometry": {"type": "Point", "coordinates": [72.93129839299057, 19.102449937980595]}, "properties": {"city": "mumbai", "lst_c": 41.21}}, {"type": "Feature", "geometry": {"type": "Point", "coordinates": [72.93534081176911, 19.102449937980595]}, "properties": {"city": "mumbai", "lst_c": 40.37}}, {"type": "Feature", "geometry": {"type": "Point", "coordinates": [72.93938323054765, 19.102449937980595]}, "properties": {"city": "mumbai", "lst_c": 36.91}}, {"type": "Feature", "geometry": {"type": "Point", "coordinates": [72.94342564932617, 19.102449937980595]}, "properties": {"city": "mumbai", "lst_c": 36.45}}, {"type": "Feature", "geometry": {"type": "Point", "coordinates": [72.94746806810471, 19.102449937980595]}, "properties": {"city": "mumbai", "lst_c": 37.03}}, {"type": "Feature", "geometry": {"type": "Point", "coordinates": [72.80194099207735, 19.106492356759134]}, "properties": {"city": "mumbai", "lst_c": 29.98}}, {"type": "Feature", "geometry": {"type": "Point", "coordinates": [72.80598341085589, 19.106492356759134]}, "properties": {"city": "mumbai", "lst_c": 29.98}}, {"type": "Feature", "geometry": {"type": "Point", "coordinates": [72.81002582963443, 19.106492356759134]}, "properties": {"city": "mumbai", "lst_c": 29.9}}, {"type": "Feature", "geometry": {"type": "Point", "coordinates": [72.81406824841297, 19.106492356759134]}, "properties": {"city": "mumbai", "lst_c": 29.93}}, {"type": "Feature", "geometry": {"type": "Point", "coordinates": [72.8181106671915, 19.106492356759134]}, "properties": {"city": "mumbai", "lst_c": 29.96}}, {"type": "Feature", "geometry": {"type": "Point", "coordinates": [72.82215308597004, 19.106492356759134]}, "properties": {"city": "mumbai", "lst_c": 30.34}}, {"type": "Feature", "geometry": {"type": "Point", "coordinates": [72.82619550474858, 19.106492356759134]}, "properties": {"city": "mumbai", "lst_c": 39.93}}, {"type": "Feature", "geometry": {"type": "Point", "coordinates": [72.83023792352712, 19.106492356759134]}, "properties": {"city": "mumbai", "lst_c": 38.5}}, {"type": "Feature", "geometry": {"type": "Point", "coordinates": [72.83428034230566, 19.106492356759134]}, "properties": {"city": "mumbai", "lst_c": 37.44}}, {"type": "Feature", "geometry": {"type": "Point", "coordinates": [72.8383227610842, 19.106492356759134]}, "properties": {"city": "mumbai", "lst_c": 40.06}}, {"type": "Feature", "geometry": {"type": "Point", "coordinates": [72.84236517986274, 19.106492356759134]}, "properties": {"city": "mumbai", "lst_c": 38.62}}, {"type": "Feature", "geometry": {"type": "Point", "coordinates": [72.84640759864126, 19.106492356759134]}, "properties": {"city": "mumbai", "lst_c": 39.87}}, {"type": "Feature", "geometry": {"type": "Point", "coordinates": [72.8504500174198, 19.106492356759134]}, "properties": {"city": "mumbai", "lst_c": 39.02}}, {"type": "Feature", "geometry": {"type": "Point", "coordinates": [72.85449243619834, 19.106492356759134]}, "properties": {"city": "mumbai", "lst_c": 41.33}}, {"type": "Feature", "geometry": {"type": "Point", "coordinates": [72.85853485497688, 19.106492356759134]}, "properties": {"city": "mumbai", "lst_c": 42.46}}, {"type": "Feature", "geometry": {"type": "Point", "coordinates": [72.86257727375542, 19.106492356759134]}, "properties": {"city": "mumbai", "lst_c": 40.64}}, {"type": "Feature", "geometry": {"type": "Point", "coordinates": [72.86661969253396, 19.106492356759134]}, "properties": {"city": "mumbai", "lst_c": 38.95}}, {"type": "Feature", "geometry": {"type": "Point", "coordinates": [72.8706621113125, 19.106492356759134]}, "properties": {"city": "mumbai", "lst_c": 44.41}}, {"type": "Feature", "geometry": {"type": "Point", "coordinates": [72.87470453009104, 19.106492356759134]}, "properties": {"city": "mumbai", "lst_c": 42.8}}, {"type": "Feature", "geometry": {"type": "Point", "coordinates": [72.87874694886958, 19.106492356759134]}, "properties": {"city": "mumbai", "lst_c": 45.2}}, {"type": "Feature", "geometry": {"type": "Point", "coordinates": [72.88278936764812, 19.106492356759134]}, "properties": {"city": "mumbai", "lst_c": 42.07}}, {"type": "Feature", "geometry": {"type": "Point", "coordinates": [72.88683178642665, 19.106492356759134]}, "properties": {"city": "mumbai", "lst_c": 41.71}}, {"type": "Feature", "geometry": {"type": "Point", "coordinates": [72.8908742052052, 19.106492356759134]}, "properties": {"city": "mumbai", "lst_c": 45.64}}, {"type": "Feature", "geometry": {"type": "Point", "coordinates": [72.89491662398372, 19.106492356759134]}, "properties": {"city": "mumbai", "lst_c": 45.96}}, {"type": "Feature", "geometry": {"type": "Point", "coordinates": [72.89895904276226, 19.106492356759134]}, "properties": {"city": "mumbai", "lst_c": 40.16}}, {"type": "Feature", "geometry": {"type": "Point", "coordinates": [72.9030014615408, 19.106492356759134]}, "properties": {"city": "mumbai", "lst_c": 41.84}}, {"type": "Feature", "geometry": {"type": "Point", "coordinates": [72.90704388031934, 19.106492356759134]}, "properties": {"city": "mumbai", "lst_c": 41.36}}, {"type": "Feature", "geometry": {"type": "Point", "coordinates": [72.91108629909787, 19.106492356759134]}, "properties": {"city": "mumbai", "lst_c": 45.38}}, {"type": "Feature", "geometry": {"type": "Point", "coordinates": [72.91512871787641, 19.106492356759134]}, "properties": {"city": "mumbai", "lst_c": 44.87}}, {"type": "Feature", "geometry": {"type": "Point", "coordinates": [72.91917113665495, 19.106492356759134]}, "properties": {"city": "mumbai", "lst_c": 38.43}}, {"type": "Feature", "geometry": {"type": "Point", "coordinates": [72.92321355543349, 19.106492356759134]}, "properties": {"city": "mumbai", "lst_c": 43.25}}, {"type": "Feature", "geometry": {"type": "Point", "coordinates": [72.92725597421203, 19.106492356759134]}, "properties": {"city": "mumbai", "lst_c": 43.4}}, {"type": "Feature", "geometry": {"type": "Point", "coordinates": [72.93129839299057, 19.106492356759134]}, "properties": {"city": "mumbai", "lst_c": 43.34}}, {"type": "Feature", "geometry": {"type": "Point", "coordinates": [72.93534081176911, 19.106492356759134]}, "properties": {"city": "mumbai", "lst_c": 41.49}}, {"type": "Feature", "geometry": {"type": "Point", "coordinates": [72.93938323054765, 19.106492356759134]}, "properties": {"city": "mumbai", "lst_c": 40.07}}, {"type": "Feature", "geometry": {"type": "Point", "coordinates": [72.94342564932617, 19.106492356759134]}, "properties": {"city": "mumbai", "lst_c": 37.84}}, {"type": "Feature", "geometry": {"type": "Point", "coordinates": [72.94746806810471, 19.106492356759134]}, "properties": {"city": "mumbai", "lst_c": 34.12}}, {"type": "Feature", "geometry": {"type": "Point", "coordinates": [72.80194099207735, 19.110534775537673]}, "properties": {"city": "mumbai", "lst_c": 30.18}}, {"type": "Feature", "geometry": {"type": "Point", "coordinates": [72.80598341085589, 19.110534775537673]}, "properties": {"city": "mumbai", "lst_c": 29.97}}, {"type": "Feature", "geometry": {"type": "Point", "coordinates": [72.81002582963443, 19.110534775537673]}, "properties": {"city": "mumbai", "lst_c": 29.87}}, {"type": "Feature", "geometry": {"type": "Point", "coordinates": [72.81406824841297, 19.110534775537673]}, "properties": {"city": "mumbai", "lst_c": 29.91}}, {"type": "Feature", "geometry": {"type": "Point", "coordinates": [72.8181106671915, 19.110534775537673]}, "properties": {"city": "mumbai", "lst_c": 30.2}}, {"type": "Feature", "geometry": {"type": "Point", "coordinates": [72.82215308597004, 19.110534775537673]}, "properties": {"city": "mumbai", "lst_c": 32.28}}, {"type": "Feature", "geometry": {"type": "Point", "coordinates": [72.82619550474858, 19.110534775537673]}, "properties": {"city": "mumbai", "lst_c": 39.88}}, {"type": "Feature", "geometry": {"type": "Point", "coordinates": [72.83023792352712, 19.110534775537673]}, "properties": {"city": "mumbai", "lst_c": 37.41}}, {"type": "Feature", "geometry": {"type": "Point", "coordinates": [72.83428034230566, 19.110534775537673]}, "properties": {"city": "mumbai", "lst_c": 38.24}}, {"type": "Feature", "geometry": {"type": "Point", "coordinates": [72.8383227610842, 19.110534775537673]}, "properties": {"city": "mumbai", "lst_c": 39.65}}, {"type": "Feature", "geometry": {"type": "Point", "coordinates": [72.84236517986274, 19.110534775537673]}, "properties": {"city": "mumbai", "lst_c": 38.87}}, {"type": "Feature", "geometry": {"type": "Point", "coordinates": [72.84640759864126, 19.110534775537673]}, "properties": {"city": "mumbai", "lst_c": 40.29}}, {"type": "Feature", "geometry": {"type": "Point", "coordinates": [72.8504500174198, 19.110534775537673]}, "properties": {"city": "mumbai", "lst_c": 41.05}}, {"type": "Feature", "geometry": {"type": "Point", "coordinates": [72.85449243619834, 19.110534775537673]}, "properties": {"city": "mumbai", "lst_c": 40.44}}, {"type": "Feature", "geometry": {"type": "Point", "coordinates": [72.85853485497688, 19.110534775537673]}, "properties": {"city": "mumbai", "lst_c": 43.19}}, {"type": "Feature", "geometry": {"type": "Point", "coordinates": [72.86257727375542, 19.110534775537673]}, "properties": {"city": "mumbai", "lst_c": 40.46}}, {"type": "Feature", "geometry": {"type": "Point", "coordinates": [72.86661969253396, 19.110534775537673]}, "properties": {"city": "mumbai", "lst_c": 38.87}}, {"type": "Feature", "geometry": {"type": "Point", "coordinates": [72.8706621113125, 19.110534775537673]}, "properties": {"city": "mumbai", "lst_c": 42.97}}, {"type": "Feature", "geometry": {"type": "Point", "coordinates": [72.87470453009104, 19.110534775537673]}, "properties": {"city": "mumbai", "lst_c": 41.2}}, {"type": "Feature", "geometry": {"type": "Point", "coordinates": [72.87874694886958, 19.110534775537673]}, "properties": {"city": "mumbai", "lst_c": 41.68}}, {"type": "Feature", "geometry": {"type": "Point", "coordinates": [72.88278936764812, 19.110534775537673]}, "properties": {"city": "mumbai", "lst_c": 40.95}}, {"type": "Feature", "geometry": {"type": "Point", "coordinates": [72.88683178642665, 19.110534775537673]}, "properties": {"city": "mumbai", "lst_c": 41.09}}, {"type": "Feature", "geometry": {"type": "Point", "coordinates": [72.8908742052052, 19.110534775537673]}, "properties": {"city": "mumbai", "lst_c": 44.76}}, {"type": "Feature", "geometry": {"type": "Point", "coordinates": [72.89491662398372, 19.110534775537673]}, "properties": {"city": "mumbai", "lst_c": 45.15}}, {"type": "Feature", "geometry": {"type": "Point", "coordinates": [72.89895904276226, 19.110534775537673]}, "properties": {"city": "mumbai", "lst_c": 41.08}}, {"type": "Feature", "geometry": {"type": "Point", "coordinates": [72.9030014615408, 19.110534775537673]}, "properties": {"city": "mumbai", "lst_c": 42.04}}, {"type": "Feature", "geometry": {"type": "Point", "coordinates": [72.90704388031934, 19.110534775537673]}, "properties": {"city": "mumbai", "lst_c": 41.08}}, {"type": "Feature", "geometry": {"type": "Point", "coordinates": [72.91108629909787, 19.110534775537673]}, "properties": {"city": "mumbai", "lst_c": 41.14}}, {"type": "Feature", "geometry": {"type": "Point", "coordinates": [72.91512871787641, 19.110534775537673]}, "properties": {"city": "mumbai", "lst_c": 48.17}}, {"type": "Feature", "geometry": {"type": "Point", "coordinates": [72.91917113665495, 19.110534775537673]}, "properties": {"city": "mumbai", "lst_c": 42.55}}, {"type": "Feature", "geometry": {"type": "Point", "coordinates": [72.92321355543349, 19.110534775537673]}, "properties": {"city": "mumbai", "lst_c": 43.87}}, {"type": "Feature", "geometry": {"type": "Point", "coordinates": [72.92725597421203, 19.110534775537673]}, "properties": {"city": "mumbai", "lst_c": 42.22}}, {"type": "Feature", "geometry": {"type": "Point", "coordinates": [72.93129839299057, 19.110534775537673]}, "properties": {"city": "mumbai", "lst_c": 41.82}}, {"type": "Feature", "geometry": {"type": "Point", "coordinates": [72.93534081176911, 19.110534775537673]}, "properties": {"city": "mumbai", "lst_c": 44.76}}, {"type": "Feature", "geometry": {"type": "Point", "coordinates": [72.93938323054765, 19.110534775537673]}, "properties": {"city": "mumbai", "lst_c": 43.11}}, {"type": "Feature", "geometry": {"type": "Point", "coordinates": [72.94342564932617, 19.110534775537673]}, "properties": {"city": "mumbai", "lst_c": 36.12}}, {"type": "Feature", "geometry": {"type": "Point", "coordinates": [72.94746806810471, 19.110534775537673]}, "properties": {"city": "mumbai", "lst_c": 33.49}}, {"type": "Feature", "geometry": {"type": "Point", "coordinates": [72.80194099207735, 19.114577194316208]}, "properties": {"city": "mumbai", "lst_c": 30.03}}, {"type": "Feature", "geometry": {"type": "Point", "coordinates": [72.80598341085589, 19.114577194316208]}, "properties": {"city": "mumbai", "lst_c": 30.1}}, {"type": "Feature", "geometry": {"type": "Point", "coordinates": [72.81002582963443, 19.114577194316208]}, "properties": {"city": "mumbai", "lst_c": 30.12}}, {"type": "Feature", "geometry": {"type": "Point", "coordinates": [72.81406824841297, 19.114577194316208]}, "properties": {"city": "mumbai", "lst_c": 30.16}}, {"type": "Feature", "geometry": {"type": "Point", "coordinates": [72.8181106671915, 19.114577194316208]}, "properties": {"city": "mumbai", "lst_c": 30.37}}, {"type": "Feature", "geometry": {"type": "Point", "coordinates": [72.82215308597004, 19.114577194316208]}, "properties": {"city": "mumbai", "lst_c": 34.82}}, {"type": "Feature", "geometry": {"type": "Point", "coordinates": [72.82619550474858, 19.114577194316208]}, "properties": {"city": "mumbai", "lst_c": 39.72}}, {"type": "Feature", "geometry": {"type": "Point", "coordinates": [72.83023792352712, 19.114577194316208]}, "properties": {"city": "mumbai", "lst_c": 38.31}}, {"type": "Feature", "geometry": {"type": "Point", "coordinates": [72.83428034230566, 19.114577194316208]}, "properties": {"city": "mumbai", "lst_c": 38.68}}, {"type": "Feature", "geometry": {"type": "Point", "coordinates": [72.8383227610842, 19.114577194316208]}, "properties": {"city": "mumbai", "lst_c": 40.95}}, {"type": "Feature", "geometry": {"type": "Point", "coordinates": [72.84236517986274, 19.114577194316208]}, "properties": {"city": "mumbai", "lst_c": 39.63}}, {"type": "Feature", "geometry": {"type": "Point", "coordinates": [72.84640759864126, 19.114577194316208]}, "properties": {"city": "mumbai", "lst_c": 40.57}}, {"type": "Feature", "geometry": {"type": "Point", "coordinates": [72.8504500174198, 19.114577194316208]}, "properties": {"city": "mumbai", "lst_c": 40.91}}, {"type": "Feature", "geometry": {"type": "Point", "coordinates": [72.85449243619834, 19.114577194316208]}, "properties": {"city": "mumbai", "lst_c": 40.54}}, {"type": "Feature", "geometry": {"type": "Point", "coordinates": [72.85853485497688, 19.114577194316208]}, "properties": {"city": "mumbai", "lst_c": 40.33}}, {"type": "Feature", "geometry": {"type": "Point", "coordinates": [72.86257727375542, 19.114577194316208]}, "properties": {"city": "mumbai", "lst_c": 40.76}}, {"type": "Feature", "geometry": {"type": "Point", "coordinates": [72.86661969253396, 19.114577194316208]}, "properties": {"city": "mumbai", "lst_c": 41.79}}, {"type": "Feature", "geometry": {"type": "Point", "coordinates": [72.8706621113125, 19.114577194316208]}, "properties": {"city": "mumbai", "lst_c": 40.85}}, {"type": "Feature", "geometry": {"type": "Point", "coordinates": [72.87470453009104, 19.114577194316208]}, "properties": {"city": "mumbai", "lst_c": 41.52}}, {"type": "Feature", "geometry": {"type": "Point", "coordinates": [72.87874694886958, 19.114577194316208]}, "properties": {"city": "mumbai", "lst_c": 43.7}}, {"type": "Feature", "geometry": {"type": "Point", "coordinates": [72.88278936764812, 19.114577194316208]}, "properties": {"city": "mumbai", "lst_c": 40.5}}, {"type": "Feature", "geometry": {"type": "Point", "coordinates": [72.88683178642665, 19.114577194316208]}, "properties": {"city": "mumbai", "lst_c": 40.25}}, {"type": "Feature", "geometry": {"type": "Point", "coordinates": [72.8908742052052, 19.114577194316208]}, "properties": {"city": "mumbai", "lst_c": 40.27}}, {"type": "Feature", "geometry": {"type": "Point", "coordinates": [72.89491662398372, 19.114577194316208]}, "properties": {"city": "mumbai", "lst_c": 40.81}}, {"type": "Feature", "geometry": {"type": "Point", "coordinates": [72.89895904276226, 19.114577194316208]}, "properties": {"city": "mumbai", "lst_c": 40.85}}, {"type": "Feature", "geometry": {"type": "Point", "coordinates": [72.9030014615408, 19.114577194316208]}, "properties": {"city": "mumbai", "lst_c": 40.17}}, {"type": "Feature", "geometry": {"type": "Point", "coordinates": [72.90704388031934, 19.114577194316208]}, "properties": {"city": "mumbai", "lst_c": 38.64}}, {"type": "Feature", "geometry": {"type": "Point", "coordinates": [72.91108629909787, 19.114577194316208]}, "properties": {"city": "mumbai", "lst_c": 38.53}}, {"type": "Feature", "geometry": {"type": "Point", "coordinates": [72.91512871787641, 19.114577194316208]}, "properties": {"city": "mumbai", "lst_c": 42.25}}, {"type": "Feature", "geometry": {"type": "Point", "coordinates": [72.91917113665495, 19.114577194316208]}, "properties": {"city": "mumbai", "lst_c": 43.34}}, {"type": "Feature", "geometry": {"type": "Point", "coordinates": [72.92321355543349, 19.114577194316208]}, "properties": {"city": "mumbai", "lst_c": 45.37}}, {"type": "Feature", "geometry": {"type": "Point", "coordinates": [72.92725597421203, 19.114577194316208]}, "properties": {"city": "mumbai", "lst_c": 42.53}}, {"type": "Feature", "geometry": {"type": "Point", "coordinates": [72.93129839299057, 19.114577194316208]}, "properties": {"city": "mumbai", "lst_c": 46.02}}, {"type": "Feature", "geometry": {"type": "Point", "coordinates": [72.93534081176911, 19.114577194316208]}, "properties": {"city": "mumbai", "lst_c": 40.52}}, {"type": "Feature", "geometry": {"type": "Point", "coordinates": [72.93938323054765, 19.114577194316208]}, "properties": {"city": "mumbai", "lst_c": 40.46}}, {"type": "Feature", "geometry": {"type": "Point", "coordinates": [72.94342564932617, 19.114577194316208]}, "properties": {"city": "mumbai", "lst_c": 42.1}}, {"type": "Feature", "geometry": {"type": "Point", "coordinates": [72.94746806810471, 19.114577194316208]}, "properties": {"city": "mumbai", "lst_c": 33.89}}, {"type": "Feature", "geometry": {"type": "Point", "coordinates": [72.80194099207735, 19.118619613094747]}, "properties": {"city": "mumbai", "lst_c": 30.09}}, {"type": "Feature", "geometry": {"type": "Point", "coordinates": [72.80598341085589, 19.118619613094747]}, "properties": {"city": "mumbai", "lst_c": 29.99}}, {"type": "Feature", "geometry": {"type": "Point", "coordinates": [72.81002582963443, 19.118619613094747]}, "properties": {"city": "mumbai", "lst_c": 29.93}}, {"type": "Feature", "geometry": {"type": "Point", "coordinates": [72.81406824841297, 19.118619613094747]}, "properties": {"city": "mumbai", "lst_c": 30.31}}, {"type": "Feature", "geometry": {"type": "Point", "coordinates": [72.8181106671915, 19.118619613094747]}, "properties": {"city": "mumbai", "lst_c": 32.32}}, {"type": "Feature", "geometry": {"type": "Point", "coordinates": [72.82215308597004, 19.118619613094747]}, "properties": {"city": "mumbai", "lst_c": 41.05}}, {"type": "Feature", "geometry": {"type": "Point", "coordinates": [72.82619550474858, 19.118619613094747]}, "properties": {"city": "mumbai", "lst_c": 40.98}}, {"type": "Feature", "geometry": {"type": "Point", "coordinates": [72.83023792352712, 19.118619613094747]}, "properties": {"city": "mumbai", "lst_c": 42.27}}, {"type": "Feature", "geometry": {"type": "Point", "coordinates": [72.83428034230566, 19.118619613094747]}, "properties": {"city": "mumbai", "lst_c": 43.66}}, {"type": "Feature", "geometry": {"type": "Point", "coordinates": [72.8383227610842, 19.118619613094747]}, "properties": {"city": "mumbai", "lst_c": 43.52}}, {"type": "Feature", "geometry": {"type": "Point", "coordinates": [72.84236517986274, 19.118619613094747]}, "properties": {"city": "mumbai", "lst_c": 39.67}}, {"type": "Feature", "geometry": {"type": "Point", "coordinates": [72.84640759864126, 19.118619613094747]}, "properties": {"city": "mumbai", "lst_c": 41.7}}, {"type": "Feature", "geometry": {"type": "Point", "coordinates": [72.8504500174198, 19.118619613094747]}, "properties": {"city": "mumbai", "lst_c": 38.84}}, {"type": "Feature", "geometry": {"type": "Point", "coordinates": [72.85449243619834, 19.118619613094747]}, "properties": {"city": "mumbai", "lst_c": 40.34}}, {"type": "Feature", "geometry": {"type": "Point", "coordinates": [72.85853485497688, 19.118619613094747]}, "properties": {"city": "mumbai", "lst_c": 40.4}}, {"type": "Feature", "geometry": {"type": "Point", "coordinates": [72.86257727375542, 19.118619613094747]}, "properties": {"city": "mumbai", "lst_c": 41.78}}, {"type": "Feature", "geometry": {"type": "Point", "coordinates": [72.86661969253396, 19.118619613094747]}, "properties": {"city": "mumbai", "lst_c": 41.69}}, {"type": "Feature", "geometry": {"type": "Point", "coordinates": [72.8706621113125, 19.118619613094747]}, "properties": {"city": "mumbai", "lst_c": 40.63}}, {"type": "Feature", "geometry": {"type": "Point", "coordinates": [72.87470453009104, 19.118619613094747]}, "properties": {"city": "mumbai", "lst_c": 40.98}}, {"type": "Feature", "geometry": {"type": "Point", "coordinates": [72.87874694886958, 19.118619613094747]}, "properties": {"city": "mumbai", "lst_c": 42.46}}, {"type": "Feature", "geometry": {"type": "Point", "coordinates": [72.88278936764812, 19.118619613094747]}, "properties": {"city": "mumbai", "lst_c": 39.68}}, {"type": "Feature", "geometry": {"type": "Point", "coordinates": [72.88683178642665, 19.118619613094747]}, "properties": {"city": "mumbai", "lst_c": 41.01}}, {"type": "Feature", "geometry": {"type": "Point", "coordinates": [72.8908742052052, 19.118619613094747]}, "properties": {"city": "mumbai", "lst_c": 42.86}}, {"type": "Feature", "geometry": {"type": "Point", "coordinates": [72.89491662398372, 19.118619613094747]}, "properties": {"city": "mumbai", "lst_c": 39.46}}, {"type": "Feature", "geometry": {"type": "Point", "coordinates": [72.89895904276226, 19.118619613094747]}, "properties": {"city": "mumbai", "lst_c": 38.78}}, {"type": "Feature", "geometry": {"type": "Point", "coordinates": [72.9030014615408, 19.118619613094747]}, "properties": {"city": "mumbai", "lst_c": 37.49}}, {"type": "Feature", "geometry": {"type": "Point", "coordinates": [72.90704388031934, 19.118619613094747]}, "properties": {"city": "mumbai", "lst_c": 37.04}}, {"type": "Feature", "geometry": {"type": "Point", "coordinates": [72.91108629909787, 19.118619613094747]}, "properties": {"city": "mumbai", "lst_c": 38.36}}, {"type": "Feature", "geometry": {"type": "Point", "coordinates": [72.91512871787641, 19.118619613094747]}, "properties": {"city": "mumbai", "lst_c": 40.35}}, {"type": "Feature", "geometry": {"type": "Point", "coordinates": [72.91917113665495, 19.118619613094747]}, "properties": {"city": "mumbai", "lst_c": 43.15}}, {"type": "Feature", "geometry": {"type": "Point", "coordinates": [72.92321355543349, 19.118619613094747]}, "properties": {"city": "mumbai", "lst_c": 46.8}}, {"type": "Feature", "geometry": {"type": "Point", "coordinates": [72.92725597421203, 19.118619613094747]}, "properties": {"city": "mumbai", "lst_c": 41.63}}, {"type": "Feature", "geometry": {"type": "Point", "coordinates": [72.93129839299057, 19.118619613094747]}, "properties": {"city": "mumbai", "lst_c": 46.74}}, {"type": "Feature", "geometry": {"type": "Point", "coordinates": [72.93534081176911, 19.118619613094747]}, "properties": {"city": "mumbai", "lst_c": 42.89}}, {"type": "Feature", "geometry": {"type": "Point", "coordinates": [72.93938323054765, 19.118619613094747]}, "properties": {"city": "mumbai", "lst_c": 39.71}}, {"type": "Feature", "geometry": {"type": "Point", "coordinates": [72.94342564932617, 19.118619613094747]}, "properties": {"city": "mumbai", "lst_c": 39.8}}, {"type": "Feature", "geometry": {"type": "Point", "coordinates": [72.94746806810471, 19.118619613094747]}, "properties": {"city": "mumbai", "lst_c": 34.91}}, {"type": "Feature", "geometry": {"type": "Point", "coordinates": [72.80194099207735, 19.122662031873286]}, "properties": {"city": "mumbai", "lst_c": 30.11}}, {"type": "Feature", "geometry": {"type": "Point", "coordinates": [72.80598341085589, 19.122662031873286]}, "properties": {"city": "mumbai", "lst_c": 29.86}}, {"type": "Feature", "geometry": {"type": "Point", "coordinates": [72.81002582963443, 19.122662031873286]}, "properties": {"city": "mumbai", "lst_c": 29.78}}, {"type": "Feature", "geometry": {"type": "Point", "coordinates": [72.81406824841297, 19.122662031873286]}, "properties": {"city": "mumbai", "lst_c": 30.24}}, {"type": "Feature", "geometry": {"type": "Point", "coordinates": [72.8181106671915, 19.122662031873286]}, "properties": {"city": "mumbai", "lst_c": 39.87}}, {"type": "Feature", "geometry": {"type": "Point", "coordinates": [72.82215308597004, 19.122662031873286]}, "properties": {"city": "mumbai", "lst_c": 37.31}}, {"type": "Feature", "geometry": {"type": "Point", "coordinates": [72.82619550474858, 19.122662031873286]}, "properties": {"city": "mumbai", "lst_c": 38.59}}, {"type": "Feature", "geometry": {"type": "Point", "coordinates": [72.83023792352712, 19.122662031873286]}, "properties": {"city": "mumbai", "lst_c": 39.32}}, {"type": "Feature", "geometry": {"type": "Point", "coordinates": [72.83428034230566, 19.122662031873286]}, "properties": {"city": "mumbai", "lst_c": 42.32}}, {"type": "Feature", "geometry": {"type": "Point", "coordinates": [72.8383227610842, 19.122662031873286]}, "properties": {"city": "mumbai", "lst_c": 40.55}}, {"type": "Feature", "geometry": {"type": "Point", "coordinates": [72.84236517986274, 19.122662031873286]}, "properties": {"city": "mumbai", "lst_c": 42.72}}, {"type": "Feature", "geometry": {"type": "Point", "coordinates": [72.84640759864126, 19.122662031873286]}, "properties": {"city": "mumbai", "lst_c": 42.8}}, {"type": "Feature", "geometry": {"type": "Point", "coordinates": [72.8504500174198, 19.122662031873286]}, "properties": {"city": "mumbai", "lst_c": 40.36}}, {"type": "Feature", "geometry": {"type": "Point", "coordinates": [72.85449243619834, 19.122662031873286]}, "properties": {"city": "mumbai", "lst_c": 42.91}}, {"type": "Feature", "geometry": {"type": "Point", "coordinates": [72.85853485497688, 19.122662031873286]}, "properties": {"city": "mumbai", "lst_c": 42.81}}, {"type": "Feature", "geometry": {"type": "Point", "coordinates": [72.86257727375542, 19.122662031873286]}, "properties": {"city": "mumbai", "lst_c": 40.81}}, {"type": "Feature", "geometry": {"type": "Point", "coordinates": [72.86661969253396, 19.122662031873286]}, "properties": {"city": "mumbai", "lst_c": 38.53}}, {"type": "Feature", "geometry": {"type": "Point", "coordinates": [72.8706621113125, 19.122662031873286]}, "properties": {"city": "mumbai", "lst_c": 39.86}}, {"type": "Feature", "geometry": {"type": "Point", "coordinates": [72.87470453009104, 19.122662031873286]}, "properties": {"city": "mumbai", "lst_c": 38.77}}, {"type": "Feature", "geometry": {"type": "Point", "coordinates": [72.87874694886958, 19.122662031873286]}, "properties": {"city": "mumbai", "lst_c": 39.28}}, {"type": "Feature", "geometry": {"type": "Point", "coordinates": [72.88278936764812, 19.122662031873286]}, "properties": {"city": "mumbai", "lst_c": 39.02}}, {"type": "Feature", "geometry": {"type": "Point", "coordinates": [72.88683178642665, 19.122662031873286]}, "properties": {"city": "mumbai", "lst_c": 39.79}}, {"type": "Feature", "geometry": {"type": "Point", "coordinates": [72.8908742052052, 19.122662031873286]}, "properties": {"city": "mumbai", "lst_c": 42.44}}, {"type": "Feature", "geometry": {"type": "Point", "coordinates": [72.89491662398372, 19.122662031873286]}, "properties": {"city": "mumbai", "lst_c": 39.23}}, {"type": "Feature", "geometry": {"type": "Point", "coordinates": [72.89895904276226, 19.122662031873286]}, "properties": {"city": "mumbai", "lst_c": 36.92}}, {"type": "Feature", "geometry": {"type": "Point", "coordinates": [72.9030014615408, 19.122662031873286]}, "properties": {"city": "mumbai", "lst_c": 31.57}}, {"type": "Feature", "geometry": {"type": "Point", "coordinates": [72.90704388031934, 19.122662031873286]}, "properties": {"city": "mumbai", "lst_c": 36.79}}, {"type": "Feature", "geometry": {"type": "Point", "coordinates": [72.91108629909787, 19.122662031873286]}, "properties": {"city": "mumbai", "lst_c": 41.51}}, {"type": "Feature", "geometry": {"type": "Point", "coordinates": [72.91512871787641, 19.122662031873286]}, "properties": {"city": "mumbai", "lst_c": 39.78}}, {"type": "Feature", "geometry": {"type": "Point", "coordinates": [72.91917113665495, 19.122662031873286]}, "properties": {"city": "mumbai", "lst_c": 43.57}}, {"type": "Feature", "geometry": {"type": "Point", "coordinates": [72.92321355543349, 19.122662031873286]}, "properties": {"city": "mumbai", "lst_c": 45.91}}, {"type": "Feature", "geometry": {"type": "Point", "coordinates": [72.92725597421203, 19.122662031873286]}, "properties": {"city": "mumbai", "lst_c": 43.21}}, {"type": "Feature", "geometry": {"type": "Point", "coordinates": [72.93129839299057, 19.122662031873286]}, "properties": {"city": "mumbai", "lst_c": 44.11}}, {"type": "Feature", "geometry": {"type": "Point", "coordinates": [72.93534081176911, 19.122662031873286]}, "properties": {"city": "mumbai", "lst_c": 42.12}}, {"type": "Feature", "geometry": {"type": "Point", "coordinates": [72.93938323054765, 19.122662031873286]}, "properties": {"city": "mumbai", "lst_c": 37.57}}, {"type": "Feature", "geometry": {"type": "Point", "coordinates": [72.94342564932617, 19.122662031873286]}, "properties": {"city": "mumbai", "lst_c": 38.1}}, {"type": "Feature", "geometry": {"type": "Point", "coordinates": [72.94746806810471, 19.122662031873286]}, "properties": {"city": "mumbai", "lst_c": 41.21}}, {"type": "Feature", "geometry": {"type": "Point", "coordinates": [72.80194099207735, 19.126704450651822]}, "properties": {"city": "mumbai", "lst_c": 30.12}}, {"type": "Feature", "geometry": {"type": "Point", "coordinates": [72.80598341085589, 19.126704450651822]}, "properties": {"city": "mumbai", "lst_c": 30.0}}, {"type": "Feature", "geometry": {"type": "Point", "coordinates": [72.81002582963443, 19.126704450651822]}, "properties": {"city": "mumbai", "lst_c": 30.1}}, {"type": "Feature", "geometry": {"type": "Point", "coordinates": [72.81406824841297, 19.126704450651822]}, "properties": {"city": "mumbai", "lst_c": 33.62}}, {"type": "Feature", "geometry": {"type": "Point", "coordinates": [72.8181106671915, 19.126704450651822]}, "properties": {"city": "mumbai", "lst_c": 36.59}}, {"type": "Feature", "geometry": {"type": "Point", "coordinates": [72.82215308597004, 19.126704450651822]}, "properties": {"city": "mumbai", "lst_c": 38.56}}, {"type": "Feature", "geometry": {"type": "Point", "coordinates": [72.82619550474858, 19.126704450651822]}, "properties": {"city": "mumbai", "lst_c": 40.49}}, {"type": "Feature", "geometry": {"type": "Point", "coordinates": [72.83023792352712, 19.126704450651822]}, "properties": {"city": "mumbai", "lst_c": 39.97}}, {"type": "Feature", "geometry": {"type": "Point", "coordinates": [72.83428034230566, 19.126704450651822]}, "properties": {"city": "mumbai", "lst_c": 43.04}}, {"type": "Feature", "geometry": {"type": "Point", "coordinates": [72.8383227610842, 19.126704450651822]}, "properties": {"city": "mumbai", "lst_c": 41.62}}, {"type": "Feature", "geometry": {"type": "Point", "coordinates": [72.84236517986274, 19.126704450651822]}, "properties": {"city": "mumbai", "lst_c": 42.26}}, {"type": "Feature", "geometry": {"type": "Point", "coordinates": [72.84640759864126, 19.126704450651822]}, "properties": {"city": "mumbai", "lst_c": 41.34}}, {"type": "Feature", "geometry": {"type": "Point", "coordinates": [72.8504500174198, 19.126704450651822]}, "properties": {"city": "mumbai", "lst_c": 44.66}}, {"type": "Feature", "geometry": {"type": "Point", "coordinates": [72.85449243619834, 19.126704450651822]}, "properties": {"city": "mumbai", "lst_c": 42.14}}, {"type": "Feature", "geometry": {"type": "Point", "coordinates": [72.85853485497688, 19.126704450651822]}, "properties": {"city": "mumbai", "lst_c": 41.86}}, {"type": "Feature", "geometry": {"type": "Point", "coordinates": [72.86257727375542, 19.126704450651822]}, "properties": {"city": "mumbai", "lst_c": 39.83}}, {"type": "Feature", "geometry": {"type": "Point", "coordinates": [72.86661969253396, 19.126704450651822]}, "properties": {"city": "mumbai", "lst_c": 40.66}}, {"type": "Feature", "geometry": {"type": "Point", "coordinates": [72.8706621113125, 19.126704450651822]}, "properties": {"city": "mumbai", "lst_c": 44.48}}, {"type": "Feature", "geometry": {"type": "Point", "coordinates": [72.87470453009104, 19.126704450651822]}, "properties": {"city": "mumbai", "lst_c": 40.83}}, {"type": "Feature", "geometry": {"type": "Point", "coordinates": [72.87874694886958, 19.126704450651822]}, "properties": {"city": "mumbai", "lst_c": 40.95}}, {"type": "Feature", "geometry": {"type": "Point", "coordinates": [72.88278936764812, 19.126704450651822]}, "properties": {"city": "mumbai", "lst_c": 39.74}}, {"type": "Feature", "geometry": {"type": "Point", "coordinates": [72.88683178642665, 19.126704450651822]}, "properties": {"city": "mumbai", "lst_c": 42.88}}, {"type": "Feature", "geometry": {"type": "Point", "coordinates": [72.8908742052052, 19.126704450651822]}, "properties": {"city": "mumbai", "lst_c": 42.41}}, {"type": "Feature", "geometry": {"type": "Point", "coordinates": [72.89491662398372, 19.126704450651822]}, "properties": {"city": "mumbai", "lst_c": 40.07}}, {"type": "Feature", "geometry": {"type": "Point", "coordinates": [72.89895904276226, 19.126704450651822]}, "properties": {"city": "mumbai", "lst_c": 33.04}}, {"type": "Feature", "geometry": {"type": "Point", "coordinates": [72.9030014615408, 19.126704450651822]}, "properties": {"city": "mumbai", "lst_c": 30.59}}, {"type": "Feature", "geometry": {"type": "Point", "coordinates": [72.90704388031934, 19.126704450651822]}, "properties": {"city": "mumbai", "lst_c": 30.92}}, {"type": "Feature", "geometry": {"type": "Point", "coordinates": [72.91108629909787, 19.126704450651822]}, "properties": {"city": "mumbai", "lst_c": 31.48}}, {"type": "Feature", "geometry": {"type": "Point", "coordinates": [72.91512871787641, 19.126704450651822]}, "properties": {"city": "mumbai", "lst_c": 36.18}}, {"type": "Feature", "geometry": {"type": "Point", "coordinates": [72.91917113665495, 19.126704450651822]}, "properties": {"city": "mumbai", "lst_c": 42.42}}, {"type": "Feature", "geometry": {"type": "Point", "coordinates": [72.92321355543349, 19.126704450651822]}, "properties": {"city": "mumbai", "lst_c": 41.32}}, {"type": "Feature", "geometry": {"type": "Point", "coordinates": [72.92725597421203, 19.126704450651822]}, "properties": {"city": "mumbai", "lst_c": 43.39}}, {"type": "Feature", "geometry": {"type": "Point", "coordinates": [72.93129839299057, 19.126704450651822]}, "properties": {"city": "mumbai", "lst_c": 40.57}}, {"type": "Feature", "geometry": {"type": "Point", "coordinates": [72.93534081176911, 19.126704450651822]}, "properties": {"city": "mumbai", "lst_c": 38.11}}, {"type": "Feature", "geometry": {"type": "Point", "coordinates": [72.93938323054765, 19.126704450651822]}, "properties": {"city": "mumbai", "lst_c": 39.72}}, {"type": "Feature", "geometry": {"type": "Point", "coordinates": [72.94342564932617, 19.126704450651822]}, "properties": {"city": "mumbai", "lst_c": 46.57}}, {"type": "Feature", "geometry": {"type": "Point", "coordinates": [72.94746806810471, 19.126704450651822]}, "properties": {"city": "mumbai", "lst_c": 48.07}}, {"type": "Feature", "geometry": {"type": "Point", "coordinates": [72.80194099207735, 19.13074686943036]}, "properties": {"city": "mumbai", "lst_c": 30.13}}, {"type": "Feature", "geometry": {"type": "Point", "coordinates": [72.80598341085589, 19.13074686943036]}, "properties": {"city": "mumbai", "lst_c": 30.08}}, {"type": "Feature", "geometry": {"type": "Point", "coordinates": [72.81002582963443, 19.13074686943036]}, "properties": {"city": "mumbai", "lst_c": 31.39}}, {"type": "Feature", "geometry": {"type": "Point", "coordinates": [72.81406824841297, 19.13074686943036]}, "properties": {"city": "mumbai", "lst_c": 38.67}}, {"type": "Feature", "geometry": {"type": "Point", "coordinates": [72.8181106671915, 19.13074686943036]}, "properties": {"city": "mumbai", "lst_c": 39.69}}, {"type": "Feature", "geometry": {"type": "Point", "coordinates": [72.82215308597004, 19.13074686943036]}, "properties": {"city": "mumbai", "lst_c": 39.49}}, {"type": "Feature", "geometry": {"type": "Point", "coordinates": [72.82619550474858, 19.13074686943036]}, "properties": {"city": "mumbai", "lst_c": 40.1}}, {"type": "Feature", "geometry": {"type": "Point", "coordinates": [72.83023792352712, 19.13074686943036]}, "properties": {"city": "mumbai", "lst_c": 43.97}}, {"type": "Feature", "geometry": {"type": "Point", "coordinates": [72.83428034230566, 19.13074686943036]}, "properties": {"city": "mumbai", "lst_c": 42.17}}, {"type": "Feature", "geometry": {"type": "Point", "coordinates": [72.8383227610842, 19.13074686943036]}, "properties": {"city": "mumbai", "lst_c": 42.14}}, {"type": "Feature", "geometry": {"type": "Point", "coordinates": [72.84236517986274, 19.13074686943036]}, "properties": {"city": "mumbai", "lst_c": 40.4}}, {"type": "Feature", "geometry": {"type": "Point", "coordinates": [72.84640759864126, 19.13074686943036]}, "properties": {"city": "mumbai", "lst_c": 42.48}}, {"type": "Feature", "geometry": {"type": "Point", "coordinates": [72.8504500174198, 19.13074686943036]}, "properties": {"city": "mumbai", "lst_c": 39.28}}, {"type": "Feature", "geometry": {"type": "Point", "coordinates": [72.85449243619834, 19.13074686943036]}, "properties": {"city": "mumbai", "lst_c": 40.68}}, {"type": "Feature", "geometry": {"type": "Point", "coordinates": [72.85853485497688, 19.13074686943036]}, "properties": {"city": "mumbai", "lst_c": 41.65}}, {"type": "Feature", "geometry": {"type": "Point", "coordinates": [72.86257727375542, 19.13074686943036]}, "properties": {"city": "mumbai", "lst_c": 41.88}}, {"type": "Feature", "geometry": {"type": "Point", "coordinates": [72.86661969253396, 19.13074686943036]}, "properties": {"city": "mumbai", "lst_c": 41.74}}, {"type": "Feature", "geometry": {"type": "Point", "coordinates": [72.8706621113125, 19.13074686943036]}, "properties": {"city": "mumbai", "lst_c": 42.69}}, {"type": "Feature", "geometry": {"type": "Point", "coordinates": [72.87470453009104, 19.13074686943036]}, "properties": {"city": "mumbai", "lst_c": 41.59}}, {"type": "Feature", "geometry": {"type": "Point", "coordinates": [72.87874694886958, 19.13074686943036]}, "properties": {"city": "mumbai", "lst_c": 44.33}}, {"type": "Feature", "geometry": {"type": "Point", "coordinates": [72.88278936764812, 19.13074686943036]}, "properties": {"city": "mumbai", "lst_c": 44.79}}, {"type": "Feature", "geometry": {"type": "Point", "coordinates": [72.88683178642665, 19.13074686943036]}, "properties": {"city": "mumbai", "lst_c": 40.83}}, {"type": "Feature", "geometry": {"type": "Point", "coordinates": [72.8908742052052, 19.13074686943036]}, "properties": {"city": "mumbai", "lst_c": 43.15}}, {"type": "Feature", "geometry": {"type": "Point", "coordinates": [72.89491662398372, 19.13074686943036]}, "properties": {"city": "mumbai", "lst_c": 40.88}}, {"type": "Feature", "geometry": {"type": "Point", "coordinates": [72.89895904276226, 19.13074686943036]}, "properties": {"city": "mumbai", "lst_c": 34.85}}, {"type": "Feature", "geometry": {"type": "Point", "coordinates": [72.9030014615408, 19.13074686943036]}, "properties": {"city": "mumbai", "lst_c": 31.01}}, {"type": "Feature", "geometry": {"type": "Point", "coordinates": [72.90704388031934, 19.13074686943036]}, "properties": {"city": "mumbai", "lst_c": 31.24}}, {"type": "Feature", "geometry": {"type": "Point", "coordinates": [72.91108629909787, 19.13074686943036]}, "properties": {"city": "mumbai", "lst_c": 32.23}}, {"type": "Feature", "geometry": {"type": "Point", "coordinates": [72.91512871787641, 19.13074686943036]}, "properties": {"city": "mumbai", "lst_c": 35.34}}, {"type": "Feature", "geometry": {"type": "Point", "coordinates": [72.91917113665495, 19.13074686943036]}, "properties": {"city": "mumbai", "lst_c": 37.89}}, {"type": "Feature", "geometry": {"type": "Point", "coordinates": [72.92321355543349, 19.13074686943036]}, "properties": {"city": "mumbai", "lst_c": 38.13}}, {"type": "Feature", "geometry": {"type": "Point", "coordinates": [72.92725597421203, 19.13074686943036]}, "properties": {"city": "mumbai", "lst_c": 39.93}}, {"type": "Feature", "geometry": {"type": "Point", "coordinates": [72.93129839299057, 19.13074686943036]}, "properties": {"city": "mumbai", "lst_c": 40.89}}, {"type": "Feature", "geometry": {"type": "Point", "coordinates": [72.93534081176911, 19.13074686943036]}, "properties": {"city": "mumbai", "lst_c": 46.88}}, {"type": "Feature", "geometry": {"type": "Point", "coordinates": [72.93938323054765, 19.13074686943036]}, "properties": {"city": "mumbai", "lst_c": 44.23}}, {"type": "Feature", "geometry": {"type": "Point", "coordinates": [72.94342564932617, 19.13074686943036]}, "properties": {"city": "mumbai", "lst_c": 38.73}}, {"type": "Feature", "geometry": {"type": "Point", "coordinates": [72.94746806810471, 19.13074686943036]}, "properties": {"city": "mumbai", "lst_c": 37.57}}, {"type": "Feature", "geometry": {"type": "Point", "coordinates": [72.80194099207735, 19.1347892882089]}, "properties": {"city": "mumbai", "lst_c": 30.55}}, {"type": "Feature", "geometry": {"type": "Point", "coordinates": [72.80598341085589, 19.1347892882089]}, "properties": {"city": "mumbai", "lst_c": 30.66}}, {"type": "Feature", "geometry": {"type": "Point", "coordinates": [72.81002582963443, 19.1347892882089]}, "properties": {"city": "mumbai", "lst_c": 37.01}}, {"type": "Feature", "geometry": {"type": "Point", "coordinates": [72.81406824841297, 19.1347892882089]}, "properties": {"city": "mumbai", "lst_c": 38.77}}, {"type": "Feature", "geometry": {"type": "Point", "coordinates": [72.8181106671915, 19.1347892882089]}, "properties": {"city": "mumbai", "lst_c": 40.91}}, {"type": "Feature", "geometry": {"type": "Point", "coordinates": [72.82215308597004, 19.1347892882089]}, "properties": {"city": "mumbai", "lst_c": 40.04}}, {"type": "Feature", "geometry": {"type": "Point", "coordinates": [72.82619550474858, 19.1347892882089]}, "properties": {"city": "mumbai", "lst_c": 42.1}}, {"type": "Feature", "geometry": {"type": "Point", "coordinates": [72.83023792352712, 19.1347892882089]}, "properties": {"city": "mumbai", "lst_c": 43.0}}, {"type": "Feature", "geometry": {"type": "Point", "coordinates": [72.83428034230566, 19.1347892882089]}, "properties": {"city": "mumbai", "lst_c": 43.53}}, {"type": "Feature", "geometry": {"type": "Point", "coordinates": [72.8383227610842, 19.1347892882089]}, "properties": {"city": "mumbai", "lst_c": 41.91}}, {"type": "Feature", "geometry": {"type": "Point", "coordinates": [72.84236517986274, 19.1347892882089]}, "properties": {"city": "mumbai", "lst_c": 40.96}}, {"type": "Feature", "geometry": {"type": "Point", "coordinates": [72.84640759864126, 19.1347892882089]}, "properties": {"city": "mumbai", "lst_c": 41.54}}, {"type": "Feature", "geometry": {"type": "Point", "coordinates": [72.8504500174198, 19.1347892882089]}, "properties": {"city": "mumbai", "lst_c": 41.89}}, {"type": "Feature", "geometry": {"type": "Point", "coordinates": [72.85449243619834, 19.1347892882089]}, "properties": {"city": "mumbai", "lst_c": 39.61}}, {"type": "Feature", "geometry": {"type": "Point", "coordinates": [72.85853485497688, 19.1347892882089]}, "properties": {"city": "mumbai", "lst_c": 44.41}}, {"type": "Feature", "geometry": {"type": "Point", "coordinates": [72.86257727375542, 19.1347892882089]}, "properties": {"city": "mumbai", "lst_c": 44.43}}, {"type": "Feature", "geometry": {"type": "Point", "coordinates": [72.86661969253396, 19.1347892882089]}, "properties": {"city": "mumbai", "lst_c": 41.72}}, {"type": "Feature", "geometry": {"type": "Point", "coordinates": [72.8706621113125, 19.1347892882089]}, "properties": {"city": "mumbai", "lst_c": 38.78}}, {"type": "Feature", "geometry": {"type": "Point", "coordinates": [72.87470453009104, 19.1347892882089]}, "properties": {"city": "mumbai", "lst_c": 39.08}}, {"type": "Feature", "geometry": {"type": "Point", "coordinates": [72.87874694886958, 19.1347892882089]}, "properties": {"city": "mumbai", "lst_c": 44.55}}, {"type": "Feature", "geometry": {"type": "Point", "coordinates": [72.88278936764812, 19.1347892882089]}, "properties": {"city": "mumbai", "lst_c": 42.53}}, {"type": "Feature", "geometry": {"type": "Point", "coordinates": [72.88683178642665, 19.1347892882089]}, "properties": {"city": "mumbai", "lst_c": 39.83}}, {"type": "Feature", "geometry": {"type": "Point", "coordinates": [72.8908742052052, 19.1347892882089]}, "properties": {"city": "mumbai", "lst_c": 41.73}}, {"type": "Feature", "geometry": {"type": "Point", "coordinates": [72.89491662398372, 19.1347892882089]}, "properties": {"city": "mumbai", "lst_c": 42.98}}, {"type": "Feature", "geometry": {"type": "Point", "coordinates": [72.89895904276226, 19.1347892882089]}, "properties": {"city": "mumbai", "lst_c": 38.69}}, {"type": "Feature", "geometry": {"type": "Point", "coordinates": [72.9030014615408, 19.1347892882089]}, "properties": {"city": "mumbai", "lst_c": 34.01}}, {"type": "Feature", "geometry": {"type": "Point", "coordinates": [72.90704388031934, 19.1347892882089]}, "properties": {"city": "mumbai", "lst_c": 35.17}}, {"type": "Feature", "geometry": {"type": "Point", "coordinates": [72.91108629909787, 19.1347892882089]}, "properties": {"city": "mumbai", "lst_c": 37.95}}, {"type": "Feature", "geometry": {"type": "Point", "coordinates": [72.91512871787641, 19.1347892882089]}, "properties": {"city": "mumbai", "lst_c": 36.18}}, {"type": "Feature", "geometry": {"type": "Point", "coordinates": [72.91917113665495, 19.1347892882089]}, "properties": {"city": "mumbai", "lst_c": 41.4}}, {"type": "Feature", "geometry": {"type": "Point", "coordinates": [72.92321355543349, 19.1347892882089]}, "properties": {"city": "mumbai", "lst_c": 38.8}}, {"type": "Feature", "geometry": {"type": "Point", "coordinates": [72.92725597421203, 19.1347892882089]}, "properties": {"city": "mumbai", "lst_c": 40.37}}, {"type": "Feature", "geometry": {"type": "Point", "coordinates": [72.93129839299057, 19.1347892882089]}, "properties": {"city": "mumbai", "lst_c": 40.71}}, {"type": "Feature", "geometry": {"type": "Point", "coordinates": [72.93534081176911, 19.1347892882089]}, "properties": {"city": "mumbai", "lst_c": 42.04}}, {"type": "Feature", "geometry": {"type": "Point", "coordinates": [72.93938323054765, 19.1347892882089]}, "properties": {"city": "mumbai", "lst_c": 49.07}}, {"type": "Feature", "geometry": {"type": "Point", "coordinates": [72.94342564932617, 19.1347892882089]}, "properties": {"city": "mumbai", "lst_c": 40.21}}, {"type": "Feature", "geometry": {"type": "Point", "coordinates": [72.94746806810471, 19.1347892882089]}, "properties": {"city": "mumbai", "lst_c": 38.94}}, {"type": "Feature", "geometry": {"type": "Point", "coordinates": [72.80194099207735, 19.138831706987435]}, "properties": {"city": "mumbai", "lst_c": 31.39}}, {"type": "Feature", "geometry": {"type": "Point", "coordinates": [72.80598341085589, 19.138831706987435]}, "properties": {"city": "mumbai", "lst_c": 37.06}}, {"type": "Feature", "geometry": {"type": "Point", "coordinates": [72.81002582963443, 19.138831706987435]}, "properties": {"city": "mumbai", "lst_c": 37.83}}, {"type": "Feature", "geometry": {"type": "Point", "coordinates": [72.81406824841297, 19.138831706987435]}, "properties": {"city": "mumbai", "lst_c": 38.02}}, {"type": "Feature", "geometry": {"type": "Point", "coordinates": [72.8181106671915, 19.138831706987435]}, "properties": {"city": "mumbai", "lst_c": 37.87}}, {"type": "Feature", "geometry": {"type": "Point", "coordinates": [72.82215308597004, 19.138831706987435]}, "properties": {"city": "mumbai", "lst_c": 40.42}}, {"type": "Feature", "geometry": {"type": "Point", "coordinates": [72.82619550474858, 19.138831706987435]}, "properties": {"city": "mumbai", "lst_c": 40.09}}, {"type": "Feature", "geometry": {"type": "Point", "coordinates": [72.83023792352712, 19.138831706987435]}, "properties": {"city": "mumbai", "lst_c": 40.5}}, {"type": "Feature", "geometry": {"type": "Point", "coordinates": [72.83428034230566, 19.138831706987435]}, "properties": {"city": "mumbai", "lst_c": 39.78}}, {"type": "Feature", "geometry": {"type": "Point", "coordinates": [72.8383227610842, 19.138831706987435]}, "properties": {"city": "mumbai", "lst_c": 44.08}}, {"type": "Feature", "geometry": {"type": "Point", "coordinates": [72.84236517986274, 19.138831706987435]}, "properties": {"city": "mumbai", "lst_c": 43.71}}, {"type": "Feature", "geometry": {"type": "Point", "coordinates": [72.84640759864126, 19.138831706987435]}, "properties": {"city": "mumbai", "lst_c": 45.37}}, {"type": "Feature", "geometry": {"type": "Point", "coordinates": [72.8504500174198, 19.138831706987435]}, "properties": {"city": "mumbai", "lst_c": 41.75}}, {"type": "Feature", "geometry": {"type": "Point", "coordinates": [72.85449243619834, 19.138831706987435]}, "properties": {"city": "mumbai", "lst_c": 43.24}}, {"type": "Feature", "geometry": {"type": "Point", "coordinates": [72.85853485497688, 19.138831706987435]}, "properties": {"city": "mumbai", "lst_c": 43.38}}, {"type": "Feature", "geometry": {"type": "Point", "coordinates": [72.86257727375542, 19.138831706987435]}, "properties": {"city": "mumbai", "lst_c": 41.76}}, {"type": "Feature", "geometry": {"type": "Point", "coordinates": [72.86661969253396, 19.138831706987435]}, "properties": {"city": "mumbai", "lst_c": 39.62}}, {"type": "Feature", "geometry": {"type": "Point", "coordinates": [72.8706621113125, 19.138831706987435]}, "properties": {"city": "mumbai", "lst_c": 42.53}}, {"type": "Feature", "geometry": {"type": "Point", "coordinates": [72.87470453009104, 19.138831706987435]}, "properties": {"city": "mumbai", "lst_c": 42.61}}, {"type": "Feature", "geometry": {"type": "Point", "coordinates": [72.87874694886958, 19.138831706987435]}, "properties": {"city": "mumbai", "lst_c": 39.43}}, {"type": "Feature", "geometry": {"type": "Point", "coordinates": [72.88278936764812, 19.138831706987435]}, "properties": {"city": "mumbai", "lst_c": 37.16}}, {"type": "Feature", "geometry": {"type": "Point", "coordinates": [72.88683178642665, 19.138831706987435]}, "properties": {"city": "mumbai", "lst_c": 41.08}}, {"type": "Feature", "geometry": {"type": "Point", "coordinates": [72.8908742052052, 19.138831706987435]}, "properties": {"city": "mumbai", "lst_c": 41.05}}, {"type": "Feature", "geometry": {"type": "Point", "coordinates": [72.89491662398372, 19.138831706987435]}, "properties": {"city": "mumbai", "lst_c": 41.97}}, {"type": "Feature", "geometry": {"type": "Point", "coordinates": [72.89895904276226, 19.138831706987435]}, "properties": {"city": "mumbai", "lst_c": 38.7}}, {"type": "Feature", "geometry": {"type": "Point", "coordinates": [72.9030014615408, 19.138831706987435]}, "properties": {"city": "mumbai", "lst_c": 35.77}}, {"type": "Feature", "geometry": {"type": "Point", "coordinates": [72.90704388031934, 19.138831706987435]}, "properties": {"city": "mumbai", "lst_c": 37.21}}, {"type": "Feature", "geometry": {"type": "Point", "coordinates": [72.91108629909787, 19.138831706987435]}, "properties": {"city": "mumbai", "lst_c": 38.87}}, {"type": "Feature", "geometry": {"type": "Point", "coordinates": [72.91512871787641, 19.138831706987435]}, "properties": {"city": "mumbai", "lst_c": 37.83}}, {"type": "Feature", "geometry": {"type": "Point", "coordinates": [72.91917113665495, 19.138831706987435]}, "properties": {"city": "mumbai", "lst_c": 43.53}}, {"type": "Feature", "geometry": {"type": "Point", "coordinates": [72.92321355543349, 19.138831706987435]}, "properties": {"city": "mumbai", "lst_c": 43.65}}, {"type": "Feature", "geometry": {"type": "Point", "coordinates": [72.92725597421203, 19.138831706987435]}, "properties": {"city": "mumbai", "lst_c": 43.09}}, {"type": "Feature", "geometry": {"type": "Point", "coordinates": [72.93129839299057, 19.138831706987435]}, "properties": {"city": "mumbai", "lst_c": 41.39}}, {"type": "Feature", "geometry": {"type": "Point", "coordinates": [72.93534081176911, 19.138831706987435]}, "properties": {"city": "mumbai", "lst_c": 39.63}}, {"type": "Feature", "geometry": {"type": "Point", "coordinates": [72.93938323054765, 19.138831706987435]}, "properties": {"city": "mumbai", "lst_c": 39.9}}, {"type": "Feature", "geometry": {"type": "Point", "coordinates": [72.94342564932617, 19.138831706987435]}, "properties": {"city": "mumbai", "lst_c": 37.15}}, {"type": "Feature", "geometry": {"type": "Point", "coordinates": [72.94746806810471, 19.138831706987435]}, "properties": {"city": "mumbai", "lst_c": 40.65}}, {"type": "Feature", "geometry": {"type": "Point", "coordinates": [72.80194099207735, 19.142874125765974]}, "properties": {"city": "mumbai", "lst_c": 35.04}}, {"type": "Feature", "geometry": {"type": "Point", "coordinates": [72.80598341085589, 19.142874125765974]}, "properties": {"city": "mumbai", "lst_c": 41.72}}, {"type": "Feature", "geometry": {"type": "Point", "coordinates": [72.81002582963443, 19.142874125765974]}, "properties": {"city": "mumbai", "lst_c": 39.94}}, {"type": "Feature", "geometry": {"type": "Point", "coordinates": [72.81406824841297, 19.142874125765974]}, "properties": {"city": "mumbai", "lst_c": 37.48}}, {"type": "Feature", "geometry": {"type": "Point", "coordinates": [72.8181106671915, 19.142874125765974]}, "properties": {"city": "mumbai", "lst_c": 36.18}}, {"type": "Feature", "geometry": {"type": "Point", "coordinates": [72.82215308597004, 19.142874125765974]}, "properties": {"city": "mumbai", "lst_c": 38.2}}, {"type": "Feature", "geometry": {"type": "Point", "coordinates": [72.82619550474858, 19.142874125765974]}, "properties": {"city": "mumbai", "lst_c": 39.26}}, {"type": "Feature", "geometry": {"type": "Point", "coordinates": [72.83023792352712, 19.142874125765974]}, "properties": {"city": "mumbai", "lst_c": 40.72}}, {"type": "Feature", "geometry": {"type": "Point", "coordinates": [72.83428034230566, 19.142874125765974]}, "properties": {"city": "mumbai", "lst_c": 42.38}}, {"type": "Feature", "geometry": {"type": "Point", "coordinates": [72.8383227610842, 19.142874125765974]}, "properties": {"city": "mumbai", "lst_c": 43.05}}, {"type": "Feature", "geometry": {"type": "Point", "coordinates": [72.84236517986274, 19.142874125765974]}, "properties": {"city": "mumbai", "lst_c": 41.27}}, {"type": "Feature", "geometry": {"type": "Point", "coordinates": [72.84640759864126, 19.142874125765974]}, "properties": {"city": "mumbai", "lst_c": 40.94}}, {"type": "Feature", "geometry": {"type": "Point", "coordinates": [72.8504500174198, 19.142874125765974]}, "properties": {"city": "mumbai", "lst_c": 42.65}}, {"type": "Feature", "geometry": {"type": "Point", "coordinates": [72.85449243619834, 19.142874125765974]}, "properties": {"city": "mumbai", "lst_c": 42.31}}, {"type": "Feature", "geometry": {"type": "Point", "coordinates": [72.85853485497688, 19.142874125765974]}, "properties": {"city": "mumbai", "lst_c": 43.03}}, {"type": "Feature", "geometry": {"type": "Point", "coordinates": [72.86257727375542, 19.142874125765974]}, "properties": {"city": "mumbai", "lst_c": 42.96}}, {"type": "Feature", "geometry": {"type": "Point", "coordinates": [72.86661969253396, 19.142874125765974]}, "properties": {"city": "mumbai", "lst_c": 39.83}}, {"type": "Feature", "geometry": {"type": "Point", "coordinates": [72.8706621113125, 19.142874125765974]}, "properties": {"city": "mumbai", "lst_c": 37.93}}, {"type": "Feature", "geometry": {"type": "Point", "coordinates": [72.87470453009104, 19.142874125765974]}, "properties": {"city": "mumbai", "lst_c": 38.3}}, {"type": "Feature", "geometry": {"type": "Point", "coordinates": [72.87874694886958, 19.142874125765974]}, "properties": {"city": "mumbai", "lst_c": 38.38}}, {"type": "Feature", "geometry": {"type": "Point", "coordinates": [72.88278936764812, 19.142874125765974]}, "properties": {"city": "mumbai", "lst_c": 40.62}}, {"type": "Feature", "geometry": {"type": "Point", "coordinates": [72.88683178642665, 19.142874125765974]}, "properties": {"city": "mumbai", "lst_c": 41.52}}, {"type": "Feature", "geometry": {"type": "Point", "coordinates": [72.8908742052052, 19.142874125765974]}, "properties": {"city": "mumbai", "lst_c": 44.94}}, {"type": "Feature", "geometry": {"type": "Point", "coordinates": [72.89491662398372, 19.142874125765974]}, "properties": {"city": "mumbai", "lst_c": 43.19}}, {"type": "Feature", "geometry": {"type": "Point", "coordinates": [72.89895904276226, 19.142874125765974]}, "properties": {"city": "mumbai", "lst_c": 38.69}}, {"type": "Feature", "geometry": {"type": "Point", "coordinates": [72.9030014615408, 19.142874125765974]}, "properties": {"city": "mumbai", "lst_c": 30.82}}, {"type": "Feature", "geometry": {"type": "Point", "coordinates": [72.90704388031934, 19.142874125765974]}, "properties": {"city": "mumbai", "lst_c": 29.67}}, {"type": "Feature", "geometry": {"type": "Point", "coordinates": [72.91108629909787, 19.142874125765974]}, "properties": {"city": "mumbai", "lst_c": 33.28}}, {"type": "Feature", "geometry": {"type": "Point", "coordinates": [72.91512871787641, 19.142874125765974]}, "properties": {"city": "mumbai", "lst_c": 38.11}}, {"type": "Feature", "geometry": {"type": "Point", "coordinates": [72.91917113665495, 19.142874125765974]}, "properties": {"city": "mumbai", "lst_c": 42.8}}, {"type": "Feature", "geometry": {"type": "Point", "coordinates": [72.92321355543349, 19.142874125765974]}, "properties": {"city": "mumbai", "lst_c": 43.58}}, {"type": "Feature", "geometry": {"type": "Point", "coordinates": [72.92725597421203, 19.142874125765974]}, "properties": {"city": "mumbai", "lst_c": 43.53}}, {"type": "Feature", "geometry": {"type": "Point", "coordinates": [72.93129839299057, 19.142874125765974]}, "properties": {"city": "mumbai", "lst_c": 41.86}}, {"type": "Feature", "geometry": {"type": "Point", "coordinates": [72.93534081176911, 19.142874125765974]}, "properties": {"city": "mumbai", "lst_c": 44.16}}, {"type": "Feature", "geometry": {"type": "Point", "coordinates": [72.93938323054765, 19.142874125765974]}, "properties": {"city": "mumbai", "lst_c": 43.54}}, {"type": "Feature", "geometry": {"type": "Point", "coordinates": [72.94342564932617, 19.142874125765974]}, "properties": {"city": "mumbai", "lst_c": 38.83}}, {"type": "Feature", "geometry": {"type": "Point", "coordinates": [72.94746806810471, 19.142874125765974]}, "properties": {"city": "mumbai", "lst_c": 37.88}}, {"type": "Feature", "geometry": {"type": "Point", "coordinates": [72.80194099207735, 19.146916544544514]}, "properties": {"city": "mumbai", "lst_c": 35.18}}, {"type": "Feature", "geometry": {"type": "Point", "coordinates": [72.80598341085589, 19.146916544544514]}, "properties": {"city": "mumbai", "lst_c": 36.09}}, {"type": "Feature", "geometry": {"type": "Point", "coordinates": [72.81002582963443, 19.146916544544514]}, "properties": {"city": "mumbai", "lst_c": 34.09}}, {"type": "Feature", "geometry": {"type": "Point", "coordinates": [72.81406824841297, 19.146916544544514]}, "properties": {"city": "mumbai", "lst_c": 35.83}}, {"type": "Feature", "geometry": {"type": "Point", "coordinates": [72.8181106671915, 19.146916544544514]}, "properties": {"city": "mumbai", "lst_c": 34.22}}, {"type": "Feature", "geometry": {"type": "Point", "coordinates": [72.82215308597004, 19.146916544544514]}, "properties": {"city": "mumbai", "lst_c": 34.44}}, {"type": "Feature", "geometry": {"type": "Point", "coordinates": [72.82619550474858, 19.146916544544514]}, "properties": {"city": "mumbai", "lst_c": 39.4}}, {"type": "Feature", "geometry": {"type": "Point", "coordinates": [72.83023792352712, 19.146916544544514]}, "properties": {"city": "mumbai", "lst_c": 40.43}}, {"type": "Feature", "geometry": {"type": "Point", "coordinates": [72.83428034230566, 19.146916544544514]}, "properties": {"city": "mumbai", "lst_c": 42.23}}, {"type": "Feature", "geometry": {"type": "Point", "coordinates": [72.8383227610842, 19.146916544544514]}, "properties": {"city": "mumbai", "lst_c": 45.63}}, {"type": "Feature", "geometry": {"type": "Point", "coordinates": [72.84236517986274, 19.146916544544514]}, "properties": {"city": "mumbai", "lst_c": 46.12}}, {"type": "Feature", "geometry": {"type": "Point", "coordinates": [72.84640759864126, 19.146916544544514]}, "properties": {"city": "mumbai", "lst_c": 41.97}}, {"type": "Feature", "geometry": {"type": "Point", "coordinates": [72.8504500174198, 19.146916544544514]}, "properties": {"city": "mumbai", "lst_c": 44.51}}, {"type": "Feature", "geometry": {"type": "Point", "coordinates": [72.85449243619834, 19.146916544544514]}, "properties": {"city": "mumbai", "lst_c": 43.81}}, {"type": "Feature", "geometry": {"type": "Point", "coordinates": [72.85853485497688, 19.146916544544514]}, "properties": {"city": "mumbai", "lst_c": 40.26}}, {"type": "Feature", "geometry": {"type": "Point", "coordinates": [72.86257727375542, 19.146916544544514]}, "properties": {"city": "mumbai", "lst_c": 40.26}}, {"type": "Feature", "geometry": {"type": "Point", "coordinates": [72.86661969253396, 19.146916544544514]}, "properties": {"city": "mumbai", "lst_c": 39.3}}, {"type": "Feature", "geometry": {"type": "Point", "coordinates": [72.8706621113125, 19.146916544544514]}, "properties": {"city": "mumbai", "lst_c": 41.22}}, {"type": "Feature", "geometry": {"type": "Point", "coordinates": [72.87470453009104, 19.146916544544514]}, "properties": {"city": "mumbai", "lst_c": 37.57}}, {"type": "Feature", "geometry": {"type": "Point", "coordinates": [72.87874694886958, 19.146916544544514]}, "properties": {"city": "mumbai", "lst_c": 38.66}}, {"type": "Feature", "geometry": {"type": "Point", "coordinates": [72.88278936764812, 19.146916544544514]}, "properties": {"city": "mumbai", "lst_c": 39.96}}, {"type": "Feature", "geometry": {"type": "Point", "coordinates": [72.88683178642665, 19.146916544544514]}, "properties": {"city": "mumbai", "lst_c": 41.99}}, {"type": "Feature", "geometry": {"type": "Point", "coordinates": [72.8908742052052, 19.146916544544514]}, "properties": {"city": "mumbai", "lst_c": 43.86}}, {"type": "Feature", "geometry": {"type": "Point", "coordinates": [72.89491662398372, 19.146916544544514]}, "properties": {"city": "mumbai", "lst_c": 44.13}}, {"type": "Feature", "geometry": {"type": "Point", "coordinates": [72.89895904276226, 19.146916544544514]}, "properties": {"city": "mumbai", "lst_c": 43.16}}, {"type": "Feature", "geometry": {"type": "Point", "coordinates": [72.9030014615408, 19.146916544544514]}, "properties": {"city": "mumbai", "lst_c": 30.96}}, {"type": "Feature", "geometry": {"type": "Point", "coordinates": [72.90704388031934, 19.146916544544514]}, "properties": {"city": "mumbai", "lst_c": 29.21}}, {"type": "Feature", "geometry": {"type": "Point", "coordinates": [72.91108629909787, 19.146916544544514]}, "properties": {"city": "mumbai", "lst_c": 29.65}}, {"type": "Feature", "geometry": {"type": "Point", "coordinates": [72.91512871787641, 19.146916544544514]}, "properties": {"city": "mumbai", "lst_c": 30.95}}, {"type": "Feature", "geometry": {"type": "Point", "coordinates": [72.91917113665495, 19.146916544544514]}, "properties": {"city": "mumbai", "lst_c": 34.97}}, {"type": "Feature", "geometry": {"type": "Point", "coordinates": [72.92321355543349, 19.146916544544514]}, "properties": {"city": "mumbai", "lst_c": 43.73}}, {"type": "Feature", "geometry": {"type": "Point", "coordinates": [72.92725597421203, 19.146916544544514]}, "properties": {"city": "mumbai", "lst_c": 41.99}}, {"type": "Feature", "geometry": {"type": "Point", "coordinates": [72.93129839299057, 19.146916544544514]}, "properties": {"city": "mumbai", "lst_c": 43.39}}, {"type": "Feature", "geometry": {"type": "Point", "coordinates": [72.93534081176911, 19.146916544544514]}, "properties": {"city": "mumbai", "lst_c": 43.03}}, {"type": "Feature", "geometry": {"type": "Point", "coordinates": [72.93938323054765, 19.146916544544514]}, "properties": {"city": "mumbai", "lst_c": 42.46}}, {"type": "Feature", "geometry": {"type": "Point", "coordinates": [72.94342564932617, 19.146916544544514]}, "properties": {"city": "mumbai", "lst_c": 37.99}}, {"type": "Feature", "geometry": {"type": "Point", "coordinates": [72.94746806810471, 19.146916544544514]}, "properties": {"city": "mumbai", "lst_c": 42.25}}, {"type": "Feature", "geometry": {"type": "Point", "coordinates": [72.80194099207735, 19.15095896332305]}, "properties": {"city": "mumbai", "lst_c": 32.04}}, {"type": "Feature", "geometry": {"type": "Point", "coordinates": [72.80598341085589, 19.15095896332305]}, "properties": {"city": "mumbai", "lst_c": 30.94}}, {"type": "Feature", "geometry": {"type": "Point", "coordinates": [72.81002582963443, 19.15095896332305]}, "properties": {"city": "mumbai", "lst_c": 32.18}}, {"type": "Feature", "geometry": {"type": "Point", "coordinates": [72.81406824841297, 19.15095896332305]}, "properties": {"city": "mumbai", "lst_c": 34.69}}, {"type": "Feature", "geometry": {"type": "Point", "coordinates": [72.8181106671915, 19.15095896332305]}, "properties": {"city": "mumbai", "lst_c": 32.98}}, {"type": "Feature", "geometry": {"type": "Point", "coordinates": [72.82215308597004, 19.15095896332305]}, "properties": {"city": "mumbai", "lst_c": 40.92}}, {"type": "Feature", "geometry": {"type": "Point", "coordinates": [72.82619550474858, 19.15095896332305]}, "properties": {"city": "mumbai", "lst_c": 38.63}}, {"type": "Feature", "geometry": {"type": "Point", "coordinates": [72.83023792352712, 19.15095896332305]}, "properties": {"city": "mumbai", "lst_c": 39.08}}, {"type": "Feature", "geometry": {"type": "Point", "coordinates": [72.83428034230566, 19.15095896332305]}, "properties": {"city": "mumbai", "lst_c": 43.39}}, {"type": "Feature", "geometry": {"type": "Point", "coordinates": [72.8383227610842, 19.15095896332305]}, "properties": {"city": "mumbai", "lst_c": 38.64}}, {"type": "Feature", "geometry": {"type": "Point", "coordinates": [72.84236517986274, 19.15095896332305]}, "properties": {"city": "mumbai", "lst_c": 39.79}}, {"type": "Feature", "geometry": {"type": "Point", "coordinates": [72.84640759864126, 19.15095896332305]}, "properties": {"city": "mumbai", "lst_c": 41.26}}, {"type": "Feature", "geometry": {"type": "Point", "coordinates": [72.8504500174198, 19.15095896332305]}, "properties": {"city": "mumbai", "lst_c": 42.86}}, {"type": "Feature", "geometry": {"type": "Point", "coordinates": [72.85449243619834, 19.15095896332305]}, "properties": {"city": "mumbai", "lst_c": 44.65}}, {"type": "Feature", "geometry": {"type": "Point", "coordinates": [72.85853485497688, 19.15095896332305]}, "properties": {"city": "mumbai", "lst_c": 43.19}}, {"type": "Feature", "geometry": {"type": "Point", "coordinates": [72.86257727375542, 19.15095896332305]}, "properties": {"city": "mumbai", "lst_c": 40.82}}, {"type": "Feature", "geometry": {"type": "Point", "coordinates": [72.86661969253396, 19.15095896332305]}, "properties": {"city": "mumbai", "lst_c": 40.2}}, {"type": "Feature", "geometry": {"type": "Point", "coordinates": [72.8706621113125, 19.15095896332305]}, "properties": {"city": "mumbai", "lst_c": 37.59}}, {"type": "Feature", "geometry": {"type": "Point", "coordinates": [72.87470453009104, 19.15095896332305]}, "properties": {"city": "mumbai", "lst_c": 37.98}}, {"type": "Feature", "geometry": {"type": "Point", "coordinates": [72.87874694886958, 19.15095896332305]}, "properties": {"city": "mumbai", "lst_c": 38.1}}, {"type": "Feature", "geometry": {"type": "Point", "coordinates": [72.88278936764812, 19.15095896332305]}, "properties": {"city": "mumbai", "lst_c": 42.45}}, {"type": "Feature", "geometry": {"type": "Point", "coordinates": [72.88683178642665, 19.15095896332305]}, "properties": {"city": "mumbai", "lst_c": 42.5}}, {"type": "Feature", "geometry": {"type": "Point", "coordinates": [72.8908742052052, 19.15095896332305]}, "properties": {"city": "mumbai", "lst_c": 40.3}}, {"type": "Feature", "geometry": {"type": "Point", "coordinates": [72.89491662398372, 19.15095896332305]}, "properties": {"city": "mumbai", "lst_c": 41.41}}, {"type": "Feature", "geometry": {"type": "Point", "coordinates": [72.89895904276226, 19.15095896332305]}, "properties": {"city": "mumbai", "lst_c": 42.9}}, {"type": "Feature", "geometry": {"type": "Point", "coordinates": [72.9030014615408, 19.15095896332305]}, "properties": {"city": "mumbai", "lst_c": 35.08}}, {"type": "Feature", "geometry": {"type": "Point", "coordinates": [72.90704388031934, 19.15095896332305]}, "properties": {"city": "mumbai", "lst_c": 29.12}}, {"type": "Feature", "geometry": {"type": "Point", "coordinates": [72.91108629909787, 19.15095896332305]}, "properties": {"city": "mumbai", "lst_c": 29.34}}, {"type": "Feature", "geometry": {"type": "Point", "coordinates": [72.91512871787641, 19.15095896332305]}, "properties": {"city": "mumbai", "lst_c": 31.68}}, {"type": "Feature", "geometry": {"type": "Point", "coordinates": [72.91917113665495, 19.15095896332305]}, "properties": {"city": "mumbai", "lst_c": 31.42}}, {"type": "Feature", "geometry": {"type": "Point", "coordinates": [72.92321355543349, 19.15095896332305]}, "properties": {"city": "mumbai", "lst_c": 38.34}}, {"type": "Feature", "geometry": {"type": "Point", "coordinates": [72.92725597421203, 19.15095896332305]}, "properties": {"city": "mumbai", "lst_c": 46.05}}, {"type": "Feature", "geometry": {"type": "Point", "coordinates": [72.93129839299057, 19.15095896332305]}, "properties": {"city": "mumbai", "lst_c": 47.48}}, {"type": "Feature", "geometry": {"type": "Point", "coordinates": [72.93534081176911, 19.15095896332305]}, "properties": {"city": "mumbai", "lst_c": 41.83}}, {"type": "Feature", "geometry": {"type": "Point", "coordinates": [72.93938323054765, 19.15095896332305]}, "properties": {"city": "mumbai", "lst_c": 42.98}}, {"type": "Feature", "geometry": {"type": "Point", "coordinates": [72.94342564932617, 19.15095896332305]}, "properties": {"city": "mumbai", "lst_c": 44.73}}, {"type": "Feature", "geometry": {"type": "Point", "coordinates": [72.94746806810471, 19.15095896332305]}, "properties": {"city": "mumbai", "lst_c": 43.25}}, {"type": "Feature", "geometry": {"type": "Point", "coordinates": [72.80194099207735, 19.155001382101588]}, "properties": {"city": "mumbai", "lst_c": 33.84}}, {"type": "Feature", "geometry": {"type": "Point", "coordinates": [72.80598341085589, 19.155001382101588]}, "properties": {"city": "mumbai", "lst_c": 35.0}}, {"type": "Feature", "geometry": {"type": "Point", "coordinates": [72.81002582963443, 19.155001382101588]}, "properties": {"city": "mumbai", "lst_c": 31.34}}, {"type": "Feature", "geometry": {"type": "Point", "coordinates": [72.81406824841297, 19.155001382101588]}, "properties": {"city": "mumbai", "lst_c": 33.29}}, {"type": "Feature", "geometry": {"type": "Point", "coordinates": [72.8181106671915, 19.155001382101588]}, "properties": {"city": "mumbai", "lst_c": 33.69}}, {"type": "Feature", "geometry": {"type": "Point", "coordinates": [72.82215308597004, 19.155001382101588]}, "properties": {"city": "mumbai", "lst_c": 40.17}}, {"type": "Feature", "geometry": {"type": "Point", "coordinates": [72.82619550474858, 19.155001382101588]}, "properties": {"city": "mumbai", "lst_c": 43.68}}, {"type": "Feature", "geometry": {"type": "Point", "coordinates": [72.83023792352712, 19.155001382101588]}, "properties": {"city": "mumbai", "lst_c": 41.42}}, {"type": "Feature", "geometry": {"type": "Point", "coordinates": [72.83428034230566, 19.155001382101588]}, "properties": {"city": "mumbai", "lst_c": 47.01}}, {"type": "Feature", "geometry": {"type": "Point", "coordinates": [72.8383227610842, 19.155001382101588]}, "properties": {"city": "mumbai", "lst_c": 45.28}}, {"type": "Feature", "geometry": {"type": "Point", "coordinates": [72.84236517986274, 19.155001382101588]}, "properties": {"city": "mumbai", "lst_c": 41.91}}, {"type": "Feature", "geometry": {"type": "Point", "coordinates": [72.84640759864126, 19.155001382101588]}, "properties": {"city": "mumbai", "lst_c": 40.5}}, {"type": "Feature", "geometry": {"type": "Point", "coordinates": [72.8504500174198, 19.155001382101588]}, "properties": {"city": "mumbai", "lst_c": 41.97}}, {"type": "Feature", "geometry": {"type": "Point", "coordinates": [72.85449243619834, 19.155001382101588]}, "properties": {"city": "mumbai", "lst_c": 39.43}}, {"type": "Feature", "geometry": {"type": "Point", "coordinates": [72.85853485497688, 19.155001382101588]}, "properties": {"city": "mumbai", "lst_c": 39.23}}, {"type": "Feature", "geometry": {"type": "Point", "coordinates": [72.86257727375542, 19.155001382101588]}, "properties": {"city": "mumbai", "lst_c": 37.01}}, {"type": "Feature", "geometry": {"type": "Point", "coordinates": [72.86661969253396, 19.155001382101588]}, "properties": {"city": "mumbai", "lst_c": 36.29}}, {"type": "Feature", "geometry": {"type": "Point", "coordinates": [72.8706621113125, 19.155001382101588]}, "properties": {"city": "mumbai", "lst_c": 39.76}}, {"type": "Feature", "geometry": {"type": "Point", "coordinates": [72.87470453009104, 19.155001382101588]}, "properties": {"city": "mumbai", "lst_c": 36.41}}, {"type": "Feature", "geometry": {"type": "Point", "coordinates": [72.87874694886958, 19.155001382101588]}, "properties": {"city": "mumbai", "lst_c": 38.79}}, {"type": "Feature", "geometry": {"type": "Point", "coordinates": [72.88278936764812, 19.155001382101588]}, "properties": {"city": "mumbai", "lst_c": 40.38}}, {"type": "Feature", "geometry": {"type": "Point", "coordinates": [72.88683178642665, 19.155001382101588]}, "properties": {"city": "mumbai", "lst_c": 40.04}}, {"type": "Feature", "geometry": {"type": "Point", "coordinates": [72.8908742052052, 19.155001382101588]}, "properties": {"city": "mumbai", "lst_c": 39.8}}, {"type": "Feature", "geometry": {"type": "Point", "coordinates": [72.89491662398372, 19.155001382101588]}, "properties": {"city": "mumbai", "lst_c": 38.87}}, {"type": "Feature", "geometry": {"type": "Point", "coordinates": [72.89895904276226, 19.155001382101588]}, "properties": {"city": "mumbai", "lst_c": 39.83}}, {"type": "Feature", "geometry": {"type": "Point", "coordinates": [72.9030014615408, 19.155001382101588]}, "properties": {"city": "mumbai", "lst_c": 31.5}}, {"type": "Feature", "geometry": {"type": "Point", "coordinates": [72.90704388031934, 19.155001382101588]}, "properties": {"city": "mumbai", "lst_c": 30.45}}, {"type": "Feature", "geometry": {"type": "Point", "coordinates": [72.91108629909787, 19.155001382101588]}, "properties": {"city": "mumbai", "lst_c": 29.4}}, {"type": "Feature", "geometry": {"type": "Point", "coordinates": [72.91512871787641, 19.155001382101588]}, "properties": {"city": "mumbai", "lst_c": 29.63}}, {"type": "Feature", "geometry": {"type": "Point", "coordinates": [72.91917113665495, 19.155001382101588]}, "properties": {"city": "mumbai", "lst_c": 31.06}}, {"type": "Feature", "geometry": {"type": "Point", "coordinates": [72.92321355543349, 19.155001382101588]}, "properties": {"city": "mumbai", "lst_c": 36.62}}, {"type": "Feature", "geometry": {"type": "Point", "coordinates": [72.92725597421203, 19.155001382101588]}, "properties": {"city": "mumbai", "lst_c": 46.55}}, {"type": "Feature", "geometry": {"type": "Point", "coordinates": [72.93129839299057, 19.155001382101588]}, "properties": {"city": "mumbai", "lst_c": 47.58}}, {"type": "Feature", "geometry": {"type": "Point", "coordinates": [72.93534081176911, 19.155001382101588]}, "properties": {"city": "mumbai", "lst_c": 41.11}}, {"type": "Feature", "geometry": {"type": "Point", "coordinates": [72.93938323054765, 19.155001382101588]}, "properties": {"city": "mumbai", "lst_c": 46.36}}, {"type": "Feature", "geometry": {"type": "Point", "coordinates": [72.94342564932617, 19.155001382101588]}, "properties": {"city": "mumbai", "lst_c": 44.65}}, {"type": "Feature", "geometry": {"type": "Point", "coordinates": [72.94746806810471, 19.155001382101588]}, "properties": {"city": "mumbai", "lst_c": 41.34}}, {"type": "Feature", "geometry": {"type": "Point", "coordinates": [72.80194099207735, 19.159043800880127]}, "properties": {"city": "mumbai", "lst_c": 36.26}}, {"type": "Feature", "geometry": {"type": "Point", "coordinates": [72.80598341085589, 19.159043800880127]}, "properties": {"city": "mumbai", "lst_c": 41.74}}, {"type": "Feature", "geometry": {"type": "Point", "coordinates": [72.81002582963443, 19.159043800880127]}, "properties": {"city": "mumbai", "lst_c": 41.02}}, {"type": "Feature", "geometry": {"type": "Point", "coordinates": [72.81406824841297, 19.159043800880127]}, "properties": {"city": "mumbai", "lst_c": 31.13}}, {"type": "Feature", "geometry": {"type": "Point", "coordinates": [72.8181106671915, 19.159043800880127]}, "properties": {"city": "mumbai", "lst_c": 36.44}}, {"type": "Feature", "geometry": {"type": "Point", "coordinates": [72.82215308597004, 19.159043800880127]}, "properties": {"city": "mumbai", "lst_c": 39.83}}, {"type": "Feature", "geometry": {"type": "Point", "coordinates": [72.82619550474858, 19.159043800880127]}, "properties": {"city": "mumbai", "lst_c": 41.44}}, {"type": "Feature", "geometry": {"type": "Point", "coordinates": [72.83023792352712, 19.159043800880127]}, "properties": {"city": "mumbai", "lst_c": 40.74}}, {"type": "Feature", "geometry": {"type": "Point", "coordinates": [72.83428034230566, 19.159043800880127]}, "properties": {"city": "mumbai", "lst_c": 44.19}}, {"type": "Feature", "geometry": {"type": "Point", "coordinates": [72.8383227610842, 19.159043800880127]}, "properties": {"city": "mumbai", "lst_c": 41.63}}, {"type": "Feature", "geometry": {"type": "Point", "coordinates": [72.84236517986274, 19.159043800880127]}, "properties": {"city": "mumbai", "lst_c": 39.81}}, {"type": "Feature", "geometry": {"type": "Point", "coordinates": [72.84640759864126, 19.159043800880127]}, "properties": {"city": "mumbai", "lst_c": 39.65}}, {"type": "Feature", "geometry": {"type": "Point", "coordinates": [72.8504500174198, 19.159043800880127]}, "properties": {"city": "mumbai", "lst_c": 43.18}}, {"type": "Feature", "geometry": {"type": "Point", "coordinates": [72.85449243619834, 19.159043800880127]}, "properties": {"city": "mumbai", "lst_c": 42.53}}, {"type": "Feature", "geometry": {"type": "Point", "coordinates": [72.85853485497688, 19.159043800880127]}, "properties": {"city": "mumbai", "lst_c": 41.29}}, {"type": "Feature", "geometry": {"type": "Point", "coordinates": [72.86257727375542, 19.159043800880127]}, "properties": {"city": "mumbai", "lst_c": 36.38}}, {"type": "Feature", "geometry": {"type": "Point", "coordinates": [72.86661969253396, 19.159043800880127]}, "properties": {"city": "mumbai", "lst_c": 36.74}}, {"type": "Feature", "geometry": {"type": "Point", "coordinates": [72.8706621113125, 19.159043800880127]}, "properties": {"city": "mumbai", "lst_c": 35.59}}, {"type": "Feature", "geometry": {"type": "Point", "coordinates": [72.87470453009104, 19.159043800880127]}, "properties": {"city": "mumbai", "lst_c": 37.26}}, {"type": "Feature", "geometry": {"type": "Point", "coordinates": [72.87874694886958, 19.159043800880127]}, "properties": {"city": "mumbai", "lst_c": 38.01}}, {"type": "Feature", "geometry": {"type": "Point", "coordinates": [72.88278936764812, 19.159043800880127]}, "properties": {"city": "mumbai", "lst_c": 39.44}}, {"type": "Feature", "geometry": {"type": "Point", "coordinates": [72.88683178642665, 19.159043800880127]}, "properties": {"city": "mumbai", "lst_c": 41.61}}, {"type": "Feature", "geometry": {"type": "Point", "coordinates": [72.8908742052052, 19.159043800880127]}, "properties": {"city": "mumbai", "lst_c": 39.79}}, {"type": "Feature", "geometry": {"type": "Point", "coordinates": [72.89491662398372, 19.159043800880127]}, "properties": {"city": "mumbai", "lst_c": 37.67}}, {"type": "Feature", "geometry": {"type": "Point", "coordinates": [72.89895904276226, 19.159043800880127]}, "properties": {"city": "mumbai", "lst_c": 40.55}}, {"type": "Feature", "geometry": {"type": "Point", "coordinates": [72.9030014615408, 19.159043800880127]}, "properties": {"city": "mumbai", "lst_c": 35.91}}, {"type": "Feature", "geometry": {"type": "Point", "coordinates": [72.90704388031934, 19.159043800880127]}, "properties": {"city": "mumbai", "lst_c": 30.18}}, {"type": "Feature", "geometry": {"type": "Point", "coordinates": [72.91108629909787, 19.159043800880127]}, "properties": {"city": "mumbai", "lst_c": 29.36}}, {"type": "Feature", "geometry": {"type": "Point", "coordinates": [72.91512871787641, 19.159043800880127]}, "properties": {"city": "mumbai", "lst_c": 29.51}}, {"type": "Feature", "geometry": {"type": "Point", "coordinates": [72.91917113665495, 19.159043800880127]}, "properties": {"city": "mumbai", "lst_c": 32.0}}, {"type": "Feature", "geometry": {"type": "Point", "coordinates": [72.92321355543349, 19.159043800880127]}, "properties": {"city": "mumbai", "lst_c": 39.33}}, {"type": "Feature", "geometry": {"type": "Point", "coordinates": [72.92725597421203, 19.159043800880127]}, "properties": {"city": "mumbai", "lst_c": 44.28}}, {"type": "Feature", "geometry": {"type": "Point", "coordinates": [72.93129839299057, 19.159043800880127]}, "properties": {"city": "mumbai", "lst_c": 44.56}}, {"type": "Feature", "geometry": {"type": "Point", "coordinates": [72.93534081176911, 19.159043800880127]}, "properties": {"city": "mumbai", "lst_c": 42.26}}, {"type": "Feature", "geometry": {"type": "Point", "coordinates": [72.93938323054765, 19.159043800880127]}, "properties": {"city": "mumbai", "lst_c": 44.08}}, {"type": "Feature", "geometry": {"type": "Point", "coordinates": [72.94342564932617, 19.159043800880127]}, "properties": {"city": "mumbai", "lst_c": 41.52}}, {"type": "Feature", "geometry": {"type": "Point", "coordinates": [72.94746806810471, 19.159043800880127]}, "properties": {"city": "mumbai", "lst_c": 40.29}}, {"type": "Feature", "geometry": {"type": "Point", "coordinates": [72.80194099207735, 19.163086219658663]}, "properties": {"city": "mumbai", "lst_c": 42.35}}, {"type": "Feature", "geometry": {"type": "Point", "coordinates": [72.80598341085589, 19.163086219658663]}, "properties": {"city": "mumbai", "lst_c": 40.36}}, {"type": "Feature", "geometry": {"type": "Point", "coordinates": [72.81002582963443, 19.163086219658663]}, "properties": {"city": "mumbai", "lst_c": 33.58}}, {"type": "Feature", "geometry": {"type": "Point", "coordinates": [72.81406824841297, 19.163086219658663]}, "properties": {"city": "mumbai", "lst_c": 33.25}}, {"type": "Feature", "geometry": {"type": "Point", "coordinates": [72.8181106671915, 19.163086219658663]}, "properties": {"city": "mumbai", "lst_c": 31.09}}, {"type": "Feature", "geometry": {"type": "Point", "coordinates": [72.82215308597004, 19.163086219658663]}, "properties": {"city": "mumbai", "lst_c": 38.54}}, {"type": "Feature", "geometry": {"type": "Point", "coordinates": [72.82619550474858, 19.163086219658663]}, "properties": {"city": "mumbai", "lst_c": 39.7}}, {"type": "Feature", "geometry": {"type": "Point", "coordinates": [72.83023792352712, 19.163086219658663]}, "properties": {"city": "mumbai", "lst_c": 38.67}}, {"type": "Feature", "geometry": {"type": "Point", "coordinates": [72.83428034230566, 19.163086219658663]}, "properties": {"city": "mumbai", "lst_c": 40.73}}, {"type": "Feature", "geometry": {"type": "Point", "coordinates": [72.8383227610842, 19.163086219658663]}, "properties": {"city": "mumbai", "lst_c": 41.69}}, {"type": "Feature", "geometry": {"type": "Point", "coordinates": [72.84236517986274, 19.163086219658663]}, "properties": {"city": "mumbai", "lst_c": 39.3}}, {"type": "Feature", "geometry": {"type": "Point", "coordinates": [72.84640759864126, 19.163086219658663]}, "properties": {"city": "mumbai", "lst_c": 39.93}}, {"type": "Feature", "geometry": {"type": "Point", "coordinates": [72.8504500174198, 19.163086219658663]}, "properties": {"city": "mumbai", "lst_c": 41.16}}, {"type": "Feature", "geometry": {"type": "Point", "coordinates": [72.85449243619834, 19.163086219658663]}, "properties": {"city": "mumbai", "lst_c": 39.45}}, {"type": "Feature", "geometry": {"type": "Point", "coordinates": [72.85853485497688, 19.163086219658663]}, "properties": {"city": "mumbai", "lst_c": 37.57}}, {"type": "Feature", "geometry": {"type": "Point", "coordinates": [72.86257727375542, 19.163086219658663]}, "properties": {"city": "mumbai", "lst_c": 33.95}}, {"type": "Feature", "geometry": {"type": "Point", "coordinates": [72.86661969253396, 19.163086219658663]}, "properties": {"city": "mumbai", "lst_c": 36.03}}, {"type": "Feature", "geometry": {"type": "Point", "coordinates": [72.8706621113125, 19.163086219658663]}, "properties": {"city": "mumbai", "lst_c": 34.53}}, {"type": "Feature", "geometry": {"type": "Point", "coordinates": [72.87470453009104, 19.163086219658663]}, "properties": {"city": "mumbai", "lst_c": 37.3}}, {"type": "Feature", "geometry": {"type": "Point", "coordinates": [72.87874694886958, 19.163086219658663]}, "properties": {"city": "mumbai", "lst_c": 39.53}}, {"type": "Feature", "geometry": {"type": "Point", "coordinates": [72.88278936764812, 19.163086219658663]}, "properties": {"city": "mumbai", "lst_c": 40.88}}, {"type": "Feature", "geometry": {"type": "Point", "coordinates": [72.88683178642665, 19.163086219658663]}, "properties": {"city": "mumbai", "lst_c": 39.92}}, {"type": "Feature", "geometry": {"type": "Point", "coordinates": [72.8908742052052, 19.163086219658663]}, "properties": {"city": "mumbai", "lst_c": 38.89}}, {"type": "Feature", "geometry": {"type": "Point", "coordinates": [72.89491662398372, 19.163086219658663]}, "properties": {"city": "mumbai", "lst_c": 37.63}}, {"type": "Feature", "geometry": {"type": "Point", "coordinates": [72.89895904276226, 19.163086219658663]}, "properties": {"city": "mumbai", "lst_c": 38.53}}, {"type": "Feature", "geometry": {"type": "Point", "coordinates": [72.9030014615408, 19.163086219658663]}, "properties": {"city": "mumbai", "lst_c": 35.61}}, {"type": "Feature", "geometry": {"type": "Point", "coordinates": [72.90704388031934, 19.163086219658663]}, "properties": {"city": "mumbai", "lst_c": 35.25}}, {"type": "Feature", "geometry": {"type": "Point", "coordinates": [72.91108629909787, 19.163086219658663]}, "properties": {"city": "mumbai", "lst_c": 29.48}}, {"type": "Feature", "geometry": {"type": "Point", "coordinates": [72.91512871787641, 19.163086219658663]}, "properties": {"city": "mumbai", "lst_c": 30.07}}, {"type": "Feature", "geometry": {"type": "Point", "coordinates": [72.91917113665495, 19.163086219658663]}, "properties": {"city": "mumbai", "lst_c": 33.1}}, {"type": "Feature", "geometry": {"type": "Point", "coordinates": [72.92321355543349, 19.163086219658663]}, "properties": {"city": "mumbai", "lst_c": 40.03}}, {"type": "Feature", "geometry": {"type": "Point", "coordinates": [72.92725597421203, 19.163086219658663]}, "properties": {"city": "mumbai", "lst_c": 40.45}}, {"type": "Feature", "geometry": {"type": "Point", "coordinates": [72.93129839299057, 19.163086219658663]}, "properties": {"city": "mumbai", "lst_c": 43.84}}, {"type": "Feature", "geometry": {"type": "Point", "coordinates": [72.93534081176911, 19.163086219658663]}, "properties": {"city": "mumbai", "lst_c": 47.7}}, {"type": "Feature", "geometry": {"type": "Point", "coordinates": [72.93938323054765, 19.163086219658663]}, "properties": {"city": "mumbai", "lst_c": 44.45}}, {"type": "Feature", "geometry": {"type": "Point", "coordinates": [72.94342564932617, 19.163086219658663]}, "properties": {"city": "mumbai", "lst_c": 40.47}}, {"type": "Feature", "geometry": {"type": "Point", "coordinates": [72.94746806810471, 19.163086219658663]}, "properties": {"city": "mumbai", "lst_c": 41.1}}, {"type": "Feature", "geometry": {"type": "Point", "coordinates": [72.80194099207735, 19.1671286384372]}, "properties": {"city": "mumbai", "lst_c": 47.77}}, {"type": "Feature", "geometry": {"type": "Point", "coordinates": [72.80598341085589, 19.1671286384372]}, "properties": {"city": "mumbai", "lst_c": 36.42}}, {"type": "Feature", "geometry": {"type": "Point", "coordinates": [72.81002582963443, 19.1671286384372]}, "properties": {"city": "mumbai", "lst_c": 33.86}}, {"type": "Feature", "geometry": {"type": "Point", "coordinates": [72.81406824841297, 19.1671286384372]}, "properties": {"city": "mumbai", "lst_c": 32.55}}, {"type": "Feature", "geometry": {"type": "Point", "coordinates": [72.8181106671915, 19.1671286384372]}, "properties": {"city": "mumbai", "lst_c": 31.32}}, {"type": "Feature", "geometry": {"type": "Point", "coordinates": [72.82215308597004, 19.1671286384372]}, "properties": {"city": "mumbai", "lst_c": 32.23}}, {"type": "Feature", "geometry": {"type": "Point", "coordinates": [72.82619550474858, 19.1671286384372]}, "properties": {"city": "mumbai", "lst_c": 34.66}}, {"type": "Feature", "geometry": {"type": "Point", "coordinates": [72.83023792352712, 19.1671286384372]}, "properties": {"city": "mumbai", "lst_c": 35.5}}, {"type": "Feature", "geometry": {"type": "Point", "coordinates": [72.83428034230566, 19.1671286384372]}, "properties": {"city": "mumbai", "lst_c": 40.9}}, {"type": "Feature", "geometry": {"type": "Point", "coordinates": [72.8383227610842, 19.1671286384372]}, "properties": {"city": "mumbai", "lst_c": 44.64}}, {"type": "Feature", "geometry": {"type": "Point", "coordinates": [72.84236517986274, 19.1671286384372]}, "properties": {"city": "mumbai", "lst_c": 41.7}}, {"type": "Feature", "geometry": {"type": "Point", "coordinates": [72.84640759864126, 19.1671286384372]}, "properties": {"city": "mumbai", "lst_c": 39.95}}, {"type": "Feature", "geometry": {"type": "Point", "coordinates": [72.8504500174198, 19.1671286384372]}, "properties": {"city": "mumbai", "lst_c": 41.17}}, {"type": "Feature", "geometry": {"type": "Point", "coordinates": [72.85449243619834, 19.1671286384372]}, "properties": {"city": "mumbai", "lst_c": 38.99}}, {"type": "Feature", "geometry": {"type": "Point", "coordinates": [72.85853485497688, 19.1671286384372]}, "properties": {"city": "mumbai", "lst_c": 36.99}}, {"type": "Feature", "geometry": {"type": "Point", "coordinates": [72.86257727375542, 19.1671286384372]}, "properties": {"city": "mumbai", "lst_c": 34.57}}, {"type": "Feature", "geometry": {"type": "Point", "coordinates": [72.86661969253396, 19.1671286384372]}, "properties": {"city": "mumbai", "lst_c": 38.35}}, {"type": "Feature", "geometry": {"type": "Point", "coordinates": [72.8706621113125, 19.1671286384372]}, "properties": {"city": "mumbai", "lst_c": 37.27}}, {"type": "Feature", "geometry": {"type": "Point", "coordinates": [72.87470453009104, 19.1671286384372]}, "properties": {"city": "mumbai", "lst_c": 39.77}}, {"type": "Feature", "geometry": {"type": "Point", "coordinates": [72.87874694886958, 19.1671286384372]}, "properties": {"city": "mumbai", "lst_c": 39.15}}, {"type": "Feature", "geometry": {"type": "Point", "coordinates": [72.88278936764812, 19.1671286384372]}, "properties": {"city": "mumbai", "lst_c": 39.37}}, {"type": "Feature", "geometry": {"type": "Point", "coordinates": [72.88683178642665, 19.1671286384372]}, "properties": {"city": "mumbai", "lst_c": 37.87}}, {"type": "Feature", "geometry": {"type": "Point", "coordinates": [72.8908742052052, 19.1671286384372]}, "properties": {"city": "mumbai", "lst_c": 37.33}}, {"type": "Feature", "geometry": {"type": "Point", "coordinates": [72.89491662398372, 19.1671286384372]}, "properties": {"city": "mumbai", "lst_c": 36.61}}, {"type": "Feature", "geometry": {"type": "Point", "coordinates": [72.89895904276226, 19.1671286384372]}, "properties": {"city": "mumbai", "lst_c": 38.49}}, {"type": "Feature", "geometry": {"type": "Point", "coordinates": [72.9030014615408, 19.1671286384372]}, "properties": {"city": "mumbai", "lst_c": 37.07}}, {"type": "Feature", "geometry": {"type": "Point", "coordinates": [72.90704388031934, 19.1671286384372]}, "properties": {"city": "mumbai", "lst_c": 37.05}}, {"type": "Feature", "geometry": {"type": "Point", "coordinates": [72.91108629909787, 19.1671286384372]}, "properties": {"city": "mumbai", "lst_c": 34.52}}, {"type": "Feature", "geometry": {"type": "Point", "coordinates": [72.91512871787641, 19.1671286384372]}, "properties": {"city": "mumbai", "lst_c": 33.96}}, {"type": "Feature", "geometry": {"type": "Point", "coordinates": [72.91917113665495, 19.1671286384372]}, "properties": {"city": "mumbai", "lst_c": 37.98}}, {"type": "Feature", "geometry": {"type": "Point", "coordinates": [72.92321355543349, 19.1671286384372]}, "properties": {"city": "mumbai", "lst_c": 37.81}}, {"type": "Feature", "geometry": {"type": "Point", "coordinates": [72.92725597421203, 19.1671286384372]}, "properties": {"city": "mumbai", "lst_c": 40.57}}, {"type": "Feature", "geometry": {"type": "Point", "coordinates": [72.93129839299057, 19.1671286384372]}, "properties": {"city": "mumbai", "lst_c": 44.13}}, {"type": "Feature", "geometry": {"type": "Point", "coordinates": [72.93534081176911, 19.1671286384372]}, "properties": {"city": "mumbai", "lst_c": 41.1}}, {"type": "Feature", "geometry": {"type": "Point", "coordinates": [72.93938323054765, 19.1671286384372]}, "properties": {"city": "mumbai", "lst_c": 43.52}}, {"type": "Feature", "geometry": {"type": "Point", "coordinates": [72.94342564932617, 19.1671286384372]}, "properties": {"city": "mumbai", "lst_c": 43.63}}, {"type": "Feature", "geometry": {"type": "Point", "coordinates": [72.94746806810471, 19.1671286384372]}, "properties": {"city": "mumbai", "lst_c": 41.94}}, {"type": "Feature", "geometry": {"type": "Point", "coordinates": [72.80194099207735, 19.17117105721574]}, "properties": {"city": "mumbai", "lst_c": 47.11}}, {"type": "Feature", "geometry": {"type": "Point", "coordinates": [72.80598341085589, 19.17117105721574]}, "properties": {"city": "mumbai", "lst_c": 41.75}}, {"type": "Feature", "geometry": {"type": "Point", "coordinates": [72.81002582963443, 19.17117105721574]}, "properties": {"city": "mumbai", "lst_c": 37.87}}, {"type": "Feature", "geometry": {"type": "Point", "coordinates": [72.81406824841297, 19.17117105721574]}, "properties": {"city": "mumbai", "lst_c": 32.87}}, {"type": "Feature", "geometry": {"type": "Point", "coordinates": [72.8181106671915, 19.17117105721574]}, "properties": {"city": "mumbai", "lst_c": 33.04}}, {"type": "Feature", "geometry": {"type": "Point", "coordinates": [72.82215308597004, 19.17117105721574]}, "properties": {"city": "mumbai", "lst_c": 32.45}}, {"type": "Feature", "geometry": {"type": "Point", "coordinates": [72.82619550474858, 19.17117105721574]}, "properties": {"city": "mumbai", "lst_c": 32.55}}, {"type": "Feature", "geometry": {"type": "Point", "coordinates": [72.83023792352712, 19.17117105721574]}, "properties": {"city": "mumbai", "lst_c": 37.12}}, {"type": "Feature", "geometry": {"type": "Point", "coordinates": [72.83428034230566, 19.17117105721574]}, "properties": {"city": "mumbai", "lst_c": 39.12}}, {"type": "Feature", "geometry": {"type": "Point", "coordinates": [72.8383227610842, 19.17117105721574]}, "properties": {"city": "mumbai", "lst_c": 42.04}}, {"type": "Feature", "geometry": {"type": "Point", "coordinates": [72.84236517986274, 19.17117105721574]}, "properties": {"city": "mumbai", "lst_c": 42.33}}, {"type": "Feature", "geometry": {"type": "Point", "coordinates": [72.84640759864126, 19.17117105721574]}, "properties": {"city": "mumbai", "lst_c": 38.75}}, {"type": "Feature", "geometry": {"type": "Point", "coordinates": [72.8504500174198, 19.17117105721574]}, "properties": {"city": "mumbai", "lst_c": 39.94}}, {"type": "Feature", "geometry": {"type": "Point", "coordinates": [72.85449243619834, 19.17117105721574]}, "properties": {"city": "mumbai", "lst_c": 43.0}}, {"type": "Feature", "geometry": {"type": "Point", "coordinates": [72.85853485497688, 19.17117105721574]}, "properties": {"city": "mumbai", "lst_c": 40.16}}, {"type": "Feature", "geometry": {"type": "Point", "coordinates": [72.86257727375542, 19.17117105721574]}, "properties": {"city": "mumbai", "lst_c": 37.41}}, {"type": "Feature", "geometry": {"type": "Point", "coordinates": [72.86661969253396, 19.17117105721574]}, "properties": {"city": "mumbai", "lst_c": 38.31}}, {"type": "Feature", "geometry": {"type": "Point", "coordinates": [72.8706621113125, 19.17117105721574]}, "properties": {"city": "mumbai", "lst_c": 37.69}}, {"type": "Feature", "geometry": {"type": "Point", "coordinates": [72.87470453009104, 19.17117105721574]}, "properties": {"city": "mumbai", "lst_c": 43.82}}, {"type": "Feature", "geometry": {"type": "Point", "coordinates": [72.87874694886958, 19.17117105721574]}, "properties": {"city": "mumbai", "lst_c": 43.54}}, {"type": "Feature", "geometry": {"type": "Point", "coordinates": [72.88278936764812, 19.17117105721574]}, "properties": {"city": "mumbai", "lst_c": 40.36}}, {"type": "Feature", "geometry": {"type": "Point", "coordinates": [72.88683178642665, 19.17117105721574]}, "properties": {"city": "mumbai", "lst_c": 45.96}}, {"type": "Feature", "geometry": {"type": "Point", "coordinates": [72.8908742052052, 19.17117105721574]}, "properties": {"city": "mumbai", "lst_c": 36.63}}, {"type": "Feature", "geometry": {"type": "Point", "coordinates": [72.89491662398372, 19.17117105721574]}, "properties": {"city": "mumbai", "lst_c": 36.87}}, {"type": "Feature", "geometry": {"type": "Point", "coordinates": [72.89895904276226, 19.17117105721574]}, "properties": {"city": "mumbai", "lst_c": 36.63}}, {"type": "Feature", "geometry": {"type": "Point", "coordinates": [72.9030014615408, 19.17117105721574]}, "properties": {"city": "mumbai", "lst_c": 41.52}}, {"type": "Feature", "geometry": {"type": "Point", "coordinates": [72.90704388031934, 19.17117105721574]}, "properties": {"city": "mumbai", "lst_c": 36.98}}, {"type": "Feature", "geometry": {"type": "Point", "coordinates": [72.91108629909787, 19.17117105721574]}, "properties": {"city": "mumbai", "lst_c": 35.5}}, {"type": "Feature", "geometry": {"type": "Point", "coordinates": [72.91512871787641, 19.17117105721574]}, "properties": {"city": "mumbai", "lst_c": 36.14}}, {"type": "Feature", "geometry": {"type": "Point", "coordinates": [72.91917113665495, 19.17117105721574]}, "properties": {"city": "mumbai", "lst_c": 35.69}}, {"type": "Feature", "geometry": {"type": "Point", "coordinates": [72.92321355543349, 19.17117105721574]}, "properties": {"city": "mumbai", "lst_c": 35.38}}, {"type": "Feature", "geometry": {"type": "Point", "coordinates": [72.92725597421203, 19.17117105721574]}, "properties": {"city": "mumbai", "lst_c": 41.68}}, {"type": "Feature", "geometry": {"type": "Point", "coordinates": [72.93129839299057, 19.17117105721574]}, "properties": {"city": "mumbai", "lst_c": 40.52}}, {"type": "Feature", "geometry": {"type": "Point", "coordinates": [72.93534081176911, 19.17117105721574]}, "properties": {"city": "mumbai", "lst_c": 43.43}}, {"type": "Feature", "geometry": {"type": "Point", "coordinates": [72.93938323054765, 19.17117105721574]}, "properties": {"city": "mumbai", "lst_c": 40.85}}, {"type": "Feature", "geometry": {"type": "Point", "coordinates": [72.94342564932617, 19.17117105721574]}, "properties": {"city": "mumbai", "lst_c": 39.75}}, {"type": "Feature", "geometry": {"type": "Point", "coordinates": [72.94746806810471, 19.17117105721574]}, "properties": {"city": "mumbai", "lst_c": 39.89}}, {"type": "Feature", "geometry": {"type": "Point", "coordinates": [72.80194099207735, 19.175213475994276]}, "properties": {"city": "mumbai", "lst_c": 43.7}}, {"type": "Feature", "geometry": {"type": "Point", "coordinates": [72.80598341085589, 19.175213475994276]}, "properties": {"city": "mumbai", "lst_c": 43.55}}, {"type": "Feature", "geometry": {"type": "Point", "coordinates": [72.81002582963443, 19.175213475994276]}, "properties": {"city": "mumbai", "lst_c": 45.65}}, {"type": "Feature", "geometry": {"type": "Point", "coordinates": [72.81406824841297, 19.175213475994276]}, "properties": {"city": "mumbai", "lst_c": 34.31}}, {"type": "Feature", "geometry": {"type": "Point", "coordinates": [72.8181106671915, 19.175213475994276]}, "properties": {"city": "mumbai", "lst_c": 34.08}}, {"type": "Feature", "geometry": {"type": "Point", "coordinates": [72.82215308597004, 19.175213475994276]}, "properties": {"city": "mumbai", "lst_c": 33.92}}, {"type": "Feature", "geometry": {"type": "Point", "coordinates": [72.82619550474858, 19.175213475994276]}, "properties": {"city": "mumbai", "lst_c": 32.91}}, {"type": "Feature", "geometry": {"type": "Point", "coordinates": [72.83023792352712, 19.175213475994276]}, "properties": {"city": "mumbai", "lst_c": 35.9}}, {"type": "Feature", "geometry": {"type": "Point", "coordinates": [72.83428034230566, 19.175213475994276]}, "properties": {"city": "mumbai", "lst_c": 40.4}}, {"type": "Feature", "geometry": {"type": "Point", "coordinates": [72.8383227610842, 19.175213475994276]}, "properties": {"city": "mumbai", "lst_c": 38.73}}, {"type": "Feature", "geometry": {"type": "Point", "coordinates": [72.84236517986274, 19.175213475994276]}, "properties": {"city": "mumbai", "lst_c": 39.27}}, {"type": "Feature", "geometry": {"type": "Point", "coordinates": [72.84640759864126, 19.175213475994276]}, "properties": {"city": "mumbai", "lst_c": 39.44}}, {"type": "Feature", "geometry": {"type": "Point", "coordinates": [72.8504500174198, 19.175213475994276]}, "properties": {"city": "mumbai", "lst_c": 44.6}}, {"type": "Feature", "geometry": {"type": "Point", "coordinates": [72.85449243619834, 19.175213475994276]}, "properties": {"city": "mumbai", "lst_c": 41.4}}, {"type": "Feature", "geometry": {"type": "Point", "coordinates": [72.85853485497688, 19.175213475994276]}, "properties": {"city": "mumbai", "lst_c": 42.89}}, {"type": "Feature", "geometry": {"type": "Point", "coordinates": [72.86257727375542, 19.175213475994276]}, "properties": {"city": "mumbai", "lst_c": 40.1}}, {"type": "Feature", "geometry": {"type": "Point", "coordinates": [72.86661969253396, 19.175213475994276]}, "properties": {"city": "mumbai", "lst_c": 38.72}}, {"type": "Feature", "geometry": {"type": "Point", "coordinates": [72.8706621113125, 19.175213475994276]}, "properties": {"city": "mumbai", "lst_c": 40.76}}, {"type": "Feature", "geometry": {"type": "Point", "coordinates": [72.87470453009104, 19.175213475994276]}, "properties": {"city": "mumbai", "lst_c": 41.68}}, {"type": "Feature", "geometry": {"type": "Point", "coordinates": [72.87874694886958, 19.175213475994276]}, "properties": {"city": "mumbai", "lst_c": 41.38}}, {"type": "Feature", "geometry": {"type": "Point", "coordinates": [72.88278936764812, 19.175213475994276]}, "properties": {"city": "mumbai", "lst_c": 42.03}}, {"type": "Feature", "geometry": {"type": "Point", "coordinates": [72.88683178642665, 19.175213475994276]}, "properties": {"city": "mumbai", "lst_c": 43.59}}, {"type": "Feature", "geometry": {"type": "Point", "coordinates": [72.8908742052052, 19.175213475994276]}, "properties": {"city": "mumbai", "lst_c": 36.32}}, {"type": "Feature", "geometry": {"type": "Point", "coordinates": [72.89491662398372, 19.175213475994276]}, "properties": {"city": "mumbai", "lst_c": 35.4}}, {"type": "Feature", "geometry": {"type": "Point", "coordinates": [72.89895904276226, 19.175213475994276]}, "properties": {"city": "mumbai", "lst_c": 35.3}}, {"type": "Feature", "geometry": {"type": "Point", "coordinates": [72.9030014615408, 19.175213475994276]}, "properties": {"city": "mumbai", "lst_c": 38.25}}, {"type": "Feature", "geometry": {"type": "Point", "coordinates": [72.90704388031934, 19.175213475994276]}, "properties": {"city": "mumbai", "lst_c": 37.26}}, {"type": "Feature", "geometry": {"type": "Point", "coordinates": [72.91108629909787, 19.175213475994276]}, "properties": {"city": "mumbai", "lst_c": 37.64}}, {"type": "Feature", "geometry": {"type": "Point", "coordinates": [72.91512871787641, 19.175213475994276]}, "properties": {"city": "mumbai", "lst_c": 36.68}}, {"type": "Feature", "geometry": {"type": "Point", "coordinates": [72.91917113665495, 19.175213475994276]}, "properties": {"city": "mumbai", "lst_c": 35.32}}, {"type": "Feature", "geometry": {"type": "Point", "coordinates": [72.92321355543349, 19.175213475994276]}, "properties": {"city": "mumbai", "lst_c": 35.38}}, {"type": "Feature", "geometry": {"type": "Point", "coordinates": [72.92725597421203, 19.175213475994276]}, "properties": {"city": "mumbai", "lst_c": 37.88}}, {"type": "Feature", "geometry": {"type": "Point", "coordinates": [72.93129839299057, 19.175213475994276]}, "properties": {"city": "mumbai", "lst_c": 41.88}}, {"type": "Feature", "geometry": {"type": "Point", "coordinates": [72.93534081176911, 19.175213475994276]}, "properties": {"city": "mumbai", "lst_c": 42.61}}, {"type": "Feature", "geometry": {"type": "Point", "coordinates": [72.93938323054765, 19.175213475994276]}, "properties": {"city": "mumbai", "lst_c": 38.65}}, {"type": "Feature", "geometry": {"type": "Point", "coordinates": [72.94342564932617, 19.175213475994276]}, "properties": {"city": "mumbai", "lst_c": 38.66}}, {"type": "Feature", "geometry": {"type": "Point", "coordinates": [72.94746806810471, 19.175213475994276]}, "properties": {"city": "mumbai", "lst_c": 41.57}}, {"type": "Feature", "geometry": {"type": "Point", "coordinates": [72.80194099207735, 19.179255894772815]}, "properties": {"city": "mumbai", "lst_c": 40.96}}, {"type": "Feature", "geometry": {"type": "Point", "coordinates": [72.80598341085589, 19.179255894772815]}, "properties": {"city": "mumbai", "lst_c": 43.83}}, {"type": "Feature", "geometry": {"type": "Point", "coordinates": [72.81002582963443, 19.179255894772815]}, "properties": {"city": "mumbai", "lst_c": 45.8}}, {"type": "Feature", "geometry": {"type": "Point", "coordinates": [72.81406824841297, 19.179255894772815]}, "properties": {"city": "mumbai", "lst_c": 43.07}}, {"type": "Feature", "geometry": {"type": "Point", "coordinates": [72.8181106671915, 19.179255894772815]}, "properties": {"city": "mumbai", "lst_c": 41.21}}, {"type": "Feature", "geometry": {"type": "Point", "coordinates": [72.82215308597004, 19.179255894772815]}, "properties": {"city": "mumbai", "lst_c": 33.32}}, {"type": "Feature", "geometry": {"type": "Point", "coordinates": [72.82619550474858, 19.179255894772815]}, "properties": {"city": "mumbai", "lst_c": 33.25}}, {"type": "Feature", "geometry": {"type": "Point", "coordinates": [72.83023792352712, 19.179255894772815]}, "properties": {"city": "mumbai", "lst_c": 35.09}}, {"type": "Feature", "geometry": {"type": "Point", "coordinates": [72.83428034230566, 19.179255894772815]}, "properties": {"city": "mumbai", "lst_c": 38.94}}, {"type": "Feature", "geometry": {"type": "Point", "coordinates": [72.8383227610842, 19.179255894772815]}, "properties": {"city": "mumbai", "lst_c": 40.22}}, {"type": "Feature", "geometry": {"type": "Point", "coordinates": [72.84236517986274, 19.179255894772815]}, "properties": {"city": "mumbai", "lst_c": 41.01}}, {"type": "Feature", "geometry": {"type": "Point", "coordinates": [72.84640759864126, 19.179255894772815]}, "properties": {"city": "mumbai", "lst_c": 40.2}}, {"type": "Feature", "geometry": {"type": "Point", "coordinates": [72.8504500174198, 19.179255894772815]}, "properties": {"city": "mumbai", "lst_c": 40.04}}, {"type": "Feature", "geometry": {"type": "Point", "coordinates": [72.85449243619834, 19.179255894772815]}, "properties": {"city": "mumbai", "lst_c": 38.56}}, {"type": "Feature", "geometry": {"type": "Point", "coordinates": [72.85853485497688, 19.179255894772815]}, "properties": {"city": "mumbai", "lst_c": 43.96}}, {"type": "Feature", "geometry": {"type": "Point", "coordinates": [72.86257727375542, 19.179255894772815]}, "properties": {"city": "mumbai", "lst_c": 43.8}}, {"type": "Feature", "geometry": {"type": "Point", "coordinates": [72.86661969253396, 19.179255894772815]}, "properties": {"city": "mumbai", "lst_c": 45.27}}, {"type": "Feature", "geometry": {"type": "Point", "coordinates": [72.8706621113125, 19.179255894772815]}, "properties": {"city": "mumbai", "lst_c": 42.99}}, {"type": "Feature", "geometry": {"type": "Point", "coordinates": [72.87470453009104, 19.179255894772815]}, "properties": {"city": "mumbai", "lst_c": 40.04}}, {"type": "Feature", "geometry": {"type": "Point", "coordinates": [72.87874694886958, 19.179255894772815]}, "properties": {"city": "mumbai", "lst_c": 40.37}}, {"type": "Feature", "geometry": {"type": "Point", "coordinates": [72.88278936764812, 19.179255894772815]}, "properties": {"city": "mumbai", "lst_c": 46.07}}, {"type": "Feature", "geometry": {"type": "Point", "coordinates": [72.88683178642665, 19.179255894772815]}, "properties": {"city": "mumbai", "lst_c": 44.56}}, {"type": "Feature", "geometry": {"type": "Point", "coordinates": [72.8908742052052, 19.179255894772815]}, "properties": {"city": "mumbai", "lst_c": 36.18}}, {"type": "Feature", "geometry": {"type": "Point", "coordinates": [72.89491662398372, 19.179255894772815]}, "properties": {"city": "mumbai", "lst_c": 35.39}}, {"type": "Feature", "geometry": {"type": "Point", "coordinates": [72.89895904276226, 19.179255894772815]}, "properties": {"city": "mumbai", "lst_c": 34.37}}, {"type": "Feature", "geometry": {"type": "Point", "coordinates": [72.9030014615408, 19.179255894772815]}, "properties": {"city": "mumbai", "lst_c": 35.93}}, {"type": "Feature", "geometry": {"type": "Point", "coordinates": [72.90704388031934, 19.179255894772815]}, "properties": {"city": "mumbai", "lst_c": 36.82}}, {"type": "Feature", "geometry": {"type": "Point", "coordinates": [72.91108629909787, 19.179255894772815]}, "properties": {"city": "mumbai", "lst_c": 37.73}}, {"type": "Feature", "geometry": {"type": "Point", "coordinates": [72.91512871787641, 19.179255894772815]}, "properties": {"city": "mumbai", "lst_c": 36.06}}, {"type": "Feature", "geometry": {"type": "Point", "coordinates": [72.91917113665495, 19.179255894772815]}, "properties": {"city": "mumbai", "lst_c": 34.44}}, {"type": "Feature", "geometry": {"type": "Point", "coordinates": [72.92321355543349, 19.179255894772815]}, "properties": {"city": "mumbai", "lst_c": 35.84}}, {"type": "Feature", "geometry": {"type": "Point", "coordinates": [72.92725597421203, 19.179255894772815]}, "properties": {"city": "mumbai", "lst_c": 35.96}}, {"type": "Feature", "geometry": {"type": "Point", "coordinates": [72.93129839299057, 19.179255894772815]}, "properties": {"city": "mumbai", "lst_c": 41.25}}, {"type": "Feature", "geometry": {"type": "Point", "coordinates": [72.93534081176911, 19.179255894772815]}, "properties": {"city": "mumbai", "lst_c": 42.48}}, {"type": "Feature", "geometry": {"type": "Point", "coordinates": [72.93938323054765, 19.179255894772815]}, "properties": {"city": "mumbai", "lst_c": 39.67}}, {"type": "Feature", "geometry": {"type": "Point", "coordinates": [72.94342564932617, 19.179255894772815]}, "properties": {"city": "mumbai", "lst_c": 39.17}}, {"type": "Feature", "geometry": {"type": "Point", "coordinates": [72.94746806810471, 19.179255894772815]}, "properties": {"city": "mumbai", "lst_c": 38.12}}, {"type": "Feature", "geometry": {"type": "Point", "coordinates": [72.80194099207735, 19.18329831355135]}, "properties": {"city": "mumbai", "lst_c": 44.16}}, {"type": "Feature", "geometry": {"type": "Point", "coordinates": [72.80598341085589, 19.18329831355135]}, "properties": {"city": "mumbai", "lst_c": 41.93}}, {"type": "Feature", "geometry": {"type": "Point", "coordinates": [72.81002582963443, 19.18329831355135]}, "properties": {"city": "mumbai", "lst_c": 42.38}}, {"type": "Feature", "geometry": {"type": "Point", "coordinates": [72.81406824841297, 19.18329831355135]}, "properties": {"city": "mumbai", "lst_c": 41.33}}, {"type": "Feature", "geometry": {"type": "Point", "coordinates": [72.8181106671915, 19.18329831355135]}, "properties": {"city": "mumbai", "lst_c": 46.6}}, {"type": "Feature", "geometry": {"type": "Point", "coordinates": [72.82215308597004, 19.18329831355135]}, "properties": {"city": "mumbai", "lst_c": 44.97}}, {"type": "Feature", "geometry": {"type": "Point", "coordinates": [72.82619550474858, 19.18329831355135]}, "properties": {"city": "mumbai", "lst_c": 37.62}}, {"type": "Feature", "geometry": {"type": "Point", "coordinates": [72.83023792352712, 19.18329831355135]}, "properties": {"city": "mumbai", "lst_c": 42.81}}, {"type": "Feature", "geometry": {"type": "Point", "coordinates": [72.83428034230566, 19.18329831355135]}, "properties": {"city": "mumbai", "lst_c": 45.13}}, {"type": "Feature", "geometry": {"type": "Point", "coordinates": [72.8383227610842, 19.18329831355135]}, "properties": {"city": "mumbai", "lst_c": 41.31}}, {"type": "Feature", "geometry": {"type": "Point", "coordinates": [72.84236517986274, 19.18329831355135]}, "properties": {"city": "mumbai", "lst_c": 41.04}}, {"type": "Feature", "geometry": {"type": "Point", "coordinates": [72.84640759864126, 19.18329831355135]}, "properties": {"city": "mumbai", "lst_c": 40.82}}, {"type": "Feature", "geometry": {"type": "Point", "coordinates": [72.8504500174198, 19.18329831355135]}, "properties": {"city": "mumbai", "lst_c": 41.02}}, {"type": "Feature", "geometry": {"type": "Point", "coordinates": [72.85449243619834, 19.18329831355135]}, "properties": {"city": "mumbai", "lst_c": 40.98}}, {"type": "Feature", "geometry": {"type": "Point", "coordinates": [72.85853485497688, 19.18329831355135]}, "properties": {"city": "mumbai", "lst_c": 39.89}}, {"type": "Feature", "geometry": {"type": "Point", "coordinates": [72.86257727375542, 19.18329831355135]}, "properties": {"city": "mumbai", "lst_c": 42.02}}, {"type": "Feature", "geometry": {"type": "Point", "coordinates": [72.86661969253396, 19.18329831355135]}, "properties": {"city": "mumbai", "lst_c": 41.65}}, {"type": "Feature", "geometry": {"type": "Point", "coordinates": [72.8706621113125, 19.18329831355135]}, "properties": {"city": "mumbai", "lst_c": 41.6}}, {"type": "Feature", "geometry": {"type": "Point", "coordinates": [72.87470453009104, 19.18329831355135]}, "properties": {"city": "mumbai", "lst_c": 41.4}}, {"type": "Feature", "geometry": {"type": "Point", "coordinates": [72.87874694886958, 19.18329831355135]}, "properties": {"city": "mumbai", "lst_c": 42.24}}, {"type": "Feature", "geometry": {"type": "Point", "coordinates": [72.88278936764812, 19.18329831355135]}, "properties": {"city": "mumbai", "lst_c": 38.03}}, {"type": "Feature", "geometry": {"type": "Point", "coordinates": [72.88683178642665, 19.18329831355135]}, "properties": {"city": "mumbai", "lst_c": 38.1}}, {"type": "Feature", "geometry": {"type": "Point", "coordinates": [72.8908742052052, 19.18329831355135]}, "properties": {"city": "mumbai", "lst_c": 35.77}}, {"type": "Feature", "geometry": {"type": "Point", "coordinates": [72.89491662398372, 19.18329831355135]}, "properties": {"city": "mumbai", "lst_c": 33.9}}, {"type": "Feature", "geometry": {"type": "Point", "coordinates": [72.89895904276226, 19.18329831355135]}, "properties": {"city": "mumbai", "lst_c": 33.97}}, {"type": "Feature", "geometry": {"type": "Point", "coordinates": [72.9030014615408, 19.18329831355135]}, "properties": {"city": "mumbai", "lst_c": 34.94}}, {"type": "Feature", "geometry": {"type": "Point", "coordinates": [72.90704388031934, 19.18329831355135]}, "properties": {"city": "mumbai", "lst_c": 36.84}}, {"type": "Feature", "geometry": {"type": "Point", "coordinates": [72.91108629909787, 19.18329831355135]}, "properties": {"city": "mumbai", "lst_c": 37.91}}, {"type": "Feature", "geometry": {"type": "Point", "coordinates": [72.91512871787641, 19.18329831355135]}, "properties": {"city": "mumbai", "lst_c": 35.65}}, {"type": "Feature", "geometry": {"type": "Point", "coordinates": [72.91917113665495, 19.18329831355135]}, "properties": {"city": "mumbai", "lst_c": 35.17}}, {"type": "Feature", "geometry": {"type": "Point", "coordinates": [72.92321355543349, 19.18329831355135]}, "properties": {"city": "mumbai", "lst_c": 35.9}}, {"type": "Feature", "geometry": {"type": "Point", "coordinates": [72.92725597421203, 19.18329831355135]}, "properties": {"city": "mumbai", "lst_c": 36.44}}, {"type": "Feature", "geometry": {"type": "Point", "coordinates": [72.93129839299057, 19.18329831355135]}, "properties": {"city": "mumbai", "lst_c": 36.41}}, {"type": "Feature", "geometry": {"type": "Point", "coordinates": [72.93534081176911, 19.18329831355135]}, "properties": {"city": "mumbai", "lst_c": 38.59}}, {"type": "Feature", "geometry": {"type": "Point", "coordinates": [72.93938323054765, 19.18329831355135]}, "properties": {"city": "mumbai", "lst_c": 39.51}}, {"type": "Feature", "geometry": {"type": "Point", "coordinates": [72.94342564932617, 19.18329831355135]}, "properties": {"city": "mumbai", "lst_c": 38.75}}, {"type": "Feature", "geometry": {"type": "Point", "coordinates": [72.94746806810471, 19.18329831355135]}, "properties": {"city": "mumbai", "lst_c": 40.77}}, {"type": "Feature", "geometry": {"type": "Point", "coordinates": [72.80194099207735, 19.18734073232989]}, "properties": {"city": "mumbai", "lst_c": 42.32}}, {"type": "Feature", "geometry": {"type": "Point", "coordinates": [72.80598341085589, 19.18734073232989]}, "properties": {"city": "mumbai", "lst_c": 39.75}}, {"type": "Feature", "geometry": {"type": "Point", "coordinates": [72.81002582963443, 19.18734073232989]}, "properties": {"city": "mumbai", "lst_c": 40.27}}, {"type": "Feature", "geometry": {"type": "Point", "coordinates": [72.81406824841297, 19.18734073232989]}, "properties": {"city": "mumbai", "lst_c": 44.93}}, {"type": "Feature", "geometry": {"type": "Point", "coordinates": [72.8181106671915, 19.18734073232989]}, "properties": {"city": "mumbai", "lst_c": 48.23}}, {"type": "Feature", "geometry": {"type": "Point", "coordinates": [72.82215308597004, 19.18734073232989]}, "properties": {"city": "mumbai", "lst_c": 47.02}}, {"type": "Feature", "geometry": {"type": "Point", "coordinates": [72.82619550474858, 19.18734073232989]}, "properties": {"city": "mumbai", "lst_c": 40.61}}, {"type": "Feature", "geometry": {"type": "Point", "coordinates": [72.83023792352712, 19.18734073232989]}, "properties": {"city": "mumbai", "lst_c": 37.3}}, {"type": "Feature", "geometry": {"type": "Point", "coordinates": [72.83428034230566, 19.18734073232989]}, "properties": {"city": "mumbai", "lst_c": 40.32}}, {"type": "Feature", "geometry": {"type": "Point", "coordinates": [72.8383227610842, 19.18734073232989]}, "properties": {"city": "mumbai", "lst_c": 39.62}}, {"type": "Feature", "geometry": {"type": "Point", "coordinates": [72.84236517986274, 19.18734073232989]}, "properties": {"city": "mumbai", "lst_c": 39.68}}, {"type": "Feature", "geometry": {"type": "Point", "coordinates": [72.84640759864126, 19.18734073232989]}, "properties": {"city": "mumbai", "lst_c": 41.69}}, {"type": "Feature", "geometry": {"type": "Point", "coordinates": [72.8504500174198, 19.18734073232989]}, "properties": {"city": "mumbai", "lst_c": 40.06}}, {"type": "Feature", "geometry": {"type": "Point", "coordinates": [72.85449243619834, 19.18734073232989]}, "properties": {"city": "mumbai", "lst_c": 41.27}}, {"type": "Feature", "geometry": {"type": "Point", "coordinates": [72.85853485497688, 19.18734073232989]}, "properties": {"city": "mumbai", "lst_c": 43.23}}, {"type": "Feature", "geometry": {"type": "Point", "coordinates": [72.86257727375542, 19.18734073232989]}, "properties": {"city": "mumbai", "lst_c": 45.02}}, {"type": "Feature", "geometry": {"type": "Point", "coordinates": [72.86661969253396, 19.18734073232989]}, "properties": {"city": "mumbai", "lst_c": 46.45}}, {"type": "Feature", "geometry": {"type": "Point", "coordinates": [72.8706621113125, 19.18734073232989]}, "properties": {"city": "mumbai", "lst_c": 42.32}}, {"type": "Feature", "geometry": {"type": "Point", "coordinates": [72.87470453009104, 19.18734073232989]}, "properties": {"city": "mumbai", "lst_c": 41.84}}, {"type": "Feature", "geometry": {"type": "Point", "coordinates": [72.87874694886958, 19.18734073232989]}, "properties": {"city": "mumbai", "lst_c": 37.73}}, {"type": "Feature", "geometry": {"type": "Point", "coordinates": [72.88278936764812, 19.18734073232989]}, "properties": {"city": "mumbai", "lst_c": 37.98}}, {"type": "Feature", "geometry": {"type": "Point", "coordinates": [72.88683178642665, 19.18734073232989]}, "properties": {"city": "mumbai", "lst_c": 38.03}}, {"type": "Feature", "geometry": {"type": "Point", "coordinates": [72.8908742052052, 19.18734073232989]}, "properties": {"city": "mumbai", "lst_c": 36.14}}, {"type": "Feature", "geometry": {"type": "Point", "coordinates": [72.89491662398372, 19.18734073232989]}, "properties": {"city": "mumbai", "lst_c": 35.49}}, {"type": "Feature", "geometry": {"type": "Point", "coordinates": [72.89895904276226, 19.18734073232989]}, "properties": {"city": "mumbai", "lst_c": 34.15}}, {"type": "Feature", "geometry": {"type": "Point", "coordinates": [72.9030014615408, 19.18734073232989]}, "properties": {"city": "mumbai", "lst_c": 34.65}}, {"type": "Feature", "geometry": {"type": "Point", "coordinates": [72.90704388031934, 19.18734073232989]}, "properties": {"city": "mumbai", "lst_c": 36.34}}, {"type": "Feature", "geometry": {"type": "Point", "coordinates": [72.91108629909787, 19.18734073232989]}, "properties": {"city": "mumbai", "lst_c": 37.6}}, {"type": "Feature", "geometry": {"type": "Point", "coordinates": [72.91512871787641, 19.18734073232989]}, "properties": {"city": "mumbai", "lst_c": 32.91}}, {"type": "Feature", "geometry": {"type": "Point", "coordinates": [72.91917113665495, 19.18734073232989]}, "properties": {"city": "mumbai", "lst_c": 31.7}}, {"type": "Feature", "geometry": {"type": "Point", "coordinates": [72.92321355543349, 19.18734073232989]}, "properties": {"city": "mumbai", "lst_c": 35.26}}, {"type": "Feature", "geometry": {"type": "Point", "coordinates": [72.92725597421203, 19.18734073232989]}, "properties": {"city": "mumbai", "lst_c": 35.2}}, {"type": "Feature", "geometry": {"type": "Point", "coordinates": [72.93129839299057, 19.18734073232989]}, "properties": {"city": "mumbai", "lst_c": 35.14}}, {"type": "Feature", "geometry": {"type": "Point", "coordinates": [72.93534081176911, 19.18734073232989]}, "properties": {"city": "mumbai", "lst_c": 39.37}}, {"type": "Feature", "geometry": {"type": "Point", "coordinates": [72.93938323054765, 19.18734073232989]}, "properties": {"city": "mumbai", "lst_c": 41.66}}, {"type": "Feature", "geometry": {"type": "Point", "coordinates": [72.94342564932617, 19.18734073232989]}, "properties": {"city": "mumbai", "lst_c": 38.56}}, {"type": "Feature", "geometry": {"type": "Point", "coordinates": [72.94746806810471, 19.18734073232989]}, "properties": {"city": "mumbai", "lst_c": 42.62}}, {"type": "Feature", "geometry": {"type": "Point", "coordinates": [72.80194099207735, 19.19138315110843]}, "properties": {"city": "mumbai", "lst_c": 38.89}}, {"type": "Feature", "geometry": {"type": "Point", "coordinates": [72.80598341085589, 19.19138315110843]}, "properties": {"city": "mumbai", "lst_c": 42.52}}, {"type": "Feature", "geometry": {"type": "Point", "coordinates": [72.81002582963443, 19.19138315110843]}, "properties": {"city": "mumbai", "lst_c": 41.4}}, {"type": "Feature", "geometry": {"type": "Point", "coordinates": [72.81406824841297, 19.19138315110843]}, "properties": {"city": "mumbai", "lst_c": 46.13}}, {"type": "Feature", "geometry": {"type": "Point", "coordinates": [72.8181106671915, 19.19138315110843]}, "properties": {"city": "mumbai", "lst_c": 46.12}}, {"type": "Feature", "geometry": {"type": "Point", "coordinates": [72.82215308597004, 19.19138315110843]}, "properties": {"city": "mumbai", "lst_c": 46.09}}, {"type": "Feature", "geometry": {"type": "Point", "coordinates": [72.82619550474858, 19.19138315110843]}, "properties": {"city": "mumbai", "lst_c": 40.57}}, {"type": "Feature", "geometry": {"type": "Point", "coordinates": [72.83023792352712, 19.19138315110843]}, "properties": {"city": "mumbai", "lst_c": 37.45}}, {"type": "Feature", "geometry": {"type": "Point", "coordinates": [72.83428034230566, 19.19138315110843]}, "properties": {"city": "mumbai", "lst_c": 38.1}}, {"type": "Feature", "geometry": {"type": "Point", "coordinates": [72.8383227610842, 19.19138315110843]}, "properties": {"city": "mumbai", "lst_c": 40.84}}, {"type": "Feature", "geometry": {"type": "Point", "coordinates": [72.84236517986274, 19.19138315110843]}, "properties": {"city": "mumbai", "lst_c": 39.47}}, {"type": "Feature", "geometry": {"type": "Point", "coordinates": [72.84640759864126, 19.19138315110843]}, "properties": {"city": "mumbai", "lst_c": 39.76}}, {"type": "Feature", "geometry": {"type": "Point", "coordinates": [72.8504500174198, 19.19138315110843]}, "properties": {"city": "mumbai", "lst_c": 40.92}}, {"type": "Feature", "geometry": {"type": "Point", "coordinates": [72.85449243619834, 19.19138315110843]}, "properties": {"city": "mumbai", "lst_c": 39.58}}, {"type": "Feature", "geometry": {"type": "Point", "coordinates": [72.85853485497688, 19.19138315110843]}, "properties": {"city": "mumbai", "lst_c": 42.54}}, {"type": "Feature", "geometry": {"type": "Point", "coordinates": [72.86257727375542, 19.19138315110843]}, "properties": {"city": "mumbai", "lst_c": 42.04}}, {"type": "Feature", "geometry": {"type": "Point", "coordinates": [72.86661969253396, 19.19138315110843]}, "properties": {"city": "mumbai", "lst_c": 45.32}}, {"type": "Feature", "geometry": {"type": "Point", "coordinates": [72.8706621113125, 19.19138315110843]}, "properties": {"city": "mumbai", "lst_c": 46.14}}, {"type": "Feature", "geometry": {"type": "Point", "coordinates": [72.87470453009104, 19.19138315110843]}, "properties": {"city": "mumbai", "lst_c": 46.97}}, {"type": "Feature", "geometry": {"type": "Point", "coordinates": [72.87874694886958, 19.19138315110843]}, "properties": {"city": "mumbai", "lst_c": 39.98}}, {"type": "Feature", "geometry": {"type": "Point", "coordinates": [72.88278936764812, 19.19138315110843]}, "properties": {"city": "mumbai", "lst_c": 40.88}}, {"type": "Feature", "geometry": {"type": "Point", "coordinates": [72.88683178642665, 19.19138315110843]}, "properties": {"city": "mumbai", "lst_c": 38.99}}, {"type": "Feature", "geometry": {"type": "Point", "coordinates": [72.8908742052052, 19.19138315110843]}, "properties": {"city": "mumbai", "lst_c": 38.51}}, {"type": "Feature", "geometry": {"type": "Point", "coordinates": [72.89491662398372, 19.19138315110843]}, "properties": {"city": "mumbai", "lst_c": 36.74}}, {"type": "Feature", "geometry": {"type": "Point", "coordinates": [72.89895904276226, 19.19138315110843]}, "properties": {"city": "mumbai", "lst_c": 35.22}}, {"type": "Feature", "geometry": {"type": "Point", "coordinates": [72.9030014615408, 19.19138315110843]}, "properties": {"city": "mumbai", "lst_c": 36.39}}, {"type": "Feature", "geometry": {"type": "Point", "coordinates": [72.90704388031934, 19.19138315110843]}, "properties": {"city": "mumbai", "lst_c": 36.93}}, {"type": "Feature", "geometry": {"type": "Point", "coordinates": [72.91108629909787, 19.19138315110843]}, "properties": {"city": "mumbai", "lst_c": 35.03}}, {"type": "Feature", "geometry": {"type": "Point", "coordinates": [72.91512871787641, 19.19138315110843]}, "properties": {"city": "mumbai", "lst_c": 31.38}}, {"type": "Feature", "geometry": {"type": "Point", "coordinates": [72.91917113665495, 19.19138315110843]}, "properties": {"city": "mumbai", "lst_c": 29.03}}, {"type": "Feature", "geometry": {"type": "Point", "coordinates": [72.92321355543349, 19.19138315110843]}, "properties": {"city": "mumbai", "lst_c": 32.77}}, {"type": "Feature", "geometry": {"type": "Point", "coordinates": [72.92725597421203, 19.19138315110843]}, "properties": {"city": "mumbai", "lst_c": 35.4}}, {"type": "Feature", "geometry": {"type": "Point", "coordinates": [72.93129839299057, 19.19138315110843]}, "properties": {"city": "mumbai", "lst_c": 32.98}}, {"type": "Feature", "geometry": {"type": "Point", "coordinates": [72.93534081176911, 19.19138315110843]}, "properties": {"city": "mumbai", "lst_c": 36.49}}, {"type": "Feature", "geometry": {"type": "Point", "coordinates": [72.93938323054765, 19.19138315110843]}, "properties": {"city": "mumbai", "lst_c": 42.04}}, {"type": "Feature", "geometry": {"type": "Point", "coordinates": [72.94342564932617, 19.19138315110843]}, "properties": {"city": "mumbai", "lst_c": 41.36}}, {"type": "Feature", "geometry": {"type": "Point", "coordinates": [72.94746806810471, 19.19138315110843]}, "properties": {"city": "mumbai", "lst_c": 42.04}}, {"type": "Feature", "geometry": {"type": "Point", "coordinates": [72.80194099207735, 19.195425569886964]}, "properties": {"city": "mumbai", "lst_c": 37.13}}, {"type": "Feature", "geometry": {"type": "Point", "coordinates": [72.80598341085589, 19.195425569886964]}, "properties": {"city": "mumbai", "lst_c": 39.84}}, {"type": "Feature", "geometry": {"type": "Point", "coordinates": [72.81002582963443, 19.195425569886964]}, "properties": {"city": "mumbai", "lst_c": 40.75}}, {"type": "Feature", "geometry": {"type": "Point", "coordinates": [72.81406824841297, 19.195425569886964]}, "properties": {"city": "mumbai", "lst_c": 39.6}}, {"type": "Feature", "geometry": {"type": "Point", "coordinates": [72.8181106671915, 19.195425569886964]}, "properties": {"city": "mumbai", "lst_c": 43.32}}, {"type": "Feature", "geometry": {"type": "Point", "coordinates": [72.82215308597004, 19.195425569886964]}, "properties": {"city": "mumbai", "lst_c": 45.05}}, {"type": "Feature", "geometry": {"type": "Point", "coordinates": [72.82619550474858, 19.195425569886964]}, "properties": {"city": "mumbai", "lst_c": 42.07}}, {"type": "Feature", "geometry": {"type": "Point", "coordinates": [72.83023792352712, 19.195425569886964]}, "properties": {"city": "mumbai", "lst_c": 39.96}}, {"type": "Feature", "geometry": {"type": "Point", "coordinates": [72.83428034230566, 19.195425569886964]}, "properties": {"city": "mumbai", "lst_c": 40.57}}, {"type": "Feature", "geometry": {"type": "Point", "coordinates": [72.8383227610842, 19.195425569886964]}, "properties": {"city": "mumbai", "lst_c": 39.87}}, {"type": "Feature", "geometry": {"type": "Point", "coordinates": [72.84236517986274, 19.195425569886964]}, "properties": {"city": "mumbai", "lst_c": 37.03}}, {"type": "Feature", "geometry": {"type": "Point", "coordinates": [72.84640759864126, 19.195425569886964]}, "properties": {"city": "mumbai", "lst_c": 38.42}}, {"type": "Feature", "geometry": {"type": "Point", "coordinates": [72.8504500174198, 19.195425569886964]}, "properties": {"city": "mumbai", "lst_c": 39.5}}, {"type": "Feature", "geometry": {"type": "Point", "coordinates": [72.85449243619834, 19.195425569886964]}, "properties": {"city": "mumbai", "lst_c": 39.06}}, {"type": "Feature", "geometry": {"type": "Point", "coordinates": [72.85853485497688, 19.195425569886964]}, "properties": {"city": "mumbai", "lst_c": 42.9}}, {"type": "Feature", "geometry": {"type": "Point", "coordinates": [72.86257727375542, 19.195425569886964]}, "properties": {"city": "mumbai", "lst_c": 44.08}}, {"type": "Feature", "geometry": {"type": "Point", "coordinates": [72.86661969253396, 19.195425569886964]}, "properties": {"city": "mumbai", "lst_c": 43.34}}, {"type": "Feature", "geometry": {"type": "Point", "coordinates": [72.8706621113125, 19.195425569886964]}, "properties": {"city": "mumbai", "lst_c": 41.31}}, {"type": "Feature", "geometry": {"type": "Point", "coordinates": [72.87470453009104, 19.195425569886964]}, "properties": {"city": "mumbai", "lst_c": 43.46}}, {"type": "Feature", "geometry": {"type": "Point", "coordinates": [72.87874694886958, 19.195425569886964]}, "properties": {"city": "mumbai", "lst_c": 42.68}}, {"type": "Feature", "geometry": {"type": "Point", "coordinates": [72.88278936764812, 19.195425569886964]}, "properties": {"city": "mumbai", "lst_c": 42.13}}, {"type": "Feature", "geometry": {"type": "Point", "coordinates": [72.88683178642665, 19.195425569886964]}, "properties": {"city": "mumbai", "lst_c": 38.29}}, {"type": "Feature", "geometry": {"type": "Point", "coordinates": [72.8908742052052, 19.195425569886964]}, "properties": {"city": "mumbai", "lst_c": 40.24}}, {"type": "Feature", "geometry": {"type": "Point", "coordinates": [72.89491662398372, 19.195425569886964]}, "properties": {"city": "mumbai", "lst_c": 36.03}}, {"type": "Feature", "geometry": {"type": "Point", "coordinates": [72.89895904276226, 19.195425569886964]}, "properties": {"city": "mumbai", "lst_c": 35.97}}, {"type": "Feature", "geometry": {"type": "Point", "coordinates": [72.9030014615408, 19.195425569886964]}, "properties": {"city": "mumbai", "lst_c": 36.84}}, {"type": "Feature", "geometry": {"type": "Point", "coordinates": [72.90704388031934, 19.195425569886964]}, "properties": {"city": "mumbai", "lst_c": 37.29}}, {"type": "Feature", "geometry": {"type": "Point", "coordinates": [72.91108629909787, 19.195425569886964]}, "properties": {"city": "mumbai", "lst_c": 36.57}}, {"type": "Feature", "geometry": {"type": "Point", "coordinates": [72.91512871787641, 19.195425569886964]}, "properties": {"city": "mumbai", "lst_c": 31.46}}, {"type": "Feature", "geometry": {"type": "Point", "coordinates": [72.91917113665495, 19.195425569886964]}, "properties": {"city": "mumbai", "lst_c": 36.36}}, {"type": "Feature", "geometry": {"type": "Point", "coordinates": [72.92321355543349, 19.195425569886964]}, "properties": {"city": "mumbai", "lst_c": 36.31}}, {"type": "Feature", "geometry": {"type": "Point", "coordinates": [72.92725597421203, 19.195425569886964]}, "properties": {"city": "mumbai", "lst_c": 36.19}}, {"type": "Feature", "geometry": {"type": "Point", "coordinates": [72.93129839299057, 19.195425569886964]}, "properties": {"city": "mumbai", "lst_c": 34.34}}, {"type": "Feature", "geometry": {"type": "Point", "coordinates": [72.93534081176911, 19.195425569886964]}, "properties": {"city": "mumbai", "lst_c": 33.53}}, {"type": "Feature", "geometry": {"type": "Point", "coordinates": [72.93938323054765, 19.195425569886964]}, "properties": {"city": "mumbai", "lst_c": 39.6}}, {"type": "Feature", "geometry": {"type": "Point", "coordinates": [72.94342564932617, 19.195425569886964]}, "properties": {"city": "mumbai", "lst_c": 44.37}}, {"type": "Feature", "geometry": {"type": "Point", "coordinates": [72.94746806810471, 19.195425569886964]}, "properties": {"city": "mumbai", "lst_c": 42.98}}, {"type": "Feature", "geometry": {"type": "Point", "coordinates": [72.80194099207735, 19.199467988665504]}, "properties": {"city": "mumbai", "lst_c": 33.97}}, {"type": "Feature", "geometry": {"type": "Point", "coordinates": [72.80598341085589, 19.199467988665504]}, "properties": {"city": "mumbai", "lst_c": 37.38}}, {"type": "Feature", "geometry": {"type": "Point", "coordinates": [72.81002582963443, 19.199467988665504]}, "properties": {"city": "mumbai", "lst_c": 44.83}}, {"type": "Feature", "geometry": {"type": "Point", "coordinates": [72.81406824841297, 19.199467988665504]}, "properties": {"city": "mumbai", "lst_c": 41.39}}, {"type": "Feature", "geometry": {"type": "Point", "coordinates": [72.8181106671915, 19.199467988665504]}, "properties": {"city": "mumbai", "lst_c": 38.3}}, {"type": "Feature", "geometry": {"type": "Point", "coordinates": [72.82215308597004, 19.199467988665504]}, "properties": {"city": "mumbai", "lst_c": 41.62}}, {"type": "Feature", "geometry": {"type": "Point", "coordinates": [72.82619550474858, 19.199467988665504]}, "properties": {"city": "mumbai", "lst_c": 42.21}}, {"type": "Feature", "geometry": {"type": "Point", "coordinates": [72.83023792352712, 19.199467988665504]}, "properties": {"city": "mumbai", "lst_c": 46.8}}, {"type": "Feature", "geometry": {"type": "Point", "coordinates": [72.83428034230566, 19.199467988665504]}, "properties": {"city": "mumbai", "lst_c": 44.71}}, {"type": "Feature", "geometry": {"type": "Point", "coordinates": [72.8383227610842, 19.199467988665504]}, "properties": {"city": "mumbai", "lst_c": 42.57}}, {"type": "Feature", "geometry": {"type": "Point", "coordinates": [72.84236517986274, 19.199467988665504]}, "properties": {"city": "mumbai", "lst_c": 39.75}}, {"type": "Feature", "geometry": {"type": "Point", "coordinates": [72.84640759864126, 19.199467988665504]}, "properties": {"city": "mumbai", "lst_c": 37.58}}, {"type": "Feature", "geometry": {"type": "Point", "coordinates": [72.8504500174198, 19.199467988665504]}, "properties": {"city": "mumbai", "lst_c": 39.03}}, {"type": "Feature", "geometry": {"type": "Point", "coordinates": [72.85449243619834, 19.199467988665504]}, "properties": {"city": "mumbai", "lst_c": 38.66}}, {"type": "Feature", "geometry": {"type": "Point", "coordinates": [72.85853485497688, 19.199467988665504]}, "properties": {"city": "mumbai", "lst_c": 40.64}}, {"type": "Feature", "geometry": {"type": "Point", "coordinates": [72.86257727375542, 19.199467988665504]}, "properties": {"city": "mumbai", "lst_c": 41.04}}, {"type": "Feature", "geometry": {"type": "Point", "coordinates": [72.86661969253396, 19.199467988665504]}, "properties": {"city": "mumbai", "lst_c": 45.82}}, {"type": "Feature", "geometry": {"type": "Point", "coordinates": [72.8706621113125, 19.199467988665504]}, "properties": {"city": "mumbai", "lst_c": 40.35}}, {"type": "Feature", "geometry": {"type": "Point", "coordinates": [72.87470453009104, 19.199467988665504]}, "properties": {"city": "mumbai", "lst_c": 42.03}}, {"type": "Feature", "geometry": {"type": "Point", "coordinates": [72.87874694886958, 19.199467988665504]}, "properties": {"city": "mumbai", "lst_c": 43.88}}, {"type": "Feature", "geometry": {"type": "Point", "coordinates": [72.88278936764812, 19.199467988665504]}, "properties": {"city": "mumbai", "lst_c": 44.68}}, {"type": "Feature", "geometry": {"type": "Point", "coordinates": [72.88683178642665, 19.199467988665504]}, "properties": {"city": "mumbai", "lst_c": 38.72}}, {"type": "Feature", "geometry": {"type": "Point", "coordinates": [72.8908742052052, 19.199467988665504]}, "properties": {"city": "mumbai", "lst_c": 39.22}}, {"type": "Feature", "geometry": {"type": "Point", "coordinates": [72.89491662398372, 19.199467988665504]}, "properties": {"city": "mumbai", "lst_c": 37.41}}, {"type": "Feature", "geometry": {"type": "Point", "coordinates": [72.89895904276226, 19.199467988665504]}, "properties": {"city": "mumbai", "lst_c": 36.85}}, {"type": "Feature", "geometry": {"type": "Point", "coordinates": [72.9030014615408, 19.199467988665504]}, "properties": {"city": "mumbai", "lst_c": 38.34}}, {"type": "Feature", "geometry": {"type": "Point", "coordinates": [72.90704388031934, 19.199467988665504]}, "properties": {"city": "mumbai", "lst_c": 38.14}}, {"type": "Feature", "geometry": {"type": "Point", "coordinates": [72.91108629909787, 19.199467988665504]}, "properties": {"city": "mumbai", "lst_c": 37.78}}, {"type": "Feature", "geometry": {"type": "Point", "coordinates": [72.91512871787641, 19.199467988665504]}, "properties": {"city": "mumbai", "lst_c": 39.35}}, {"type": "Feature", "geometry": {"type": "Point", "coordinates": [72.91917113665495, 19.199467988665504]}, "properties": {"city": "mumbai", "lst_c": 37.94}}, {"type": "Feature", "geometry": {"type": "Point", "coordinates": [72.92321355543349, 19.199467988665504]}, "properties": {"city": "mumbai", "lst_c": 35.83}}, {"type": "Feature", "geometry": {"type": "Point", "coordinates": [72.92725597421203, 19.199467988665504]}, "properties": {"city": "mumbai", "lst_c": 37.16}}, {"type": "Feature", "geometry": {"type": "Point", "coordinates": [72.93129839299057, 19.199467988665504]}, "properties": {"city": "mumbai", "lst_c": 34.47}}, {"type": "Feature", "geometry": {"type": "Point", "coordinates": [72.93534081176911, 19.199467988665504]}, "properties": {"city": "mumbai", "lst_c": 35.73}}, {"type": "Feature", "geometry": {"type": "Point", "coordinates": [72.93938323054765, 19.199467988665504]}, "properties": {"city": "mumbai", "lst_c": 40.27}}, {"type": "Feature", "geometry": {"type": "Point", "coordinates": [72.94342564932617, 19.199467988665504]}, "properties": {"city": "mumbai", "lst_c": 43.15}}, {"type": "Feature", "geometry": {"type": "Point", "coordinates": [72.94746806810471, 19.199467988665504]}, "properties": {"city": "mumbai", "lst_c": 42.77}}]}